max_fitness,coverage1,coverage2,coverage3
0.90859795,0.390625,2.6367188,2.734375
