max_fitness,coverage1,coverage2,coverage3
0.32839403,0.78125,4.8828125,1.6601562
