max_fitness,coverage1,coverage2,coverage3
-1.3987465,0.29296875,4.8828125,3.4179688
