max_fitness,coverage1,coverage2,coverage3
4.5786333,2.34375,2.34375,0.87890625
