max_fitness,coverage1,coverage2,coverage3
3.409402,4.7851562,4.296875,1.6601562
