max_fitness,coverage1,coverage2,coverage3
-2.7302167,3.0273438,4.8828125,2.34375
