max_fitness,coverage1,coverage2,coverage3
2.370763,0.1953125,1.7578125,2.1484375
