max_fitness,coverage1,coverage2,coverage3
2.990203,4.8828125,0.48828125,1.0742188
