max_fitness,coverage1,coverage2,coverage3
-0.21910514,0.09765625,3.515625,0.5859375
