max_fitness,coverage1,coverage2,coverage3
-1.5668654,4.8828125,1.7578125,3.125
