max_fitness,coverage1,coverage2,coverage3
7.463013,0.78125,4.8828125,3.0273438
