max_fitness,coverage1,coverage2,coverage3
-0.027123146,4.8828125,3.90625,2.0507812
