max_fitness,coverage1,coverage2,coverage3
1.4083993,0.48828125,1.953125,1.5625
