max_fitness,coverage1,coverage2,coverage3
5.2151575,3.125,1.4648438,2.2460938
