max_fitness,coverage1,coverage2,coverage3
4.7933583,1.2695312,4.8828125,1.171875
