max_fitness,coverage1,coverage2,coverage3
2.3192596,4.1992188,3.4179688,2.9296875
