max_fitness,coverage1,coverage2,coverage3
1.7354949,0.390625,0.5859375,0.87890625
