max_fitness,coverage1,coverage2,coverage3
1.2642754,4.8828125,3.4179688,3.4179688
