max_fitness,coverage1,coverage2,coverage3
3.3785155,0.48828125,4.8828125,2.0507812
