max_fitness,coverage1,coverage2,coverage3
-9.585028,0.48828125,1.953125,1.8554688
