max_fitness,coverage1,coverage2,coverage3
1.3780427,3.4179688,4.8828125,0.87890625
