max_fitness,coverage1,coverage2,coverage3
6.3461885,3.7109375,4.8828125,3.8085938
