max_fitness,coverage1,coverage2,coverage3
-3.9893963,0.1953125,4.8828125,1.4648438
