max_fitness,coverage1,coverage2,coverage3
6.373555,3.3203125,4.8828125,1.7578125
