max_fitness,coverage1,coverage2,coverage3
0.18517439,0.48828125,2.9296875,3.2226562
