max_fitness,coverage1,coverage2,coverage3
0.46008053,4.8828125,4.296875,1.8554688
