max_fitness,coverage1,coverage2,coverage3
3.2835245,4.8828125,1.2695312,1.171875
