max_fitness,coverage1,coverage2,coverage3
0.49763364,4.8828125,3.6132812,1.7578125
