max_fitness,coverage1,coverage2,coverage3
0.5169382,0.1953125,3.4179688,1.7578125
