max_fitness,coverage1,coverage2,coverage3
0.41525126,3.515625,4.8828125,3.2226562
