max_fitness,coverage1,coverage2,coverage3
0.8003799,2.2460938,4.8828125,1.0742188
