max_fitness,coverage1,coverage2,coverage3
-11.078911,0.29296875,4.8828125,2.734375
