max_fitness,coverage1,coverage2,coverage3
1.8681015,0.68359375,4.8828125,2.8320312
