max_fitness,coverage1,coverage2,coverage3
6.7040677,0.1953125,4.8828125,1.8554688
