max_fitness,coverage1,coverage2,coverage3
0.5279215,1.4648438,4.8828125,2.34375
