max_fitness,coverage1,coverage2,coverage3
2.6558135,3.515625,4.8828125,2.5390625
