max_fitness,coverage1,coverage2,coverage3
6.3060846,2.34375,1.7578125,2.0507812
