max_fitness,coverage1,coverage2,coverage3
1.0448115,0.29296875,3.3203125,1.5625
