max_fitness,coverage1,coverage2,coverage3
-11.110123,2.6367188,4.8828125,2.8320312
