max_fitness,coverage1,coverage2,coverage3
0.115351506,0.390625,1.953125,2.734375
