max_fitness,coverage1,coverage2,coverage3
1.36313,0.87890625,4.8828125,1.171875
