max_fitness,coverage1,coverage2,coverage3
2.702765,4.8828125,1.3671875,2.0507812
