max_fitness,coverage1,coverage2,coverage3
2.660655,0.29296875,3.8085938,1.8554688
