max_fitness,coverage1,coverage2,coverage3
1.1149453,1.4648438,1.7578125,1.171875
