max_fitness,coverage1,coverage2,coverage3
0.54697484,0.390625,0.78125,0.78125
