max_fitness,coverage1,coverage2,coverage3
0.29282385,0.29296875,2.8320312,2.2460938
