max_fitness,coverage1,coverage2,coverage3
0.38161045,4.8828125,0.87890625,0.29296875
