max_fitness,coverage1,coverage2,coverage3
0.0665974,0.09765625,3.7109375,3.7109375
