max_fitness,coverage1,coverage2,coverage3
-2.9017034,4.8828125,2.34375,1.6601562
