max_fitness,coverage1,coverage2,coverage3
-0.051818486,4.1992188,4.1992188,2.734375
