max_fitness,coverage1,coverage2,coverage3
1.4878985,0.1953125,3.125,1.171875
