max_fitness,coverage1,coverage2,coverage3
6.67115,4.8828125,1.171875,2.2460938
