max_fitness,coverage1,coverage2,coverage3
8.829586,0.1953125,4.8828125,2.8320312
