max_fitness,coverage1,coverage2,coverage3
6.782443,3.4179688,1.4648438,3.6132812
