max_fitness,coverage1,coverage2,coverage3
3.3280168,4.296875,3.3203125,3.125
