max_fitness,coverage1,coverage2,coverage3
0.047596943,0.390625,2.9296875,1.5625
