max_fitness,coverage1,coverage2,coverage3
-14.11687,0.1953125,2.5390625,2.0507812
