max_fitness,coverage1,coverage2,coverage3
-10.661359,0.1953125,4.8828125,2.2460938
