max_fitness,coverage1,coverage2,coverage3
0.17911085,4.8828125,2.734375,1.953125
