max_fitness,coverage1,coverage2,coverage3
2.3829553,0.48828125,1.7578125,2.1484375
