max_fitness,coverage1,coverage2,coverage3
2.3654861,0.1953125,3.3203125,3.4179688
