max_fitness,coverage1,coverage2,coverage3
4.2158017,4.8828125,3.8085938,2.4414062
