max_fitness,coverage1,coverage2,coverage3
-1.4398372,1.3671875,3.0273438,4.296875
