max_fitness,coverage1,coverage2,coverage3
1.3060402,4.8828125,1.6601562,0.9765625
