max_fitness,coverage1,coverage2,coverage3
0.7641029,4.8828125,3.125,2.4414062
