max_fitness,coverage1,coverage2,coverage3
9.001438,4.8828125,1.7578125,1.953125
