max_fitness,coverage1,coverage2,coverage3
0.33145577,2.2460938,4.8828125,0.78125
