max_fitness,coverage1,coverage2,coverage3
1.182532,0.09765625,0.9765625,1.3671875
