max_fitness,coverage1,coverage2,coverage3
0.48014218,3.125,1.4648438,0.5859375
