max_fitness,coverage1,coverage2,coverage3
1.3532455,0.1953125,2.5390625,0.87890625
