max_fitness,coverage1,coverage2,coverage3
0.21993317,0.390625,4.8828125,2.5390625
