max_fitness,coverage1,coverage2,coverage3
5.909738,4.8828125,1.953125,2.5390625
