max_fitness,coverage1,coverage2,coverage3
0.63927644,3.3203125,0.9765625,1.5625
