max_fitness,coverage1,coverage2,coverage3
0.17268156,4.8828125,4.4921875,1.4648438
