max_fitness,coverage1,coverage2,coverage3
5.063673,2.734375,1.953125,3.7109375
