max_fitness,coverage1,coverage2,coverage3
-2.8075619,2.4414062,2.2460938,2.1484375
