max_fitness,coverage1,coverage2,coverage3
0.13302623,2.6367188,1.4648438,1.3671875
