max_fitness,coverage1,coverage2,coverage3
3.8169968,2.9296875,1.5625,2.1484375
