max_fitness,coverage1,coverage2,coverage3
-0.07791799,0.5859375,3.2226562,3.125
