max_fitness,coverage1,coverage2,coverage3
8.043631,0.09765625,1.5625,3.2226562
