max_fitness,coverage1,coverage2,coverage3
0.8771086,2.9296875,2.6367188,1.2695312
