max_fitness,coverage1,coverage2,coverage3
1.8610591,0.29296875,4.8828125,2.8320312
