max_fitness,coverage1,coverage2,coverage3
0.8959146,0.390625,2.734375,1.3671875
