max_fitness,coverage1,coverage2,coverage3
2.2090447,0.1953125,2.8320312,2.8320312
