max_fitness,coverage1,coverage2,coverage3
1.2059178,0.1953125,2.4414062,1.4648438
