max_fitness,coverage1,coverage2,coverage3
-0.12183214,4.8828125,0.9765625,0.87890625
