max_fitness,coverage1,coverage2,coverage3
0.11911828,3.125,2.6367188,1.3671875
