max_fitness,coverage1,coverage2,coverage3
6.3058286,0.9765625,3.3203125,2.9296875
