max_fitness,coverage1,coverage2,coverage3
4.300002,0.1953125,4.8828125,1.171875
