max_fitness,coverage1,coverage2,coverage3
2.721217,1.6601562,4.8828125,2.5390625
