max_fitness,coverage1,coverage2,coverage3
-2.2898054,3.125,1.3671875,2.4414062
