max_fitness,coverage1,coverage2,coverage3
0.15745464,0.29296875,2.4414062,2.6367188
