max_fitness,coverage1,coverage2,coverage3
0.4837697,3.125,1.4648438,0.29296875
