max_fitness,coverage1,coverage2,coverage3
-0.3439047,4.8828125,0.48828125,0.68359375
