max_fitness,coverage1,coverage2,coverage3
2.3448124,0.68359375,4.8828125,3.3203125
