max_fitness,coverage1,coverage2,coverage3
0.45386624,0.09765625,4.8828125,1.171875
