max_fitness,coverage1,coverage2,coverage3
8.623091,0.1953125,3.125,2.4414062
