max_fitness,coverage1,coverage2,coverage3
5.797251,3.3203125,0.9765625,4.296875
