max_fitness,coverage1,coverage2,coverage3
0.10627119,0.09765625,1.953125,1.171875
