max_fitness,coverage1,coverage2,coverage3
2.6273937,4.8828125,4.6875,2.34375
