max_fitness,coverage1,coverage2,coverage3
0.33501443,4.1015625,4.8828125,3.7109375
