max_fitness,coverage1,coverage2,coverage3
-0.010292824,3.515625,2.0507812,0.87890625
