max_fitness,coverage1,coverage2,coverage3
2.2981079,4.8828125,0.9765625,0.9765625
