max_fitness,coverage1,coverage2,coverage3
1.4915688,3.515625,4.8828125,1.2695312
