max_fitness,coverage1,coverage2,coverage3
6.4287014,3.4179688,4.8828125,2.8320312
