max_fitness,coverage1,coverage2,coverage3
1.4924246,3.4179688,4.8828125,3.6132812
