max_fitness,coverage1,coverage2,coverage3
2.065644,1.2695312,1.953125,2.4414062
