max_fitness,coverage1,coverage2,coverage3
2.641718,4.1992188,1.953125,3.2226562
