max_fitness,coverage1,coverage2,coverage3
0.12157165,3.6132812,1.6601562,0.87890625
