max_fitness,coverage1,coverage2,coverage3
1.0377258,4.296875,3.90625,2.34375
