max_fitness,coverage1,coverage2,coverage3
1.6323401,0.48828125,1.7578125,3.515625
