max_fitness,coverage1,coverage2,coverage3
0.03277779,4.8828125,2.1484375,1.6601562
