max_fitness,coverage1,coverage2,coverage3
1.0362194,0.68359375,4.8828125,0.87890625
