max_fitness,coverage1,coverage2,coverage3
1.2062207,3.0273438,4.8828125,2.6367188
