max_fitness,coverage1,coverage2,coverage3
3.0283945,2.734375,4.8828125,2.34375
