max_fitness,coverage1,coverage2,coverage3
-1.6472982,0.09765625,1.7578125,3.6132812
