max_fitness,coverage1,coverage2,coverage3
0.0718402,4.4921875,4.1992188,2.5390625
