max_fitness,coverage1,coverage2,coverage3
2.9736314,0.48828125,0.5859375,1.171875
