max_fitness,coverage1,coverage2,coverage3
0.3938335,3.4179688,1.4648438,1.2695312
