max_fitness,coverage1,coverage2,coverage3
1.4104227,3.515625,4.8828125,1.8554688
