max_fitness,coverage1,coverage2,coverage3
2.9093874,4.8828125,2.4414062,2.5390625
