max_fitness,coverage1,coverage2,coverage3
0.6758944,1.6601562,2.734375,1.6601562
