max_fitness,coverage1,coverage2,coverage3
8.669813,3.7109375,4.8828125,1.6601562
