max_fitness,coverage1,coverage2,coverage3
6.1262503,2.5390625,1.7578125,2.1484375
