max_fitness,coverage1,coverage2,coverage3
3.935668,3.7109375,4.8828125,3.7109375
