max_fitness,coverage1,coverage2,coverage3
3.7383578,2.9296875,4.8828125,3.6132812
