max_fitness,coverage1,coverage2,coverage3
0.9966864,2.9296875,2.6367188,0.68359375
