max_fitness,coverage1,coverage2,coverage3
0.12652689,3.90625,4.8828125,1.6601562
