max_fitness,coverage1,coverage2,coverage3
8.488964,0.09765625,4.8828125,3.4179688
