max_fitness,coverage1,coverage2,coverage3
3.7241714,4.8828125,1.953125,1.953125
