max_fitness,coverage1,coverage2,coverage3
1.878026,4.8828125,1.8554688,2.0507812
