max_fitness,coverage1,coverage2,coverage3
3.2363622,2.734375,2.0507812,2.6367188
