max_fitness,coverage1,coverage2,coverage3
0.10775932,0.68359375,2.5390625,1.4648438
