max_fitness,coverage1,coverage2,coverage3
-8.782659,3.0273438,4.8828125,2.34375
