max_fitness,coverage1,coverage2,coverage3
0.75554776,0.1953125,3.2226562,2.6367188
