max_fitness,coverage1,coverage2,coverage3
4.3188343,4.8828125,3.6132812,2.9296875
