max_fitness,coverage1,coverage2,coverage3
5.840782,0.390625,4.8828125,4.3945312
