max_fitness,coverage1,coverage2,coverage3
5.6970367,4.8828125,1.6601562,3.125
