max_fitness,coverage1,coverage2,coverage3
-1.1619227,4.8828125,4.296875,4.1992188
