max_fitness,coverage1,coverage2,coverage3
0.5514875,2.5390625,4.8828125,1.6601562
