max_fitness,coverage1,coverage2,coverage3
0.6960295,0.1953125,3.6132812,3.6132812
