max_fitness,coverage1,coverage2,coverage3
0.9043451,2.4414062,2.2460938,1.4648438
