max_fitness,coverage1,coverage2,coverage3
-2.1188564,0.48828125,2.9296875,4.7851562
