max_fitness,coverage1,coverage2,coverage3
-1.623494,0.09765625,2.6367188,2.9296875
