max_fitness,coverage1,coverage2,coverage3
1.0891274,0.5859375,2.0507812,1.171875
