max_fitness,coverage1,coverage2,coverage3
0.38847733,0.09765625,2.1484375,1.0742188
