max_fitness,coverage1,coverage2,coverage3
1.8336456,0.09765625,1.7578125,3.0273438
