max_fitness,coverage1,coverage2,coverage3
0.69095135,3.125,2.9296875,1.6601562
