max_fitness,coverage1,coverage2,coverage3
5.2918158,0.09765625,3.3203125,2.8320312
