max_fitness,coverage1,coverage2,coverage3
0.17601742,0.09765625,1.953125,0.9765625
