max_fitness,coverage1,coverage2,coverage3
0.54031,3.515625,2.2460938,1.6601562
