max_fitness,coverage1,coverage2,coverage3
0.3553782,1.2695312,1.953125,1.3671875
