max_fitness,coverage1,coverage2,coverage3
5.675606,3.8085938,4.8828125,2.5390625
