max_fitness,coverage1,coverage2,coverage3
-16.240316,0.5859375,2.0507812,2.2460938
