max_fitness,coverage1,coverage2,coverage3
1.4821959,2.8320312,2.4414062,2.0507812
