max_fitness,coverage1,coverage2,coverage3
0.6688864,0.29296875,4.8828125,3.90625
