max_fitness,coverage1,coverage2,coverage3
2.9453435,0.1953125,4.8828125,2.6367188
