max_fitness,coverage1,coverage2,coverage3
0.44354853,0.29296875,1.5625,3.8085938
