max_fitness,coverage1,coverage2,coverage3
-0.13457027,0.1953125,2.5390625,1.3671875
