max_fitness,coverage1,coverage2,coverage3
-1.3799366,0.87890625,4.8828125,2.0507812
