max_fitness,coverage1,coverage2,coverage3
2.0883114,4.1015625,4.8828125,0.9765625
