max_fitness,coverage1,coverage2,coverage3
-1.4422963,4.1015625,4.8828125,2.8320312
