max_fitness,coverage1,coverage2,coverage3
0.37421158,0.29296875,2.9296875,1.953125
