max_fitness,coverage1,coverage2,coverage3
2.4400558,0.390625,1.8554688,3.2226562
