max_fitness,coverage1,coverage2,coverage3
0.2633297,3.515625,2.0507812,3.4179688
