max_fitness,coverage1,coverage2,coverage3
0.08832223,0.390625,3.125,1.8554688
