max_fitness,coverage1,coverage2,coverage3
4.2441335,3.3203125,4.8828125,2.2460938
