max_fitness,coverage1,coverage2,coverage3
3.9100134,0.68359375,2.9296875,3.515625
