max_fitness,coverage1,coverage2,coverage3
2.4046779,4.8828125,3.90625,1.4648438
