max_fitness,coverage1,coverage2,coverage3
0.5052822,0.09765625,3.8085938,1.4648438
