max_fitness,coverage1,coverage2,coverage3
3.7611153,2.5390625,2.1484375,1.6601562
