max_fitness,coverage1,coverage2,coverage3
5.9615407,2.34375,2.0507812,2.1484375
