max_fitness,coverage1,coverage2,coverage3
0.5734606,3.7109375,2.5390625,1.8554688
