max_fitness,coverage1,coverage2,coverage3
3.7145133,0.1953125,4.8828125,3.4179688
