max_fitness,coverage1,coverage2,coverage3
0.67072237,0.390625,2.34375,2.5390625
