max_fitness,coverage1,coverage2,coverage3
5.428255,4.1015625,2.4414062,2.5390625
