max_fitness,coverage1,coverage2,coverage3
-1.5597707,4.8828125,2.734375,3.2226562
