max_fitness,coverage1,coverage2,coverage3
0.062052235,2.1484375,4.8828125,1.0742188
