max_fitness,coverage1,coverage2,coverage3
-11.960833,1.5625,4.8828125,2.8320312
