max_fitness,coverage1,coverage2,coverage3
0.7632908,0.48828125,0.68359375,3.4179688
