max_fitness,coverage1,coverage2,coverage3
2.6121132,4.1992188,3.7109375,2.5390625
