max_fitness,coverage1,coverage2,coverage3
6.3060846,2.34375,4.8828125,2.1484375
