max_fitness,coverage1,coverage2,coverage3
2.836161,0.48828125,4.8828125,3.6132812
