max_fitness,coverage1,coverage2,coverage3
7.766859,2.34375,1.7578125,3.4179688
