max_fitness,coverage1,coverage2,coverage3
2.5386465,3.6132812,2.8320312,3.0273438
