max_fitness,coverage1,coverage2,coverage3
3.6896224,4.8828125,1.3671875,0.9765625
