max_fitness,coverage1,coverage2,coverage3
0.58087695,4.8828125,3.2226562,2.34375
