max_fitness,coverage1,coverage2,coverage3
6.170329,4.8828125,1.6601562,1.8554688
