max_fitness,coverage1,coverage2,coverage3
0.35252833,0.1953125,2.4414062,3.2226562
