max_fitness,coverage1,coverage2,coverage3
-0.30212146,0.9765625,2.5390625,2.4414062
