max_fitness,coverage1,coverage2,coverage3
2.729421,0.1953125,3.2226562,1.4648438
