max_fitness,coverage1,coverage2,coverage3
-4.6933427,3.4179688,4.8828125,1.953125
