max_fitness,coverage1,coverage2,coverage3
3.6936505,1.4648438,1.7578125,0.5859375
