max_fitness,coverage1,coverage2,coverage3
0.019237792,2.8320312,2.4414062,2.0507812
