max_fitness,coverage1,coverage2,coverage3
-0.21767743,0.5859375,4.8828125,2.734375
