max_fitness,coverage1,coverage2,coverage3
3.261798,3.515625,1.3671875,2.4414062
