max_fitness,coverage1,coverage2,coverage3
2.3112924,0.390625,3.515625,1.0742188
