max_fitness,coverage1,coverage2,coverage3
0.8747858,2.34375,2.34375,2.2460938
