max_fitness,coverage1,coverage2,coverage3
-0.041533936,0.1953125,1.8554688,2.9296875
