max_fitness,coverage1,coverage2,coverage3
-2.843146,0.390625,2.9296875,2.6367188
