max_fitness,coverage1,coverage2,coverage3
5.1829867,0.5859375,2.9296875,2.734375
