max_fitness,coverage1,coverage2,coverage3
1.6269118,4.8828125,3.3203125,2.8320312
