max_fitness,coverage1,coverage2,coverage3
-0.80366796,4.8828125,4.4921875,3.4179688
