max_fitness,coverage1,coverage2,coverage3
1.0379232,2.734375,1.953125,2.2460938
