max_fitness,coverage1,coverage2,coverage3
0.886651,0.5859375,3.2226562,0.78125
