max_fitness,coverage1,coverage2,coverage3
4.7334514,0.09765625,1.953125,2.6367188
