max_fitness,coverage1,coverage2,coverage3
7.2791224,0.1953125,3.2226562,3.515625
