max_fitness,coverage1,coverage2,coverage3
-13.632004,0.87890625,4.8828125,1.8554688
