max_fitness,coverage1,coverage2,coverage3
-0.16417521,4.8828125,4.296875,2.4414062
