max_fitness,coverage1,coverage2,coverage3
0.49176067,0.48828125,2.9296875,0.9765625
