max_fitness,coverage1,coverage2,coverage3
3.0561175,0.5859375,3.515625,1.953125
