max_fitness,coverage1,coverage2,coverage3
5.3719587,0.1953125,3.4179688,3.0273438
