max_fitness,coverage1,coverage2,coverage3
1.6464715,0.1953125,2.6367188,2.2460938
