max_fitness,coverage1,coverage2,coverage3
3.6661804,0.390625,3.125,2.1484375
