max_fitness,coverage1,coverage2,coverage3
2.116537,3.4179688,3.125,1.6601562
