max_fitness,coverage1,coverage2,coverage3
-2.1012573,3.3203125,1.8554688,2.1484375
