max_fitness,coverage1,coverage2,coverage3
3.9633377,4.8828125,3.0273438,2.1484375
