max_fitness,coverage1,coverage2,coverage3
-1.3831178,0.29296875,4.8828125,1.7578125
