max_fitness,coverage1,coverage2,coverage3
8.736814,4.8828125,2.34375,1.7578125
