max_fitness,coverage1,coverage2,coverage3
1.5585845,0.390625,2.6367188,2.0507812
