max_fitness,coverage1,coverage2,coverage3
2.7043273,4.8828125,1.6601562,2.0507812
