max_fitness,coverage1,coverage2,coverage3
-0.0021458892,4.5898438,3.4179688,2.734375
