max_fitness,coverage1,coverage2,coverage3
1.7723732,0.1953125,4.8828125,3.125
