max_fitness,coverage1,coverage2,coverage3
-2.0224798,4.8828125,2.734375,4.0039062
