max_fitness,coverage1,coverage2,coverage3
3.9633377,2.4414062,2.5390625,1.953125
