max_fitness,coverage1,coverage2,coverage3
0.7850035,1.6601562,2.734375,1.6601562
