max_fitness,coverage1,coverage2,coverage3
-2.2929778,0.48828125,4.8828125,2.34375
