max_fitness,coverage1,coverage2,coverage3
0.39112896,4.8828125,4.1015625,3.4179688
