max_fitness,coverage1,coverage2,coverage3
1.1910713,3.6132812,4.8828125,0.9765625
