max_fitness,coverage1,coverage2,coverage3
1.1000714,0.390625,2.734375,2.5390625
