max_fitness,coverage1,coverage2,coverage3
7.9101486,0.29296875,4.8828125,2.734375
