max_fitness,coverage1,coverage2,coverage3
0.69942635,2.6367188,1.6601562,3.125
