max_fitness,coverage1,coverage2,coverage3
1.2194059,2.6367188,2.2460938,1.4648438
