max_fitness,coverage1,coverage2,coverage3
1.1318725,2.6367188,4.8828125,0.9765625
