max_fitness,coverage1,coverage2,coverage3
1.7964671,0.09765625,3.0273438,1.5625
