max_fitness,coverage1,coverage2,coverage3
6.5788426,1.953125,2.0507812,1.6601562
