max_fitness,coverage1,coverage2,coverage3
-0.3830544,0.29296875,2.2460938,4.5898438
