max_fitness,coverage1,coverage2,coverage3
2.7323713,0.390625,3.125,2.6367188
