max_fitness,coverage1,coverage2,coverage3
0.10763624,3.7109375,2.734375,2.4414062
