max_fitness,coverage1,coverage2,coverage3
-14.370667,3.3203125,0.9765625,2.1484375
