max_fitness,coverage1,coverage2,coverage3
2.000931,3.125,1.4648438,0.87890625
