max_fitness,coverage1,coverage2,coverage3
2.4626248,4.8828125,3.6132812,3.2226562
