max_fitness,coverage1,coverage2,coverage3
6.6723175,0.29296875,2.2460938,3.515625
