max_fitness,coverage1,coverage2,coverage3
3.9601653,0.09765625,3.515625,2.1484375
