max_fitness,coverage1,coverage2,coverage3
1.7513536,3.515625,1.953125,2.734375
