max_fitness,coverage1,coverage2,coverage3
0.92443126,3.515625,3.125,0.87890625
