max_fitness,coverage1,coverage2,coverage3
-1.4190286,0.1953125,3.125,3.7109375
