max_fitness,coverage1,coverage2,coverage3
3.0513327,4.8828125,3.125,2.9296875
