max_fitness,coverage1,coverage2,coverage3
4.7244115,4.8828125,3.3203125,4.0039062
