max_fitness,coverage1,coverage2,coverage3
0.13791798,4.1015625,3.125,2.734375
