max_fitness,coverage1,coverage2,coverage3
2.3742802,2.6367188,1.6601562,2.0507812
