max_fitness,coverage1,coverage2,coverage3
0.04763415,3.2226562,2.734375,1.0742188
