max_fitness,coverage1,coverage2,coverage3
0.053058255,3.0273438,4.8828125,3.8085938
