max_fitness,coverage1,coverage2,coverage3
1.9362861,4.8828125,4.4921875,2.5390625
