max_fitness,coverage1,coverage2,coverage3
2.4751942,4.8828125,3.6132812,3.90625
