max_fitness,coverage1,coverage2,coverage3
4.4174976,0.5859375,2.734375,1.6601562
