max_fitness,coverage1,coverage2,coverage3
6.5652056,4.8828125,2.9296875,2.5390625
