max_fitness,coverage1,coverage2,coverage3
0.28108582,0.09765625,4.8828125,4.1015625
