max_fitness,coverage1,coverage2,coverage3
-1.439296,0.48828125,2.8320312,4.0039062
