max_fitness,coverage1,coverage2,coverage3
1.0181913,0.1953125,2.6367188,3.515625
