max_fitness,coverage1,coverage2,coverage3
0.54300755,4.7851562,4.296875,2.9296875
