max_fitness,coverage1,coverage2,coverage3
1.8273728,0.9765625,2.5390625,2.734375
