max_fitness,coverage1,coverage2,coverage3
0.119447745,0.390625,2.734375,2.734375
