max_fitness,coverage1,coverage2,coverage3
1.4590974,0.390625,0.78125,0.87890625
