max_fitness,coverage1,coverage2,coverage3
0.20950249,2.734375,2.34375,1.3671875
