max_fitness,coverage1,coverage2,coverage3
-0.29018766,1.7578125,1.0742188,3.6132812
