max_fitness,coverage1,coverage2,coverage3
1.8074299,0.1953125,2.4414062,3.125
