max_fitness,coverage1,coverage2,coverage3
1.3689697,4.6875,2.4414062,3.2226562
