max_fitness,coverage1,coverage2,coverage3
0.067067444,0.09765625,2.1484375,3.90625
