max_fitness,coverage1,coverage2,coverage3
0.37741593,0.29296875,3.3203125,3.4179688
