max_fitness,coverage1,coverage2,coverage3
2.6321428,4.0039062,4.8828125,1.7578125
