max_fitness,coverage1,coverage2,coverage3
0.45330143,3.90625,3.6132812,2.6367188
