max_fitness,coverage1,coverage2,coverage3
3.181484,0.09765625,4.8828125,1.4648438
