max_fitness,coverage1,coverage2,coverage3
1.1051009,4.7851562,4.296875,1.4648438
