max_fitness,coverage1,coverage2,coverage3
2.519104,4.8828125,0.9765625,2.34375
