max_fitness,coverage1,coverage2,coverage3
4.5103016,2.734375,4.8828125,2.1484375
