max_fitness,coverage1,coverage2,coverage3
-4.112451,4.0039062,3.515625,2.734375
