max_fitness,coverage1,coverage2,coverage3
-9.162881,0.5859375,2.734375,2.6367188
