max_fitness,coverage1,coverage2,coverage3
-1.4438112,1.4648438,4.8828125,2.734375
