max_fitness,coverage1,coverage2,coverage3
0.70924985,0.1953125,4.0039062,2.0507812
