max_fitness,coverage1,coverage2,coverage3
-13.443591,3.4179688,4.8828125,1.3671875
