max_fitness,coverage1,coverage2,coverage3
0.8583377,0.29296875,1.5625,1.0742188
