max_fitness,coverage1,coverage2,coverage3
5.681513,2.1484375,4.8828125,2.9296875
