max_fitness,coverage1,coverage2,coverage3
2.3946328,0.1953125,2.4414062,3.90625
