max_fitness,coverage1,coverage2,coverage3
1.9542978,0.29296875,3.8085938,2.734375
