max_fitness,coverage1,coverage2,coverage3
2.1906965,2.34375,4.8828125,4.1015625
