max_fitness,coverage1,coverage2,coverage3
1.3006898,3.515625,1.3671875,0.68359375
