max_fitness,coverage1,coverage2,coverage3
7.1607804,0.78125,3.0273438,3.2226562
