max_fitness,coverage1,coverage2,coverage3
0.63337106,4.1015625,3.90625,2.734375
