max_fitness,coverage1,coverage2,coverage3
0.032660242,4.3945312,3.90625,2.5390625
