max_fitness,coverage1,coverage2,coverage3
-0.6873824,4.8828125,2.9296875,3.4179688
