max_fitness,coverage1,coverage2,coverage3
1.8315974,4.0039062,4.8828125,2.1484375
