max_fitness,coverage1,coverage2,coverage3
0.66994864,4.8828125,3.6132812,3.6132812
