max_fitness,coverage1,coverage2,coverage3
2.3931835,3.3203125,0.9765625,1.171875
