max_fitness,coverage1,coverage2,coverage3
3.0745707,3.515625,4.8828125,2.8320312
