max_fitness,coverage1,coverage2,coverage3
0.20119567,0.78125,4.8828125,2.2460938
