max_fitness,coverage1,coverage2,coverage3
8.040899,3.0273438,1.953125,3.6132812
