max_fitness,coverage1,coverage2,coverage3
7.414419,0.29296875,3.3203125,3.2226562
