max_fitness,coverage1,coverage2,coverage3
0.6405797,0.09765625,1.7578125,3.3203125
