max_fitness,coverage1,coverage2,coverage3
3.955103,4.8828125,3.6132812,4.0039062
