max_fitness,coverage1,coverage2,coverage3
1.8343904,1.3671875,1.171875,2.1484375
