max_fitness,coverage1,coverage2,coverage3
5.650803,4.8828125,3.4179688,3.4179688
