max_fitness,coverage1,coverage2,coverage3
-1.4810305,3.3203125,1.8554688,3.3203125
