max_fitness,coverage1,coverage2,coverage3
1.226697,4.296875,3.3203125,1.8554688
