max_fitness,coverage1,coverage2,coverage3
1.6391554,0.68359375,4.8828125,1.6601562
