max_fitness,coverage1,coverage2,coverage3
1.8460748,1.4648438,4.8828125,2.2460938
