max_fitness,coverage1,coverage2,coverage3
0.06229638,2.5390625,1.7578125,1.8554688
