max_fitness,coverage1,coverage2,coverage3
1.5484707,4.8828125,3.125,2.8320312
