max_fitness,coverage1,coverage2,coverage3
0.82262665,3.515625,4.8828125,2.734375
