max_fitness,coverage1,coverage2,coverage3
8.751277,4.8828125,2.34375,3.2226562
