max_fitness,coverage1,coverage2,coverage3
0.41804612,3.4179688,4.8828125,3.2226562
