max_fitness,coverage1,coverage2,coverage3
0.023408623,3.90625,3.90625,2.34375
