max_fitness,coverage1,coverage2,coverage3
0.6524438,0.29296875,4.8828125,3.2226562
