max_fitness,coverage1,coverage2,coverage3
1.5126886,0.390625,0.5859375,2.2460938
