max_fitness,coverage1,coverage2,coverage3
0.57219267,4.8828125,2.2460938,3.2226562
