max_fitness,coverage1,coverage2,coverage3
3.5031326,4.8828125,0.5859375,1.2695312
