max_fitness,coverage1,coverage2,coverage3
2.406748,2.34375,2.0507812,1.8554688
