max_fitness,coverage1,coverage2,coverage3
1.0468045,4.296875,4.0039062,2.6367188
