max_fitness,coverage1,coverage2,coverage3
4.9949036,2.6367188,1.4648438,2.1484375
