max_fitness,coverage1,coverage2,coverage3
1.8953824,0.390625,4.8828125,1.5625
