max_fitness,coverage1,coverage2,coverage3
0.24811862,0.1953125,3.4179688,2.2460938
