max_fitness,coverage1,coverage2,coverage3
3.1752424,1.7578125,4.8828125,3.125
