max_fitness,coverage1,coverage2,coverage3
0.45973435,4.8828125,0.48828125,0.87890625
