max_fitness,coverage1,coverage2,coverage3
1.8766098,4.8828125,4.296875,2.5390625
