max_fitness,coverage1,coverage2,coverage3
-0.13329338,3.8085938,4.8828125,3.3203125
