max_fitness,coverage1,coverage2,coverage3
0.12010314,0.48828125,2.8320312,0.87890625
