max_fitness,coverage1,coverage2,coverage3
0.03278558,4.8828125,0.48828125,2.34375
