max_fitness,coverage1,coverage2,coverage3
1.5712523,0.29296875,3.8085938,2.1484375
