max_fitness,coverage1,coverage2,coverage3
3.9176118,4.8828125,3.8085938,3.8085938
