max_fitness,coverage1,coverage2,coverage3
4.3500013,0.48828125,0.5859375,2.8320312
