max_fitness,coverage1,coverage2,coverage3
1.2050929,0.1953125,3.4179688,2.1484375
