max_fitness,coverage1,coverage2,coverage3
3.4759367,2.5390625,2.5390625,2.2460938
