max_fitness,coverage1,coverage2,coverage3
1.1717771,0.390625,3.2226562,1.8554688
