max_fitness,coverage1,coverage2,coverage3
4.236587,2.5390625,2.1484375,3.2226562
