max_fitness,coverage1,coverage2,coverage3
1.911947,4.8828125,3.3203125,3.2226562
