max_fitness,coverage1,coverage2,coverage3
0.5404482,2.6367188,2.2460938,0.9765625
