max_fitness,coverage1,coverage2,coverage3
6.796126,2.2460938,4.8828125,3.515625
