max_fitness,coverage1,coverage2,coverage3
1.2692993,0.1953125,3.125,1.3671875
