max_fitness,coverage1,coverage2,coverage3
1.2666863,4.1015625,3.125,2.2460938
