max_fitness,coverage1,coverage2,coverage3
4.14796,3.515625,4.8828125,1.171875
