max_fitness,coverage1,coverage2,coverage3
1.7886133,4.8828125,3.4179688,2.9296875
