max_fitness,coverage1,coverage2,coverage3
7.622129,4.8828125,2.734375,3.4179688
