max_fitness,coverage1,coverage2,coverage3
-10.135784,0.390625,4.8828125,2.2460938
