max_fitness,coverage1,coverage2,coverage3
3.2526205,3.515625,4.8828125,2.734375
