max_fitness,coverage1,coverage2,coverage3
1.6153253,0.1953125,3.125,2.8320312
