max_fitness,coverage1,coverage2,coverage3
-1.3912811,3.515625,2.5390625,4.1015625
