max_fitness,coverage1,coverage2,coverage3
5.004794,0.390625,1.8554688,3.7109375
