max_fitness,coverage1,coverage2,coverage3
-1.5098822,2.5390625,1.7578125,3.6132812
