max_fitness,coverage1,coverage2,coverage3
2.4347906,0.29296875,4.8828125,4.0039062
