max_fitness,coverage1,coverage2,coverage3
0.21431032,0.1953125,1.5625,3.90625
