max_fitness,coverage1,coverage2,coverage3
0.21993317,0.390625,2.8320312,2.8320312
