max_fitness,coverage1,coverage2,coverage3
8.247043,2.1484375,4.8828125,3.0273438
