max_fitness,coverage1,coverage2,coverage3
-11.381277,0.09765625,1.7578125,2.2460938
