max_fitness,coverage1,coverage2,coverage3
0.17792103,0.390625,2.34375,3.3203125
