max_fitness,coverage1,coverage2,coverage3
1.7731818,3.0273438,4.8828125,1.2695312
