max_fitness,coverage1,coverage2,coverage3
6.167521,0.68359375,2.8320312,3.125
