max_fitness,coverage1,coverage2,coverage3
-0.04484498,3.7109375,4.8828125,2.1484375
