max_fitness,coverage1,coverage2,coverage3
0.23405662,1.4648438,4.8828125,3.90625
