max_fitness,coverage1,coverage2,coverage3
2.702765,4.1015625,4.8828125,2.34375
