max_fitness,coverage1,coverage2,coverage3
4.7251267,4.7851562,4.296875,3.125
