max_fitness,coverage1,coverage2,coverage3
1.8968948,4.8828125,1.6601562,2.34375
