max_fitness,coverage1,coverage2,coverage3
1.8446224,0.68359375,2.8320312,2.6367188
