max_fitness,coverage1,coverage2,coverage3
6.385821,0.78125,4.8828125,2.2460938
