max_fitness,coverage1,coverage2,coverage3
0.40635636,2.9296875,4.8828125,0.78125
