max_fitness,coverage1,coverage2,coverage3
0.3410864,1.4648438,1.7578125,3.515625
