max_fitness,coverage1,coverage2,coverage3
1.6233833,0.390625,4.8828125,0.9765625
