max_fitness,coverage1,coverage2,coverage3
1.5152078,4.8828125,3.4179688,1.171875
