max_fitness,coverage1,coverage2,coverage3
2.5705154,0.1953125,2.8320312,1.2695312
