max_fitness,coverage1,coverage2,coverage3
2.3999465,0.68359375,2.8320312,1.4648438
