max_fitness,coverage1,coverage2,coverage3
0.5407955,4.8828125,0.78125,0.48828125
