max_fitness,coverage1,coverage2,coverage3
5.54064,4.8828125,2.9296875,2.34375
