max_fitness,coverage1,coverage2,coverage3
-4.735789,0.9765625,1.2695312,1.953125
