max_fitness,coverage1,coverage2,coverage3
2.8752136,3.8085938,4.8828125,2.734375
