max_fitness,coverage1,coverage2,coverage3
-14.449897,0.29296875,3.8085938,2.4414062
