max_fitness,coverage1,coverage2,coverage3
6.190467,2.4414062,2.5390625,4.1015625
