max_fitness,coverage1,coverage2,coverage3
4.703799,3.4179688,4.8828125,2.1484375
