max_fitness,coverage1,coverage2,coverage3
0.311085,3.0273438,1.953125,1.0742188
