max_fitness,coverage1,coverage2,coverage3
2.7579777,3.3203125,2.34375,2.6367188
