max_fitness,coverage1,coverage2,coverage3
1.8997843,0.48828125,0.68359375,2.6367188
