max_fitness,coverage1,coverage2,coverage3
2.9303005,0.48828125,2.8320312,2.8320312
