max_fitness,coverage1,coverage2,coverage3
1.2770578,3.8085938,4.8828125,1.2695312
