max_fitness,coverage1,coverage2,coverage3
6.5276213,3.6132812,2.8320312,2.8320312
