max_fitness,coverage1,coverage2,coverage3
0.1469914,0.1953125,2.5390625,1.2695312
