max_fitness,coverage1,coverage2,coverage3
8.062506,2.4414062,1.6601562,3.2226562
