max_fitness,coverage1,coverage2,coverage3
6.270284,0.1953125,1.8554688,3.7109375
