max_fitness,coverage1,coverage2,coverage3
1.0635107,0.390625,0.78125,0.78125
