max_fitness,coverage1,coverage2,coverage3
6.3250303,0.09765625,4.8828125,2.2460938
