max_fitness,coverage1,coverage2,coverage3
-1.1127195,4.8828125,0.5859375,1.4648438
