max_fitness,coverage1,coverage2,coverage3
8.916133,0.09765625,3.0273438,3.515625
