max_fitness,coverage1,coverage2,coverage3
-0.22918268,4.8828125,3.4179688,3.8085938
