max_fitness,coverage1,coverage2,coverage3
4.9180417,3.8085938,4.8828125,1.0742188
