max_fitness,coverage1,coverage2,coverage3
5.0800295,3.6132812,2.8320312,2.8320312
