max_fitness,coverage1,coverage2,coverage3
1.821816,2.9296875,2.34375,2.34375
