max_fitness,coverage1,coverage2,coverage3
0.97407925,0.390625,2.734375,1.0742188
