max_fitness,coverage1,coverage2,coverage3
0.9483351,3.7109375,4.8828125,0.87890625
