max_fitness,coverage1,coverage2,coverage3
1.8420547,4.6875,2.4414062,3.8085938
