max_fitness,coverage1,coverage2,coverage3
0.39676866,2.6367188,2.6367188,1.7578125
