max_fitness,coverage1,coverage2,coverage3
7.3236456,0.1953125,3.125,4.1015625
