max_fitness,coverage1,coverage2,coverage3
1.9680183,0.29296875,3.3203125,2.734375
