max_fitness,coverage1,coverage2,coverage3
8.903488,0.390625,3.2226562,2.4414062
