max_fitness,coverage1,coverage2,coverage3
0.021686273,2.5390625,2.5390625,1.8554688
