max_fitness,coverage1,coverage2,coverage3
-3.5006304,1.2695312,1.953125,2.8320312
