max_fitness,coverage1,coverage2,coverage3
5.1705346,4.8828125,1.953125,1.8554688
