max_fitness,coverage1,coverage2,coverage3
-0.034041733,4.1992188,4.1992188,1.3671875
