max_fitness,coverage1,coverage2,coverage3
2.7156727,3.515625,4.8828125,1.8554688
