max_fitness,coverage1,coverage2,coverage3
0.016279047,4.6875,2.8320312,4.1015625
