max_fitness,coverage1,coverage2,coverage3
6.552769,0.1953125,4.8828125,3.2226562
