max_fitness,coverage1,coverage2,coverage3
5.7467055,3.7109375,2.734375,2.5390625
