max_fitness,coverage1,coverage2,coverage3
0.24481641,3.8085938,4.8828125,0.68359375
