max_fitness,coverage1,coverage2,coverage3
0.45518792,4.8828125,3.4179688,3.90625
