max_fitness,coverage1,coverage2,coverage3
0.8884422,3.125,2.9296875,1.3671875
