max_fitness,coverage1,coverage2,coverage3
8.2976885,4.3945312,4.8828125,3.0273438
