max_fitness,coverage1,coverage2,coverage3
2.4501774,0.390625,4.8828125,1.953125
