max_fitness,coverage1,coverage2,coverage3
0.70791507,4.6875,2.4414062,1.8554688
