max_fitness,coverage1,coverage2,coverage3
4.896141,0.68359375,2.8320312,3.3203125
