max_fitness,coverage1,coverage2,coverage3
7.0214486,4.8828125,3.125,3.4179688
