max_fitness,coverage1,coverage2,coverage3
1.6190453,0.29296875,1.5625,1.5625
