max_fitness,coverage1,coverage2,coverage3
0.34694192,4.8828125,2.0507812,0.87890625
