max_fitness,coverage1,coverage2,coverage3
-12.586002,1.7578125,4.8828125,1.8554688
