max_fitness,coverage1,coverage2,coverage3
2.6600592,4.8828125,4.5898438,2.6367188
