max_fitness,coverage1,coverage2,coverage3
0.17541625,2.6367188,2.5390625,0.9765625
