max_fitness,coverage1,coverage2,coverage3
8.957029,0.09765625,3.7109375,2.1484375
