max_fitness,coverage1,coverage2,coverage3
8.299678,0.09765625,3.515625,3.0273438
