max_fitness,coverage1,coverage2,coverage3
5.1005797,2.0507812,4.8828125,2.9296875
