max_fitness,coverage1,coverage2,coverage3
0.7814489,0.68359375,4.8828125,2.8320312
