max_fitness,coverage1,coverage2,coverage3
3.067864,2.6367188,1.7578125,2.1484375
