max_fitness,coverage1,coverage2,coverage3
1.4205931,4.8828125,4.296875,3.0273438
