max_fitness,coverage1,coverage2,coverage3
2.3988135,0.29296875,2.4414062,1.6601562
