max_fitness,coverage1,coverage2,coverage3
0.48570257,0.48828125,1.7578125,3.6132812
