max_fitness,coverage1,coverage2,coverage3
1.4489208,0.48828125,2.9296875,2.6367188
