max_fitness,coverage1,coverage2,coverage3
2.1551666,4.8828125,2.8320312,1.953125
