max_fitness,coverage1,coverage2,coverage3
1.5455629,0.29296875,1.5625,2.1484375
