max_fitness,coverage1,coverage2,coverage3
1.0422482,0.09765625,1.5625,1.953125
