max_fitness,coverage1,coverage2,coverage3
-14.532076,0.29296875,2.4414062,2.0507812
