max_fitness,coverage1,coverage2,coverage3
0.36342755,0.390625,0.78125,2.6367188
