max_fitness,coverage1,coverage2,coverage3
5.2576222,0.390625,4.8828125,2.1484375
