max_fitness,coverage1,coverage2,coverage3
5.2121735,4.1015625,3.125,3.0273438
