max_fitness,coverage1,coverage2,coverage3
-0.3161197,0.48828125,1.7578125,1.6601562
