max_fitness,coverage1,coverage2,coverage3
-1.708864,1.3671875,4.8828125,3.2226562
