max_fitness,coverage1,coverage2,coverage3
5.627952,4.3945312,3.90625,2.6367188
