max_fitness,coverage1,coverage2,coverage3
-3.5604792,0.48828125,0.5859375,2.6367188
