max_fitness,coverage1,coverage2,coverage3
6.47146,4.7851562,4.296875,2.6367188
