max_fitness,coverage1,coverage2,coverage3
0.42290607,0.48828125,4.8828125,1.0742188
