max_fitness,coverage1,coverage2,coverage3
4.0003977,0.78125,3.0273438,1.2695312
