max_fitness,coverage1,coverage2,coverage3
2.7422843,4.5898438,3.4179688,3.3203125
