max_fitness,coverage1,coverage2,coverage3
0.5167627,0.390625,4.8828125,3.90625
