max_fitness,coverage1,coverage2,coverage3
0.12402491,0.1953125,2.8320312,0.87890625
