max_fitness,coverage1,coverage2,coverage3
2.693794,3.7109375,4.8828125,2.5390625
