max_fitness,coverage1,coverage2,coverage3
1.8524942,3.6132812,1.6601562,2.8320312
