max_fitness,coverage1,coverage2,coverage3
1.7244896,0.09765625,2.6367188,2.0507812
