max_fitness,coverage1,coverage2,coverage3
8.221812,2.8320312,1.8554688,3.125
