max_fitness,coverage1,coverage2,coverage3
6.027551,4.1015625,4.8828125,3.0273438
