max_fitness,coverage1,coverage2,coverage3
5.1089478,0.87890625,4.8828125,3.125
