max_fitness,coverage1,coverage2,coverage3
-8.13897,4.8828125,4.296875,3.2226562
