max_fitness,coverage1,coverage2,coverage3
-0.42477804,3.90625,3.6132812,2.2460938
