max_fitness,coverage1,coverage2,coverage3
0.73149604,4.8828125,2.9296875,2.8320312
