max_fitness,coverage1,coverage2,coverage3
9.200988,1.3671875,1.171875,3.2226562
