max_fitness,coverage1,coverage2,coverage3
-0.43843544,0.29296875,3.3203125,1.171875
