max_fitness,coverage1,coverage2,coverage3
3.5183702,4.296875,4.0039062,1.3671875
