max_fitness,coverage1,coverage2,coverage3
0.02505371,4.3945312,4.8828125,0.78125
