max_fitness,coverage1,coverage2,coverage3
1.9391087,4.8828125,1.6601562,2.8320312
