max_fitness,coverage1,coverage2,coverage3
0.89444923,4.8828125,4.5898438,1.171875
