max_fitness,coverage1,coverage2,coverage3
7.5784955,4.8828125,2.9296875,3.515625
