max_fitness,coverage1,coverage2,coverage3
-1.9065121,0.1953125,4.8828125,2.8320312
