max_fitness,coverage1,coverage2,coverage3
-15.622984,2.9296875,4.8828125,1.4648438
