max_fitness,coverage1,coverage2,coverage3
0.7102588,1.5625,4.8828125,2.1484375
