max_fitness,coverage1,coverage2,coverage3
0.0140860835,4.8828125,4.4921875,1.953125
