max_fitness,coverage1,coverage2,coverage3
2.1901836,4.8828125,1.2695312,0.9765625
