max_fitness,coverage1,coverage2,coverage3
3.7629132,4.8828125,3.8085938,1.953125
