max_fitness,coverage1,coverage2,coverage3
-12.650444,0.87890625,4.8828125,2.2460938
