max_fitness,coverage1,coverage2,coverage3
0.39749095,4.8828125,3.3203125,1.5625
