max_fitness,coverage1,coverage2,coverage3
1.9012977,4.8828125,3.8085938,3.125
