max_fitness,coverage1,coverage2,coverage3
1.1966513,4.296875,3.90625,3.515625
