max_fitness,coverage1,coverage2,coverage3
1.8121254,3.6132812,2.8320312,2.6367188
