max_fitness,coverage1,coverage2,coverage3
4.4736695,0.1953125,4.0039062,3.0273438
