max_fitness,coverage1,coverage2,coverage3
10.262719,0.09765625,1.7578125,3.7109375
