max_fitness,coverage1,coverage2,coverage3
-10.365144,0.5859375,3.2226562,2.2460938
