max_fitness,coverage1,coverage2,coverage3
2.3405204,0.29296875,3.90625,3.8085938
