max_fitness,coverage1,coverage2,coverage3
7.00849,3.515625,4.8828125,3.4179688
