max_fitness,coverage1,coverage2,coverage3
-11.49099,2.5390625,4.8828125,2.2460938
