max_fitness,coverage1,coverage2,coverage3
3.5035846,4.8828125,0.48828125,0.9765625
