max_fitness,coverage1,coverage2,coverage3
4.211406,3.7109375,2.2460938,2.734375
