max_fitness,coverage1,coverage2,coverage3
2.7369304,2.6367188,4.8828125,1.7578125
