max_fitness,coverage1,coverage2,coverage3
0.6680852,0.48828125,4.8828125,1.2695312
