max_fitness,coverage1,coverage2,coverage3
-1.5449258,4.8828125,2.4414062,3.2226562
