max_fitness,coverage1,coverage2,coverage3
3.1687014,4.8828125,3.2226562,3.8085938
