max_fitness,coverage1,coverage2,coverage3
0.6922785,4.8828125,4.7851562,2.4414062
