max_fitness,coverage1,coverage2,coverage3
2.4554515,0.09765625,0.9765625,3.2226562
