max_fitness,coverage1,coverage2,coverage3
2.9741797,0.1953125,3.6132812,2.8320312
