max_fitness,coverage1,coverage2,coverage3
1.9575349,3.2226562,2.4414062,1.953125
