max_fitness,coverage1,coverage2,coverage3
4.0496035,4.8828125,2.6367188,1.5625
