max_fitness,coverage1,coverage2,coverage3
6.118403,2.734375,1.953125,3.4179688
