max_fitness,coverage1,coverage2,coverage3
1.8166915,0.48828125,0.5859375,2.1484375
