max_fitness,coverage1,coverage2,coverage3
0.20605838,0.09765625,2.2460938,1.3671875
