max_fitness,coverage1,coverage2,coverage3
0.8225788,4.3945312,4.8828125,0.5859375
