max_fitness,coverage1,coverage2,coverage3
1.7943747,3.3203125,4.8828125,2.8320312
