max_fitness,coverage1,coverage2,coverage3
1.9907644,0.5859375,4.8828125,2.2460938
