max_fitness,coverage1,coverage2,coverage3
2.3444927,4.5898438,3.3203125,2.6367188
