max_fitness,coverage1,coverage2,coverage3
0.94562924,0.68359375,4.8828125,1.3671875
