max_fitness,coverage1,coverage2,coverage3
1.2748077,2.5390625,1.171875,4.0039062
