max_fitness,coverage1,coverage2,coverage3
2.4903603,4.8828125,3.90625,3.4179688
