max_fitness,coverage1,coverage2,coverage3
0.35228395,0.390625,3.125,3.2226562
