max_fitness,coverage1,coverage2,coverage3
3.572346,4.8828125,3.2226562,1.8554688
