max_fitness,coverage1,coverage2,coverage3
6.2902207,0.09765625,3.515625,1.4648438
