max_fitness,coverage1,coverage2,coverage3
0.8090833,4.8828125,4.296875,0.87890625
