max_fitness,coverage1,coverage2,coverage3
-12.919954,2.2460938,4.8828125,1.5625
