max_fitness,coverage1,coverage2,coverage3
1.094916,0.390625,4.8828125,1.3671875
