max_fitness,coverage1,coverage2,coverage3
-1.4819989,0.29296875,3.8085938,2.9296875
