max_fitness,coverage1,coverage2,coverage3
5.873165,0.78125,4.8828125,3.4179688
