max_fitness,coverage1,coverage2,coverage3
-0.36748427,4.8828125,4.5898438,4.0039062
