max_fitness,coverage1,coverage2,coverage3
2.813457,4.8828125,1.6601562,2.2460938
