max_fitness,coverage1,coverage2,coverage3
3.7790308,4.0039062,2.2460938,2.1484375
