max_fitness,coverage1,coverage2,coverage3
4.2686553,2.6367188,4.8828125,2.0507812
