max_fitness,coverage1,coverage2,coverage3
3.6891506,0.09765625,4.8828125,1.3671875
