max_fitness,coverage1,coverage2,coverage3
1.6411661,0.09765625,3.8085938,3.0273438
