max_fitness,coverage1,coverage2,coverage3
1.8815536,3.125,1.3671875,3.0273438
