max_fitness,coverage1,coverage2,coverage3
0.382241,4.0039062,3.3203125,1.3671875
