max_fitness,coverage1,coverage2,coverage3
1.9684138,4.8828125,1.7578125,1.8554688
