max_fitness,coverage1,coverage2,coverage3
0.07194216,0.29296875,4.8828125,2.1484375
