max_fitness,coverage1,coverage2,coverage3
0.13478573,2.734375,2.0507812,2.0507812
