max_fitness,coverage1,coverage2,coverage3
2.0066743,4.8828125,1.953125,1.953125
