max_fitness,coverage1,coverage2,coverage3
1.4945396,2.8320312,4.8828125,0.9765625
