max_fitness,coverage1,coverage2,coverage3
-9.637798,4.1992188,4.8828125,2.34375
