max_fitness,coverage1,coverage2,coverage3
-0.305023,2.5390625,1.7578125,1.171875
