max_fitness,coverage1,coverage2,coverage3
3.1244574,4.8828125,0.87890625,1.171875
