max_fitness,coverage1,coverage2,coverage3
-0.051929012,0.09765625,1.7578125,0.87890625
