max_fitness,coverage1,coverage2,coverage3
3.0363846,4.8828125,2.4414062,2.34375
