max_fitness,coverage1,coverage2,coverage3
0.61450964,4.8828125,4.3945312,2.1484375
