max_fitness,coverage1,coverage2,coverage3
-11.113163,3.515625,4.8828125,1.953125
