max_fitness,coverage1,coverage2,coverage3
-1.4532851,1.4648438,1.7578125,3.6132812
