max_fitness,coverage1,coverage2,coverage3
2.7860472,0.1953125,4.8828125,1.8554688
