max_fitness,coverage1,coverage2,coverage3
0.1124005,4.0039062,3.3203125,2.5390625
