max_fitness,coverage1,coverage2,coverage3
1.0094687,2.5390625,2.4414062,0.5859375
