max_fitness,coverage1,coverage2,coverage3
-10.135784,0.390625,2.8320312,2.4414062
