max_fitness,coverage1,coverage2,coverage3
-9.772535,0.1953125,2.34375,3.2226562
