max_fitness,coverage1,coverage2,coverage3
6.806779,0.5859375,3.2226562,3.8085938
