max_fitness,coverage1,coverage2,coverage3
2.1385705,4.0039062,4.8828125,1.7578125
