max_fitness,coverage1,coverage2,coverage3
-0.2216421,1.4648438,4.8828125,3.2226562
