max_fitness,coverage1,coverage2,coverage3
0.61102754,0.390625,2.34375,0.87890625
