max_fitness,coverage1,coverage2,coverage3
6.5315423,0.1953125,3.3203125,3.3203125
