max_fitness,coverage1,coverage2,coverage3
-3.1782873,4.8828125,3.125,4.0039062
