max_fitness,coverage1,coverage2,coverage3
4.042727,0.390625,1.953125,3.7109375
