max_fitness,coverage1,coverage2,coverage3
3.3596792,0.09765625,2.1484375,2.734375
