max_fitness,coverage1,coverage2,coverage3
1.3419421,0.09765625,1.5625,3.0273438
