max_fitness,coverage1,coverage2,coverage3
0.7079086,4.7851562,4.296875,3.0273438
