max_fitness,coverage1,coverage2,coverage3
2.873835,4.8828125,2.9296875,2.4414062
