max_fitness,coverage1,coverage2,coverage3
1.8409317,4.8828125,2.6367188,1.953125
