max_fitness,coverage1,coverage2,coverage3
-13.791787,2.9296875,1.5625,1.8554688
