max_fitness,coverage1,coverage2,coverage3
-1.4789716,0.09765625,4.8828125,3.0273438
