max_fitness,coverage1,coverage2,coverage3
1.3417277,0.9765625,4.8828125,0.9765625
