max_fitness,coverage1,coverage2,coverage3
3.6580634,3.8085938,4.8828125,3.0273438
