max_fitness,coverage1,coverage2,coverage3
4.9924164,0.48828125,0.5859375,3.3203125
