max_fitness,coverage1,coverage2,coverage3
3.2301183,3.515625,2.6367188,2.734375
