max_fitness,coverage1,coverage2,coverage3
1.4974855,4.8828125,4.3945312,2.4414062
