max_fitness,coverage1,coverage2,coverage3
4.9929304,3.90625,3.6132812,1.5625
