max_fitness,coverage1,coverage2,coverage3
1.2644675,4.8828125,1.3671875,1.0742188
