max_fitness,coverage1,coverage2,coverage3
6.287274,1.7578125,1.0742188,0.68359375
