max_fitness,coverage1,coverage2,coverage3
9.045549,4.8828125,2.9296875,3.6132812
