max_fitness,coverage1,coverage2,coverage3
-1.257055,0.78125,3.0273438,3.6132812
