max_fitness,coverage1,coverage2,coverage3
4.94525,4.8828125,2.6367188,3.6132812
