max_fitness,coverage1,coverage2,coverage3
8.226713,4.1992188,4.1992188,3.3203125
