max_fitness,coverage1,coverage2,coverage3
2.847298,4.296875,4.0039062,2.34375
