max_fitness,coverage1,coverage2,coverage3
1.72639,2.8320312,2.4414062,1.8554688
