max_fitness,coverage1,coverage2,coverage3
8.697582,1.3671875,4.8828125,3.2226562
