max_fitness,coverage1,coverage2,coverage3
2.5157435,4.8828125,1.953125,1.0742188
