max_fitness,coverage1,coverage2,coverage3
-1.4855222,4.8828125,3.0273438,2.34375
