max_fitness,coverage1,coverage2,coverage3
-8.366469,0.68359375,4.8828125,3.90625
