max_fitness,coverage1,coverage2,coverage3
1.6540564,0.68359375,4.8828125,2.9296875
