max_fitness,coverage1,coverage2,coverage3
3.6295612,2.5390625,4.8828125,3.515625
