max_fitness,coverage1,coverage2,coverage3
0.09704716,0.5859375,4.8828125,0.9765625
