max_fitness,coverage1,coverage2,coverage3
2.3640115,4.8828125,2.9296875,3.125
