max_fitness,coverage1,coverage2,coverage3
6.1262503,3.8085938,4.8828125,2.1484375
