max_fitness,coverage1,coverage2,coverage3
2.6652725,0.09765625,3.7109375,2.34375
