max_fitness,coverage1,coverage2,coverage3
1.1176443,0.1953125,2.8320312,1.8554688
