max_fitness,coverage1,coverage2,coverage3
0.79614156,3.2226562,2.4414062,1.2695312
