max_fitness,coverage1,coverage2,coverage3
7.546537,3.90625,3.6132812,2.5390625
