max_fitness,coverage1,coverage2,coverage3
-0.31744188,0.1953125,1.5625,4.1015625
