max_fitness,coverage1,coverage2,coverage3
4.602294,3.4179688,4.8828125,0.78125
