max_fitness,coverage1,coverage2,coverage3
-1.4747195,2.734375,2.0507812,3.6132812
