max_fitness,coverage1,coverage2,coverage3
1.1228541,4.8828125,3.125,2.1484375
