max_fitness,coverage1,coverage2,coverage3
2.2641926,0.5859375,4.8828125,1.6601562
