max_fitness,coverage1,coverage2,coverage3
0.70750636,4.8828125,2.1484375,1.5625
