max_fitness,coverage1,coverage2,coverage3
4.7713776,2.5390625,1.7578125,1.2695312
