max_fitness,coverage1,coverage2,coverage3
4.6751266,2.1484375,4.8828125,3.0273438
