max_fitness,coverage1,coverage2,coverage3
5.4425235,0.09765625,1.7578125,0.68359375
