max_fitness,coverage1,coverage2,coverage3
7.1084657,4.8828125,2.0507812,2.6367188
