max_fitness,coverage1,coverage2,coverage3
7.885313,4.0039062,3.515625,3.0273438
