max_fitness,coverage1,coverage2,coverage3
0.47729155,2.9296875,2.34375,1.8554688
