max_fitness,coverage1,coverage2,coverage3
2.439056,0.29296875,4.8828125,3.8085938
