max_fitness,coverage1,coverage2,coverage3
3.794107,3.6132812,1.6601562,1.171875
