max_fitness,coverage1,coverage2,coverage3
2.0082774,3.7109375,2.2460938,2.9296875
