max_fitness,coverage1,coverage2,coverage3
0.16365157,0.29296875,3.125,2.5390625
