max_fitness,coverage1,coverage2,coverage3
1.0728127,4.1015625,3.125,2.6367188
