max_fitness,coverage1,coverage2,coverage3
1.1507816,0.5859375,4.8828125,1.953125
