max_fitness,coverage1,coverage2,coverage3
2.8893719,1.3671875,3.0273438,1.171875
