max_fitness,coverage1,coverage2,coverage3
2.6698952,3.515625,1.953125,2.5390625
