max_fitness,coverage1,coverage2,coverage3
1.7529188,4.5898438,3.3203125,2.4414062
