max_fitness,coverage1,coverage2,coverage3
1.683642,0.29296875,3.8085938,1.7578125
