max_fitness,coverage1,coverage2,coverage3
1.8639959,2.5390625,2.5390625,2.4414062
