max_fitness,coverage1,coverage2,coverage3
1.690565,3.90625,3.90625,2.0507812
