max_fitness,coverage1,coverage2,coverage3
0.052816983,0.390625,2.34375,3.4179688
