max_fitness,coverage1,coverage2,coverage3
1.7303581,0.09765625,3.515625,2.8320312
