max_fitness,coverage1,coverage2,coverage3
8.505789,4.8828125,4.4921875,3.4179688
