max_fitness,coverage1,coverage2,coverage3
0.21852176,0.09765625,3.3203125,3.2226562
