max_fitness,coverage1,coverage2,coverage3
6.2765727,4.8828125,3.0273438,3.90625
