max_fitness,coverage1,coverage2,coverage3
-8.584208,2.5390625,2.1484375,3.0273438
