max_fitness,coverage1,coverage2,coverage3
7.687852,4.8828125,1.2695312,2.34375
