max_fitness,coverage1,coverage2,coverage3
-2.3930595,0.78125,4.8828125,2.734375
