max_fitness,coverage1,coverage2,coverage3
1.5449518,4.296875,3.90625,2.5390625
