max_fitness,coverage1,coverage2,coverage3
-1.623214,0.29296875,3.125,2.1484375
