max_fitness,coverage1,coverage2,coverage3
-1.626919,0.78125,3.0273438,3.3203125
