max_fitness,coverage1,coverage2,coverage3
3.795027,0.5859375,4.8828125,3.6132812
