max_fitness,coverage1,coverage2,coverage3
7.670016,0.09765625,2.2460938,3.4179688
