max_fitness,coverage1,coverage2,coverage3
3.9828,2.5390625,4.8828125,1.171875
