max_fitness,coverage1,coverage2,coverage3
0.4764593,2.8320312,1.8554688,1.3671875
