max_fitness,coverage1,coverage2,coverage3
2.7748182,0.87890625,4.8828125,1.6601562
