max_fitness,coverage1,coverage2,coverage3
4.8807282,4.8828125,1.953125,1.5625
