max_fitness,coverage1,coverage2,coverage3
7.094506,4.8828125,2.2460938,3.3203125
