max_fitness,coverage1,coverage2,coverage3
1.8304816,4.8828125,3.6132812,3.90625
