max_fitness,coverage1,coverage2,coverage3
0.9111502,3.515625,4.8828125,1.3671875
