max_fitness,coverage1,coverage2,coverage3
1.6704141,1.953125,2.0507812,2.2460938
