max_fitness,coverage1,coverage2,coverage3
2.126594,1.7578125,4.8828125,2.8320312
