max_fitness,coverage1,coverage2,coverage3
2.7391837,0.29296875,3.125,2.2460938
