max_fitness,coverage1,coverage2,coverage3
0.5950091,0.48828125,2.9296875,1.953125
