max_fitness,coverage1,coverage2,coverage3
1.5569184,3.125,1.3671875,1.2695312
