max_fitness,coverage1,coverage2,coverage3
3.3715653,4.8828125,3.8085938,2.0507812
