max_fitness,coverage1,coverage2,coverage3
2.4265938,2.34375,1.7578125,2.4414062
