max_fitness,coverage1,coverage2,coverage3
3.6812882,4.0039062,3.515625,2.8320312
