max_fitness,coverage1,coverage2,coverage3
2.9427383,0.09765625,3.515625,2.5390625
