max_fitness,coverage1,coverage2,coverage3
-3.558892,3.515625,4.8828125,1.8554688
