max_fitness,coverage1,coverage2,coverage3
6.342865,4.8828125,1.2695312,2.5390625
