max_fitness,coverage1,coverage2,coverage3
2.4636986,4.8828125,1.953125,2.0507812
