max_fitness,coverage1,coverage2,coverage3
-0.17142074,0.09765625,3.8085938,2.5390625
