max_fitness,coverage1,coverage2,coverage3
0.16877815,1.4648438,1.7578125,0.9765625
