max_fitness,coverage1,coverage2,coverage3
-0.88630503,4.8828125,2.0507812,3.515625
