max_fitness,coverage1,coverage2,coverage3
6.2650776,4.1992188,3.4179688,2.8320312
