max_fitness,coverage1,coverage2,coverage3
1.0204461,3.4179688,1.4648438,0.78125
