max_fitness,coverage1,coverage2,coverage3
0.1276385,0.390625,4.8828125,3.0273438
