max_fitness,coverage1,coverage2,coverage3
1.3763262,4.8828125,0.9765625,1.6601562
