max_fitness,coverage1,coverage2,coverage3
0.35512918,4.8828125,2.9296875,4.1992188
