max_fitness,coverage1,coverage2,coverage3
0.6346647,0.390625,3.125,2.0507812
