max_fitness,coverage1,coverage2,coverage3
2.1067545,4.8828125,1.7578125,1.3671875
