max_fitness,coverage1,coverage2,coverage3
0.83204633,0.09765625,1.953125,0.87890625
