max_fitness,coverage1,coverage2,coverage3
1.640026,0.68359375,2.9296875,3.0273438
