max_fitness,coverage1,coverage2,coverage3
1.2331134,0.29296875,2.8320312,2.6367188
