max_fitness,coverage1,coverage2,coverage3
-0.05150415,4.1015625,4.8828125,1.4648438
