max_fitness,coverage1,coverage2,coverage3
0.22556876,4.4921875,3.90625,1.5625
