max_fitness,coverage1,coverage2,coverage3
0.57280797,4.8828125,2.6367188,3.0273438
