max_fitness,coverage1,coverage2,coverage3
3.302593,3.0273438,4.8828125,1.4648438
