max_fitness,coverage1,coverage2,coverage3
9.142731,4.8828125,2.6367188,3.90625
