max_fitness,coverage1,coverage2,coverage3
1.2209115,2.1484375,4.8828125,1.5625
