max_fitness,coverage1,coverage2,coverage3
5.10097,3.515625,1.3671875,2.0507812
