max_fitness,coverage1,coverage2,coverage3
5.840782,0.1953125,1.8554688,4.6875
