max_fitness,coverage1,coverage2,coverage3
5.172911,0.5859375,3.125,1.6601562
