max_fitness,coverage1,coverage2,coverage3
6.119418,2.734375,2.0507812,2.0507812
