max_fitness,coverage1,coverage2,coverage3
2.0067031,1.6601562,2.734375,2.34375
