max_fitness,coverage1,coverage2,coverage3
0.5040084,3.6132812,4.8828125,3.2226562
