max_fitness,coverage1,coverage2,coverage3
6.238997,4.8828125,2.34375,3.6132812
