max_fitness,coverage1,coverage2,coverage3
-4.982283,1.3671875,4.8828125,1.6601562
