max_fitness,coverage1,coverage2,coverage3
0.7781422,0.29296875,4.8828125,4.0039062
