max_fitness,coverage1,coverage2,coverage3
0.8898086,0.1953125,2.6367188,2.8320312
