max_fitness,coverage1,coverage2,coverage3
2.2893445,3.125,1.4648438,2.9296875
