max_fitness,coverage1,coverage2,coverage3
-0.05484059,0.390625,3.2226562,0.9765625
