max_fitness,coverage1,coverage2,coverage3
7.885313,0.1953125,4.8828125,3.90625
