max_fitness,coverage1,coverage2,coverage3
2.6437354,0.29296875,2.4414062,0.9765625
