max_fitness,coverage1,coverage2,coverage3
3.6790392,0.09765625,3.0273438,2.8320312
