max_fitness,coverage1,coverage2,coverage3
-0.14345732,0.48828125,4.8828125,1.4648438
