max_fitness,coverage1,coverage2,coverage3
-0.10949417,1.4648438,1.7578125,2.6367188
