max_fitness,coverage1,coverage2,coverage3
-1.4317082,2.5390625,1.171875,2.0507812
