max_fitness,coverage1,coverage2,coverage3
-2.3358145,0.29296875,4.8828125,2.6367188
