max_fitness,coverage1,coverage2,coverage3
-12.460184,4.8828125,2.734375,2.1484375
