max_fitness,coverage1,coverage2,coverage3
3.4347284,0.87890625,4.8828125,2.5390625
