max_fitness,coverage1,coverage2,coverage3
0.17286628,4.1015625,2.4414062,1.6601562
