max_fitness,coverage1,coverage2,coverage3
3.7682166,0.29296875,2.2460938,4.1015625
