max_fitness,coverage1,coverage2,coverage3
0.09438387,0.5859375,2.734375,1.3671875
