max_fitness,coverage1,coverage2,coverage3
7.2876096,0.390625,3.2226562,4.1992188
