max_fitness,coverage1,coverage2,coverage3
4.2117615,0.09765625,1.5625,4.1015625
