max_fitness,coverage1,coverage2,coverage3
-1.489945,4.8828125,1.953125,3.2226562
