max_fitness,coverage1,coverage2,coverage3
1.7263393,0.390625,0.78125,2.1484375
