max_fitness,coverage1,coverage2,coverage3
2.735375,4.8828125,1.171875,1.3671875
