max_fitness,coverage1,coverage2,coverage3
-0.24621771,0.390625,4.8828125,3.3203125
