max_fitness,coverage1,coverage2,coverage3
0.64519787,4.1992188,3.90625,1.4648438
