max_fitness,coverage1,coverage2,coverage3
8.902587,0.390625,4.8828125,3.0273438
