max_fitness,coverage1,coverage2,coverage3
0.26037297,0.390625,0.78125,0.390625
