max_fitness,coverage1,coverage2,coverage3
8.394779,4.1015625,4.8828125,3.125
