max_fitness,coverage1,coverage2,coverage3
1.9702593,1.6601562,2.734375,2.9296875
