max_fitness,coverage1,coverage2,coverage3
0.92024004,3.8085938,3.4179688,2.5390625
