max_fitness,coverage1,coverage2,coverage3
2.0766275,0.390625,3.125,2.8320312
