max_fitness,coverage1,coverage2,coverage3
0.17387027,2.734375,1.953125,1.7578125
