max_fitness,coverage1,coverage2,coverage3
2.660002,3.125,2.6367188,2.6367188
