max_fitness,coverage1,coverage2,coverage3
1.491046,4.296875,4.0039062,1.8554688
