max_fitness,coverage1,coverage2,coverage3
1.5806159,0.48828125,0.68359375,2.734375
