max_fitness,coverage1,coverage2,coverage3
6.6882253,4.8828125,3.125,3.2226562
