max_fitness,coverage1,coverage2,coverage3
2.3667245,0.390625,1.8554688,3.3203125
