max_fitness,coverage1,coverage2,coverage3
2.7625892,1.3671875,3.0273438,2.9296875
