max_fitness,coverage1,coverage2,coverage3
0.57374823,3.0273438,4.8828125,0.68359375
