max_fitness,coverage1,coverage2,coverage3
0.5292904,3.8085938,2.5390625,1.3671875
