max_fitness,coverage1,coverage2,coverage3
0.54448557,4.296875,3.3203125,2.2460938
