max_fitness,coverage1,coverage2,coverage3
0.0599455,2.9296875,2.34375,2.1484375
