max_fitness,coverage1,coverage2,coverage3
-9.306857,0.1953125,4.8828125,2.9296875
