max_fitness,coverage1,coverage2,coverage3
1.1799704,3.3203125,4.8828125,1.6601562
