max_fitness,coverage1,coverage2,coverage3
3.6152918,2.8320312,2.4414062,1.7578125
