max_fitness,coverage1,coverage2,coverage3
3.8649185,2.8320312,4.8828125,2.8320312
