max_fitness,coverage1,coverage2,coverage3
2.706535,4.8828125,3.4179688,3.0273438
