max_fitness,coverage1,coverage2,coverage3
2.3018854,2.5390625,4.8828125,2.1484375
