max_fitness,coverage1,coverage2,coverage3
7.3264933,2.9296875,2.34375,3.515625
