max_fitness,coverage1,coverage2,coverage3
6.857192,0.1953125,3.125,3.8085938
