max_fitness,coverage1,coverage2,coverage3
-0.0590433,0.68359375,4.8828125,0.9765625
