max_fitness,coverage1,coverage2,coverage3
2.6463513,3.4179688,1.4648438,1.953125
