max_fitness,coverage1,coverage2,coverage3
2.1058297,4.1992188,4.8828125,1.6601562
