max_fitness,coverage1,coverage2,coverage3
0.123794444,0.390625,2.734375,1.953125
