max_fitness,coverage1,coverage2,coverage3
0.82588977,0.1953125,1.8554688,1.7578125
