max_fitness,coverage1,coverage2,coverage3
1.1846831,0.390625,3.515625,1.6601562
