max_fitness,coverage1,coverage2,coverage3
1.5136039,4.1015625,3.7109375,2.734375
