max_fitness,coverage1,coverage2,coverage3
0.06886605,0.09765625,1.7578125,1.0742188
