max_fitness,coverage1,coverage2,coverage3
8.919008,0.09765625,4.8828125,3.7109375
