max_fitness,coverage1,coverage2,coverage3
3.9633377,2.2460938,4.8828125,2.0507812
