max_fitness,coverage1,coverage2,coverage3
1.0007151,2.6367188,2.5390625,0.78125
