max_fitness,coverage1,coverage2,coverage3
0.8357354,4.8828125,2.0507812,1.4648438
