max_fitness,coverage1,coverage2,coverage3
1.8506941,0.390625,2.4414062,2.5390625
