max_fitness,coverage1,coverage2,coverage3
1.2522466,2.6367188,1.7578125,0.78125
