max_fitness,coverage1,coverage2,coverage3
1.8955977,4.0039062,3.6132812,2.1484375
