max_fitness,coverage1,coverage2,coverage3
0.5026035,4.8828125,3.125,3.4179688
