max_fitness,coverage1,coverage2,coverage3
4.685981,4.8828125,4.4921875,3.0273438
