max_fitness,coverage1,coverage2,coverage3
0.17419457,0.09765625,3.7109375,1.6601562
