max_fitness,coverage1,coverage2,coverage3
-1.5400182,4.8828125,3.8085938,4.1015625
