max_fitness,coverage1,coverage2,coverage3
1.1792012,4.8828125,1.6601562,1.2695312
