max_fitness,coverage1,coverage2,coverage3
0.06244407,0.390625,2.8320312,1.953125
