max_fitness,coverage1,coverage2,coverage3
-0.1887431,0.09765625,3.7109375,0.9765625
