max_fitness,coverage1,coverage2,coverage3
-1.3677278,2.34375,1.7578125,3.0273438
