max_fitness,coverage1,coverage2,coverage3
1.3952341,0.1953125,2.34375,1.953125
