max_fitness,coverage1,coverage2,coverage3
-0.0074057095,0.29296875,4.8828125,0.48828125
