max_fitness,coverage1,coverage2,coverage3
5.8073993,2.4414062,1.8554688,3.0273438
