max_fitness,coverage1,coverage2,coverage3
0.107747,4.8828125,3.90625,1.2695312
