max_fitness,coverage1,coverage2,coverage3
1.2047572,3.7109375,4.8828125,0.9765625
