max_fitness,coverage1,coverage2,coverage3
3.0701337,3.90625,2.2460938,2.6367188
