max_fitness,coverage1,coverage2,coverage3
-4.334344,4.8828125,0.9765625,0.78125
