max_fitness,coverage1,coverage2,coverage3
5.482121,0.5859375,3.2226562,3.4179688
