max_fitness,coverage1,coverage2,coverage3
2.5678551,4.296875,3.515625,2.9296875
