max_fitness,coverage1,coverage2,coverage3
3.6234004,3.3203125,0.9765625,1.953125
