max_fitness,coverage1,coverage2,coverage3
0.20791823,2.5390625,2.5390625,1.953125
