max_fitness,coverage1,coverage2,coverage3
0.6677634,0.29296875,3.125,3.7109375
