max_fitness,coverage1,coverage2,coverage3
-0.0013968828,4.1015625,4.1015625,2.5390625
