max_fitness,coverage1,coverage2,coverage3
3.5353796,0.78125,3.0273438,1.953125
