max_fitness,coverage1,coverage2,coverage3
0.2600993,0.48828125,0.5859375,1.2695312
