max_fitness,coverage1,coverage2,coverage3
0.3800411,4.8828125,3.0273438,4.1992188
