max_fitness,coverage1,coverage2,coverage3
0.43044308,0.09765625,4.8828125,3.4179688
