max_fitness,coverage1,coverage2,coverage3
6.6909003,4.8828125,1.8554688,2.34375
