max_fitness,coverage1,coverage2,coverage3
0.3431768,4.4921875,3.90625,2.6367188
