max_fitness,coverage1,coverage2,coverage3
-2.0229828,0.29296875,2.8320312,4.8828125
