max_fitness,coverage1,coverage2,coverage3
4.3109097,2.734375,1.953125,2.9296875
