max_fitness,coverage1,coverage2,coverage3
-1.4665536,0.29296875,4.8828125,3.2226562
