max_fitness,coverage1,coverage2,coverage3
-9.451749,0.48828125,0.5859375,2.34375
