max_fitness,coverage1,coverage2,coverage3
1.9777399,4.5898438,3.4179688,2.4414062
