max_fitness,coverage1,coverage2,coverage3
4.033227,3.515625,4.8828125,3.0273438
