max_fitness,coverage1,coverage2,coverage3
0.5753077,2.5390625,1.7578125,1.8554688
