max_fitness,coverage1,coverage2,coverage3
6.2040195,0.1953125,4.8828125,3.6132812
