max_fitness,coverage1,coverage2,coverage3
0.572267,4.8828125,3.2226562,3.515625
