max_fitness,coverage1,coverage2,coverage3
8.639165,4.8828125,1.7578125,1.0742188
