max_fitness,coverage1,coverage2,coverage3
2.0079615,1.4648438,1.7578125,3.3203125
