max_fitness,coverage1,coverage2,coverage3
0.48503873,0.1953125,3.125,0.48828125
