max_fitness,coverage1,coverage2,coverage3
0.9901839,4.8828125,2.6367188,1.3671875
