max_fitness,coverage1,coverage2,coverage3
3.4433131,0.1953125,2.34375,1.3671875
