max_fitness,coverage1,coverage2,coverage3
-0.023872111,0.1953125,2.4414062,2.8320312
