max_fitness,coverage1,coverage2,coverage3
-1.4791139,0.1953125,3.6132812,3.6132812
