max_fitness,coverage1,coverage2,coverage3
2.0396373,0.5859375,2.0507812,1.0742188
