max_fitness,coverage1,coverage2,coverage3
-2.971305,0.390625,1.953125,3.6132812
