max_fitness,coverage1,coverage2,coverage3
1.5556432,3.3203125,4.8828125,3.6132812
