max_fitness,coverage1,coverage2,coverage3
2.105446,4.8828125,0.87890625,2.0507812
