max_fitness,coverage1,coverage2,coverage3
7.247223,4.8828125,4.1015625,3.0273438
