max_fitness,coverage1,coverage2,coverage3
0.26460308,0.1953125,1.8554688,3.4179688
