max_fitness,coverage1,coverage2,coverage3
-13.220907,0.390625,0.78125,1.0742188
