max_fitness,coverage1,coverage2,coverage3
0.11969222,4.8828125,4.6875,1.171875
