max_fitness,coverage1,coverage2,coverage3
4.580827,2.9296875,1.5625,3.4179688
