max_fitness,coverage1,coverage2,coverage3
3.6488962,4.8828125,3.6132812,2.6367188
