max_fitness,coverage1,coverage2,coverage3
0.051828887,4.8828125,2.734375,2.2460938
