max_fitness,coverage1,coverage2,coverage3
0.53932524,0.29296875,4.8828125,3.7109375
