max_fitness,coverage1,coverage2,coverage3
1.2862104,0.1953125,4.8828125,1.3671875
