max_fitness,coverage1,coverage2,coverage3
1.1229938,3.90625,3.90625,1.7578125
