max_fitness,coverage1,coverage2,coverage3
5.1397524,2.4414062,2.5390625,0.9765625
