max_fitness,coverage1,coverage2,coverage3
0.6829785,4.6875,2.4414062,1.7578125
