max_fitness,coverage1,coverage2,coverage3
4.955317,0.09765625,3.515625,2.34375
