max_fitness,coverage1,coverage2,coverage3
-3.247413,0.09765625,4.8828125,1.5625
