max_fitness,coverage1,coverage2,coverage3
1.773836,0.5859375,2.0507812,2.0507812
