max_fitness,coverage1,coverage2,coverage3
5.2355433,4.8828125,3.2226562,3.125
