max_fitness,coverage1,coverage2,coverage3
-0.971024,4.8828125,4.296875,3.6132812
