max_fitness,coverage1,coverage2,coverage3
6.2909474,0.78125,4.8828125,3.515625
