max_fitness,coverage1,coverage2,coverage3
4.5019107,3.515625,4.8828125,1.7578125
