max_fitness,coverage1,coverage2,coverage3
4.1824017,0.1953125,4.8828125,0.9765625
