max_fitness,coverage1,coverage2,coverage3
6.2110634,0.1953125,1.7578125,2.734375
