max_fitness,coverage1,coverage2,coverage3
1.6553385,4.8828125,3.0273438,2.734375
