max_fitness,coverage1,coverage2,coverage3
-0.33038563,0.29296875,3.3203125,3.0273438
