max_fitness,coverage1,coverage2,coverage3
-1.6155972,2.5390625,2.5390625,3.8085938
