max_fitness,coverage1,coverage2,coverage3
6.5040884,1.6601562,2.734375,2.4414062
