max_fitness,coverage1,coverage2,coverage3
-1.443687,1.3671875,3.0273438,4.1015625
