max_fitness,coverage1,coverage2,coverage3
0.5911052,0.48828125,2.9296875,2.5390625
