max_fitness,coverage1,coverage2,coverage3
3.6332493,4.8828125,2.2460938,1.953125
