max_fitness,coverage1,coverage2,coverage3
5.2106905,4.8828125,1.6601562,0.9765625
