max_fitness,coverage1,coverage2,coverage3
0.033168614,0.1953125,4.8828125,0.68359375
