max_fitness,coverage1,coverage2,coverage3
3.248779,2.5390625,1.3671875,1.5625
