max_fitness,coverage1,coverage2,coverage3
2.7174659,0.390625,3.515625,1.2695312
