max_fitness,coverage1,coverage2,coverage3
9.188238,0.1953125,2.8320312,2.4414062
