max_fitness,coverage1,coverage2,coverage3
-2.4274027,4.8828125,3.0273438,2.9296875
