max_fitness,coverage1,coverage2,coverage3
2.5577557,4.8828125,2.34375,1.5625
