max_fitness,coverage1,coverage2,coverage3
5.7404485,3.4179688,4.8828125,1.8554688
