max_fitness,coverage1,coverage2,coverage3
1.0837035,4.4921875,4.1992188,2.0507812
