max_fitness,coverage1,coverage2,coverage3
1.7897203,3.8085938,4.8828125,1.3671875
