max_fitness,coverage1,coverage2,coverage3
0.24589741,3.515625,2.5390625,0.78125
