max_fitness,coverage1,coverage2,coverage3
0.19593705,0.68359375,4.8828125,1.3671875
