max_fitness,coverage1,coverage2,coverage3
1.5225894,0.09765625,1.953125,2.2460938
