max_fitness,coverage1,coverage2,coverage3
2.4980335,0.1953125,4.8828125,3.515625
