max_fitness,coverage1,coverage2,coverage3
2.5013723,2.4414062,1.8554688,1.4648438
