max_fitness,coverage1,coverage2,coverage3
0.13697712,4.1992188,3.90625,1.8554688
