max_fitness,coverage1,coverage2,coverage3
1.7112337,0.48828125,4.8828125,3.515625
