max_fitness,coverage1,coverage2,coverage3
0.10355258,3.125,1.4648438,0.29296875
