max_fitness,coverage1,coverage2,coverage3
-1.8245105,4.8828125,3.2226562,4.0039062
