max_fitness,coverage1,coverage2,coverage3
0.20228419,0.68359375,2.5390625,2.9296875
