max_fitness,coverage1,coverage2,coverage3
0.7933644,0.1953125,2.6367188,3.3203125
