max_fitness,coverage1,coverage2,coverage3
1.7906047,4.8828125,3.8085938,3.0273438
