max_fitness,coverage1,coverage2,coverage3
-1.5615554,2.8320312,4.8828125,1.7578125
