max_fitness,coverage1,coverage2,coverage3
3.8958206,4.8828125,4.4921875,1.6601562
