max_fitness,coverage1,coverage2,coverage3
-1.4073416,0.09765625,1.5625,3.3203125
