max_fitness,coverage1,coverage2,coverage3
3.8396654,3.7109375,2.5390625,1.6601562
