max_fitness,coverage1,coverage2,coverage3
0.32228073,4.8828125,3.8085938,4.0039062
