max_fitness,coverage1,coverage2,coverage3
0.77705926,4.1992188,3.90625,1.7578125
