max_fitness,coverage1,coverage2,coverage3
-2.7067044,4.8828125,1.2695312,1.953125
