max_fitness,coverage1,coverage2,coverage3
2.5750108,3.515625,1.3671875,2.6367188
