max_fitness,coverage1,coverage2,coverage3
4.5857944,0.1953125,3.3203125,1.171875
