max_fitness,coverage1,coverage2,coverage3
4.505863,0.68359375,4.8828125,4.3945312
