max_fitness,coverage1,coverage2,coverage3
0.19939138,2.1484375,4.8828125,1.2695312
