max_fitness,coverage1,coverage2,coverage3
-2.4881356,4.296875,4.0039062,2.34375
