max_fitness,coverage1,coverage2,coverage3
0.6788572,0.390625,4.8828125,1.4648438
