max_fitness,coverage1,coverage2,coverage3
-2.2477884,0.390625,2.6367188,4.3945312
