max_fitness,coverage1,coverage2,coverage3
-12.535008,2.9296875,2.34375,2.6367188
