max_fitness,coverage1,coverage2,coverage3
-1.4976317,2.9296875,2.34375,3.2226562
