max_fitness,coverage1,coverage2,coverage3
0.23365898,0.29296875,3.125,1.2695312
