max_fitness,coverage1,coverage2,coverage3
2.3881505,0.390625,1.953125,3.8085938
