max_fitness,coverage1,coverage2,coverage3
3.3799496,1.3671875,3.0273438,3.7109375
