max_fitness,coverage1,coverage2,coverage3
-0.50018954,0.48828125,4.8828125,3.125
