max_fitness,coverage1,coverage2,coverage3
4.734145,0.5859375,2.734375,3.6132812
