max_fitness,coverage1,coverage2,coverage3
6.0808735,3.6132812,4.8828125,2.2460938
