max_fitness,coverage1,coverage2,coverage3
5.323986,3.125,2.6367188,2.1484375
