max_fitness,coverage1,coverage2,coverage3
2.3787436,3.125,1.3671875,1.4648438
