max_fitness,coverage1,coverage2,coverage3
0.7083172,0.1953125,2.34375,4.3945312
