max_fitness,coverage1,coverage2,coverage3
8.957451,0.09765625,3.7109375,4.1992188
