max_fitness,coverage1,coverage2,coverage3
0.8304855,4.8828125,1.6601562,1.2695312
