max_fitness,coverage1,coverage2,coverage3
-1.6404158,3.6132812,4.8828125,3.7109375
