max_fitness,coverage1,coverage2,coverage3
0.904728,0.1953125,3.125,1.0742188
