max_fitness,coverage1,coverage2,coverage3
-11.713315,0.09765625,4.8828125,2.1484375
