max_fitness,coverage1,coverage2,coverage3
0.891493,1.4648438,4.8828125,0.9765625
