max_fitness,coverage1,coverage2,coverage3
2.5998747,0.29296875,3.8085938,4.1015625
