max_fitness,coverage1,coverage2,coverage3
4.0839806,1.3671875,4.8828125,2.1484375
