max_fitness,coverage1,coverage2,coverage3
0.024627887,4.8828125,1.953125,1.4648438
