max_fitness,coverage1,coverage2,coverage3
7.630089,4.1992188,4.1992188,2.34375
