max_fitness,coverage1,coverage2,coverage3
1.369944,0.9765625,3.3203125,1.171875
