max_fitness,coverage1,coverage2,coverage3
5.8020782,4.8828125,2.6367188,2.34375
