max_fitness,coverage1,coverage2,coverage3
-11.462373,2.34375,2.0507812,2.5390625
