max_fitness,coverage1,coverage2,coverage3
-2.525635,3.90625,2.2460938,2.4414062
