max_fitness,coverage1,coverage2,coverage3
2.5916917,0.48828125,1.7578125,1.5625
