max_fitness,coverage1,coverage2,coverage3
2.2757418,3.4179688,4.8828125,2.0507812
