max_fitness,coverage1,coverage2,coverage3
-1.6790068,0.5859375,4.8828125,2.34375
