max_fitness,coverage1,coverage2,coverage3
2.420901,0.09765625,4.8828125,3.2226562
