max_fitness,coverage1,coverage2,coverage3
0.44223514,0.1953125,2.4414062,2.5390625
