max_fitness,coverage1,coverage2,coverage3
2.449306,0.09765625,3.8085938,3.0273438
