max_fitness,coverage1,coverage2,coverage3
-1.4273233,4.8828125,3.125,2.5390625
