max_fitness,coverage1,coverage2,coverage3
0.93961143,2.6367188,2.5390625,1.171875
