max_fitness,coverage1,coverage2,coverage3
2.5894835,4.8828125,4.296875,3.515625
