max_fitness,coverage1,coverage2,coverage3
1.2676333,4.8828125,3.0273438,1.2695312
