max_fitness,coverage1,coverage2,coverage3
2.6900938,0.390625,4.8828125,3.4179688
