max_fitness,coverage1,coverage2,coverage3
1.3774457,4.8828125,4.296875,3.125
