max_fitness,coverage1,coverage2,coverage3
1.0401905,4.8828125,1.2695312,0.78125
