max_fitness,coverage1,coverage2,coverage3
-1.4918141,0.390625,3.4179688,3.7109375
