max_fitness,coverage1,coverage2,coverage3
0.09630056,4.8828125,1.953125,1.5625
