max_fitness,coverage1,coverage2,coverage3
6.514806,0.09765625,2.2460938,2.8320312
