max_fitness,coverage1,coverage2,coverage3
2.5807836,2.4414062,2.5390625,2.1484375
