max_fitness,coverage1,coverage2,coverage3
4.3346086,4.8828125,3.90625,2.34375
