max_fitness,coverage1,coverage2,coverage3
-1.6013281,3.515625,2.5390625,3.515625
