max_fitness,coverage1,coverage2,coverage3
0.9416373,2.4414062,2.5390625,0.5859375
