max_fitness,coverage1,coverage2,coverage3
3.9677336,0.1953125,4.8828125,3.2226562
