max_fitness,coverage1,coverage2,coverage3
0.1127039,4.296875,3.3203125,1.953125
