max_fitness,coverage1,coverage2,coverage3
0.28756386,3.6132812,2.8320312,1.8554688
