max_fitness,coverage1,coverage2,coverage3
0.43362904,0.5859375,2.0507812,3.2226562
