max_fitness,coverage1,coverage2,coverage3
0.8328352,4.8828125,1.8554688,0.5859375
