max_fitness,coverage1,coverage2,coverage3
1.4549495,0.48828125,4.8828125,1.3671875
