max_fitness,coverage1,coverage2,coverage3
-11.46202,0.09765625,3.0273438,2.4414062
