max_fitness,coverage1,coverage2,coverage3
2.89328,0.9765625,3.3203125,1.4648438
