max_fitness,coverage1,coverage2,coverage3
5.8149486,4.0039062,3.3203125,2.734375
