max_fitness,coverage1,coverage2,coverage3
3.6207883,4.1015625,4.8828125,1.6601562
