max_fitness,coverage1,coverage2,coverage3
0.19990686,3.7109375,2.5390625,2.0507812
