max_fitness,coverage1,coverage2,coverage3
0.19591053,0.390625,4.8828125,1.3671875
