max_fitness,coverage1,coverage2,coverage3
1.6509073,2.34375,2.0507812,1.953125
