max_fitness,coverage1,coverage2,coverage3
7.9101486,0.390625,3.515625,2.9296875
