max_fitness,coverage1,coverage2,coverage3
2.9406922,3.515625,4.8828125,3.0273438
