max_fitness,coverage1,coverage2,coverage3
3.1698248,4.1992188,3.4179688,2.8320312
