max_fitness,coverage1,coverage2,coverage3
4.7713776,4.8828125,1.953125,1.171875
