max_fitness,coverage1,coverage2,coverage3
2.2485425,4.6875,2.4414062,3.515625
