max_fitness,coverage1,coverage2,coverage3
0.21673301,0.390625,2.734375,0.9765625
