max_fitness,coverage1,coverage2,coverage3
-12.666189,3.7109375,4.8828125,1.6601562
