max_fitness,coverage1,coverage2,coverage3
1.9213978,4.1015625,4.8828125,2.1484375
