max_fitness,coverage1,coverage2,coverage3
4.7540913,0.1953125,3.4179688,2.9296875
