max_fitness,coverage1,coverage2,coverage3
0.34091648,0.09765625,1.953125,4.1992188
