max_fitness,coverage1,coverage2,coverage3
1.3330684,4.8828125,3.125,2.0507812
