max_fitness,coverage1,coverage2,coverage3
-0.41450706,3.90625,2.2460938,3.90625
