max_fitness,coverage1,coverage2,coverage3
0.9491397,4.296875,3.3203125,2.34375
