max_fitness,coverage1,coverage2,coverage3
0.40805572,0.390625,2.734375,3.0273438
