max_fitness,coverage1,coverage2,coverage3
2.3485022,0.78125,2.8320312,3.3203125
