max_fitness,coverage1,coverage2,coverage3
0.11996098,0.390625,2.34375,1.7578125
