max_fitness,coverage1,coverage2,coverage3
-0.24710923,4.3945312,3.90625,2.8320312
