max_fitness,coverage1,coverage2,coverage3
-0.39984995,4.1015625,4.8828125,2.4414062
