max_fitness,coverage1,coverage2,coverage3
2.1880066,4.4921875,4.1992188,3.3203125
