max_fitness,coverage1,coverage2,coverage3
0.6233554,4.8828125,3.4179688,1.953125
