max_fitness,coverage1,coverage2,coverage3
2.6569715,4.8828125,2.6367188,2.6367188
