max_fitness,coverage1,coverage2,coverage3
-3.5297332,3.6132812,4.8828125,2.6367188
