max_fitness,coverage1,coverage2,coverage3
0.44570807,2.8320312,4.8828125,2.34375
