max_fitness,coverage1,coverage2,coverage3
4.7713776,3.8085938,4.8828125,1.4648438
