max_fitness,coverage1,coverage2,coverage3
0.0028538327,0.68359375,2.8320312,1.6601562
