max_fitness,coverage1,coverage2,coverage3
2.66814,4.8828125,0.48828125,0.87890625
