max_fitness,coverage1,coverage2,coverage3
4.2881794,4.8828125,3.4179688,3.90625
