max_fitness,coverage1,coverage2,coverage3
3.0803165,3.8085938,4.8828125,1.8554688
