max_fitness,coverage1,coverage2,coverage3
1.5597582,0.9765625,3.3203125,2.2460938
