max_fitness,coverage1,coverage2,coverage3
0.244341,2.734375,1.953125,2.1484375
