max_fitness,coverage1,coverage2,coverage3
1.3035915,1.3671875,2.0507812,1.2695312
