max_fitness,coverage1,coverage2,coverage3
4.1466784,0.29296875,3.3203125,2.4414062
