max_fitness,coverage1,coverage2,coverage3
1.3159878,2.1484375,4.8828125,1.4648438
