max_fitness,coverage1,coverage2,coverage3
0.5492844,3.0273438,1.953125,1.953125
