max_fitness,coverage1,coverage2,coverage3
3.2115626,4.8828125,2.6367188,1.6601562
