max_fitness,coverage1,coverage2,coverage3
2.7819161,4.8828125,1.3671875,0.9765625
