max_fitness,coverage1,coverage2,coverage3
1.7360653,0.48828125,4.8828125,4.0039062
