max_fitness,coverage1,coverage2,coverage3
0.06530462,4.8828125,2.734375,2.8320312
