max_fitness,coverage1,coverage2,coverage3
-2.071463,4.8828125,1.171875,2.8320312
