max_fitness,coverage1,coverage2,coverage3
1.8828754,4.8828125,2.2460938,3.125
