max_fitness,coverage1,coverage2,coverage3
4.7933583,1.6601562,2.734375,1.171875
