max_fitness,coverage1,coverage2,coverage3
3.6525078,0.390625,4.8828125,1.171875
