max_fitness,coverage1,coverage2,coverage3
0.54822046,2.9296875,4.8828125,3.4179688
