max_fitness,coverage1,coverage2,coverage3
6.3125653,4.8828125,3.3203125,2.9296875
