max_fitness,coverage1,coverage2,coverage3
1.3333832,4.1992188,3.90625,1.0742188
