max_fitness,coverage1,coverage2,coverage3
-10.692491,2.34375,4.8828125,2.9296875
