max_fitness,coverage1,coverage2,coverage3
6.2207575,0.09765625,4.8828125,3.515625
