max_fitness,coverage1,coverage2,coverage3
2.8443458,0.29296875,3.125,2.4414062
