max_fitness,coverage1,coverage2,coverage3
0.73441654,4.8828125,1.953125,1.4648438
