max_fitness,coverage1,coverage2,coverage3
0.12145472,3.125,2.9296875,0.9765625
