max_fitness,coverage1,coverage2,coverage3
0.62351096,2.5390625,1.7578125,3.2226562
