max_fitness,coverage1,coverage2,coverage3
0.37703353,3.515625,1.3671875,0.9765625
