max_fitness,coverage1,coverage2,coverage3
3.0259745,4.1015625,4.8828125,3.0273438
