max_fitness,coverage1,coverage2,coverage3
-0.16404562,2.9296875,2.6367188,1.171875
