max_fitness,coverage1,coverage2,coverage3
1.741617,0.390625,0.78125,2.0507812
