max_fitness,coverage1,coverage2,coverage3
0.18640639,2.6367188,2.6367188,2.1484375
