max_fitness,coverage1,coverage2,coverage3
2.5198631,4.1992188,3.4179688,3.515625
