max_fitness,coverage1,coverage2,coverage3
9.130081,1.953125,2.6367188,2.4414062
