max_fitness,coverage1,coverage2,coverage3
0.7257387,3.0273438,4.8828125,1.6601562
