max_fitness,coverage1,coverage2,coverage3
-4.1618085,0.09765625,1.953125,1.5625
