max_fitness,coverage1,coverage2,coverage3
9.597382,3.3203125,4.8828125,3.3203125
