max_fitness,coverage1,coverage2,coverage3
3.0351827,4.5898438,3.4179688,3.0273438
