max_fitness,coverage1,coverage2,coverage3
4.0801177,4.8828125,3.0273438,1.953125
