max_fitness,coverage1,coverage2,coverage3
2.4093359,2.5390625,2.5390625,2.34375
