max_fitness,coverage1,coverage2,coverage3
2.4164298,0.5859375,4.8828125,2.9296875
