max_fitness,coverage1,coverage2,coverage3
2.2820363,4.8828125,3.125,2.4414062
