max_fitness,coverage1,coverage2,coverage3
1.7966611,4.6875,2.4414062,2.1484375
