max_fitness,coverage1,coverage2,coverage3
1.3765755,2.9296875,2.34375,1.3671875
