max_fitness,coverage1,coverage2,coverage3
1.5024142,4.1992188,3.7109375,2.2460938
