max_fitness,coverage1,coverage2,coverage3
3.8350563,0.5859375,4.8828125,2.4414062
