max_fitness,coverage1,coverage2,coverage3
3.0689282,3.7109375,2.734375,2.34375
