max_fitness,coverage1,coverage2,coverage3
-11.958508,0.68359375,4.8828125,2.0507812
