max_fitness,coverage1,coverage2,coverage3
1.8424348,4.8828125,4.6875,2.2460938
