max_fitness,coverage1,coverage2,coverage3
-11.181105,2.6367188,1.4648438,2.4414062
