max_fitness,coverage1,coverage2,coverage3
2.6170154,0.09765625,3.7109375,3.3203125
