max_fitness,coverage1,coverage2,coverage3
0.16521853,0.1953125,2.5390625,3.2226562
