max_fitness,coverage1,coverage2,coverage3
5.3164835,0.68359375,4.8828125,2.4414062
