max_fitness,coverage1,coverage2,coverage3
0.14627771,4.8828125,2.34375,1.2695312
