max_fitness,coverage1,coverage2,coverage3
2.3648164,0.1953125,3.2226562,3.3203125
