max_fitness,coverage1,coverage2,coverage3
1.9550686,4.8828125,4.4921875,3.125
