max_fitness,coverage1,coverage2,coverage3
-11.270365,3.4179688,4.8828125,3.125
