max_fitness,coverage1,coverage2,coverage3
4.892225,4.8828125,3.8085938,3.125
