max_fitness,coverage1,coverage2,coverage3
-5.645361,4.8828125,4.7851562,2.0507812
