max_fitness,coverage1,coverage2,coverage3
6.5423565,4.1015625,4.8828125,4.1992188
