max_fitness,coverage1,coverage2,coverage3
-0.65006346,4.8828125,1.6601562,4.1015625
