max_fitness,coverage1,coverage2,coverage3
0.6346647,4.8828125,3.2226562,1.8554688
