max_fitness,coverage1,coverage2,coverage3
3.7129836,4.1992188,3.90625,2.6367188
