max_fitness,coverage1,coverage2,coverage3
1.9259619,4.8828125,1.6601562,2.6367188
