max_fitness,coverage1,coverage2,coverage3
-0.89612657,0.48828125,4.8828125,3.125
