max_fitness,coverage1,coverage2,coverage3
4.488483,3.515625,4.8828125,1.2695312
