max_fitness,coverage1,coverage2,coverage3
0.17278603,3.3203125,0.9765625,1.2695312
