max_fitness,coverage1,coverage2,coverage3
6.912927,4.3945312,4.8828125,4.1015625
