max_fitness,coverage1,coverage2,coverage3
5.223489,2.0507812,4.8828125,4.1015625
