max_fitness,coverage1,coverage2,coverage3
-0.15191704,4.8828125,1.3671875,2.9296875
