max_fitness,coverage1,coverage2,coverage3
2.8585854,0.09765625,4.8828125,2.8320312
