max_fitness,coverage1,coverage2,coverage3
6.429004,4.8828125,3.4179688,3.125
