max_fitness,coverage1,coverage2,coverage3
3.9782002,0.78125,2.8320312,1.953125
