max_fitness,coverage1,coverage2,coverage3
3.5425518,4.8828125,4.3945312,1.5625
