max_fitness,coverage1,coverage2,coverage3
2.7376842,4.0039062,3.515625,2.734375
