max_fitness,coverage1,coverage2,coverage3
0.11740572,0.390625,4.8828125,1.8554688
