max_fitness,coverage1,coverage2,coverage3
0.06847842,2.9296875,4.8828125,3.0273438
