max_fitness,coverage1,coverage2,coverage3
2.0019207,3.515625,2.5390625,2.34375
