max_fitness,coverage1,coverage2,coverage3
0.65930754,3.8085938,2.5390625,1.5625
