max_fitness,coverage1,coverage2,coverage3
-11.189601,2.6367188,2.6367188,2.734375
