max_fitness,coverage1,coverage2,coverage3
0.62400013,0.390625,2.734375,0.5859375
