max_fitness,coverage1,coverage2,coverage3
0.07281704,0.68359375,2.8320312,2.0507812
