max_fitness,coverage1,coverage2,coverage3
0.777232,4.8828125,1.171875,1.5625
