max_fitness,coverage1,coverage2,coverage3
0.29612303,0.68359375,4.8828125,2.8320312
