max_fitness,coverage1,coverage2,coverage3
3.0732799,0.9765625,3.3203125,2.5390625
