max_fitness,coverage1,coverage2,coverage3
1.7534664,0.09765625,4.8828125,2.5390625
