max_fitness,coverage1,coverage2,coverage3
2.8442912,0.09765625,2.1484375,1.7578125
