max_fitness,coverage1,coverage2,coverage3
0.27087837,4.8828125,3.6132812,1.6601562
