max_fitness,coverage1,coverage2,coverage3
-0.4851347,1.7578125,4.8828125,3.0273438
