max_fitness,coverage1,coverage2,coverage3
3.1666267,0.1953125,4.8828125,2.9296875
