max_fitness,coverage1,coverage2,coverage3
0.53766364,0.5859375,2.734375,1.2695312
