max_fitness,coverage1,coverage2,coverage3
0.8173253,3.125,1.4648438,2.0507812
