max_fitness,coverage1,coverage2,coverage3
4.5321116,3.3203125,1.8554688,0.9765625
