max_fitness,coverage1,coverage2,coverage3
0.8535912,0.09765625,2.6367188,0.9765625
