max_fitness,coverage1,coverage2,coverage3
0.2990653,0.09765625,2.2460938,2.734375
