max_fitness,coverage1,coverage2,coverage3
0.039157588,2.734375,2.34375,0.9765625
