max_fitness,coverage1,coverage2,coverage3
0.64718044,0.1953125,2.6367188,1.8554688
