max_fitness,coverage1,coverage2,coverage3
1.580183,0.68359375,4.8828125,2.9296875
