max_fitness,coverage1,coverage2,coverage3
2.9802353,1.4648438,4.8828125,1.4648438
