max_fitness,coverage1,coverage2,coverage3
2.7251573,4.8828125,3.125,3.7109375
