max_fitness,coverage1,coverage2,coverage3
-4.509809,3.0273438,1.953125,1.6601562
