max_fitness,coverage1,coverage2,coverage3
-11.880819,2.4414062,2.2460938,1.953125
