max_fitness,coverage1,coverage2,coverage3
1.3878698,4.1015625,4.8828125,1.5625
