max_fitness,coverage1,coverage2,coverage3
1.2350255,3.3203125,1.8554688,0.87890625
