max_fitness,coverage1,coverage2,coverage3
6.4444356,4.0039062,4.8828125,3.6132812
