max_fitness,coverage1,coverage2,coverage3
3.3322144,4.8828125,2.4414062,1.0742188
