max_fitness,coverage1,coverage2,coverage3
0.6415546,3.3203125,4.8828125,1.5625
