max_fitness,coverage1,coverage2,coverage3
2.0857337,4.8828125,3.3203125,2.8320312
