max_fitness,coverage1,coverage2,coverage3
0.123045735,4.296875,3.90625,2.1484375
