max_fitness,coverage1,coverage2,coverage3
-14.927553,2.734375,4.8828125,2.734375
