max_fitness,coverage1,coverage2,coverage3
2.3466125,3.2226562,2.4414062,1.4648438
