max_fitness,coverage1,coverage2,coverage3
0.38941416,4.6875,2.4414062,2.2460938
