max_fitness,coverage1,coverage2,coverage3
-1.4531082,3.4179688,1.4648438,2.1484375
