max_fitness,coverage1,coverage2,coverage3
0.8038066,2.734375,1.953125,2.2460938
