max_fitness,coverage1,coverage2,coverage3
4.34382,0.29296875,3.90625,1.8554688
