max_fitness,coverage1,coverage2,coverage3
3.7539937,0.390625,4.8828125,2.2460938
