max_fitness,coverage1,coverage2,coverage3
7.313768,3.6132812,1.6601562,3.515625
