max_fitness,coverage1,coverage2,coverage3
0.9590067,4.8828125,3.2226562,1.6601562
