max_fitness,coverage1,coverage2,coverage3
2.6535206,3.7109375,2.2460938,1.5625
