max_fitness,coverage1,coverage2,coverage3
1.0207521,4.8828125,1.953125,1.7578125
