max_fitness,coverage1,coverage2,coverage3
8.061966,4.1015625,3.125,2.8320312
