max_fitness,coverage1,coverage2,coverage3
-1.5498846,1.3671875,3.0273438,3.6132812
