max_fitness,coverage1,coverage2,coverage3
0.38010603,0.390625,1.953125,2.4414062
