max_fitness,coverage1,coverage2,coverage3
0.415514,4.296875,3.90625,1.7578125
