max_fitness,coverage1,coverage2,coverage3
0.769424,4.8828125,3.6132812,2.34375
