max_fitness,coverage1,coverage2,coverage3
0.86734486,0.29296875,2.1484375,2.734375
