max_fitness,coverage1,coverage2,coverage3
4.492186,0.78125,2.8320312,2.8320312
