max_fitness,coverage1,coverage2,coverage3
7.313768,4.8828125,1.6601562,2.734375
