max_fitness,coverage1,coverage2,coverage3
-14.733208,4.8828125,0.78125,0.87890625
