max_fitness,coverage1,coverage2,coverage3
0.32026163,0.48828125,1.7578125,0.9765625
