max_fitness,coverage1,coverage2,coverage3
0.18963988,0.29296875,3.3203125,0.9765625
