max_fitness,coverage1,coverage2,coverage3
-1.0436742,0.390625,2.4414062,3.3203125
