max_fitness,coverage1,coverage2,coverage3
-0.08402997,0.390625,1.8554688,1.2695312
