max_fitness,coverage1,coverage2,coverage3
0.76758534,0.48828125,0.68359375,1.0742188
