max_fitness,coverage1,coverage2,coverage3
-0.025198773,3.8085938,2.5390625,3.2226562
