max_fitness,coverage1,coverage2,coverage3
1.561605,0.390625,2.4414062,2.6367188
