max_fitness,coverage1,coverage2,coverage3
2.953211,2.34375,1.7578125,3.515625
