max_fitness,coverage1,coverage2,coverage3
1.3808556,4.8828125,1.2695312,0.87890625
