max_fitness,coverage1,coverage2,coverage3
8.032167,4.8828125,3.125,3.4179688
