max_fitness,coverage1,coverage2,coverage3
0.12915309,0.29296875,3.8085938,2.0507812
