max_fitness,coverage1,coverage2,coverage3
0.450593,0.09765625,4.8828125,1.171875
