max_fitness,coverage1,coverage2,coverage3
2.6603365,3.515625,2.6367188,1.953125
