max_fitness,coverage1,coverage2,coverage3
-10.990353,3.4179688,4.8828125,2.2460938
