max_fitness,coverage1,coverage2,coverage3
0.110940225,0.68359375,4.8828125,4.4921875
