max_fitness,coverage1,coverage2,coverage3
4.984646,4.8828125,4.3945312,3.2226562
