max_fitness,coverage1,coverage2,coverage3
1.8558272,0.68359375,2.8320312,1.3671875
