max_fitness,coverage1,coverage2,coverage3
2.3592951,4.1015625,3.90625,2.5390625
