max_fitness,coverage1,coverage2,coverage3
2.488845,1.4648438,1.7578125,1.7578125
