max_fitness,coverage1,coverage2,coverage3
5.0053263,0.390625,4.8828125,3.7109375
