max_fitness,coverage1,coverage2,coverage3
1.2474989,0.390625,2.6367188,2.5390625
