max_fitness,coverage1,coverage2,coverage3
0.7328581,0.390625,2.6367188,2.6367188
