max_fitness,coverage1,coverage2,coverage3
1.6868528,4.7851562,4.296875,2.734375
