max_fitness,coverage1,coverage2,coverage3
2.6742558,0.5859375,2.734375,2.4414062
