max_fitness,coverage1,coverage2,coverage3
-4.0711746,4.8828125,1.6601562,2.2460938
