max_fitness,coverage1,coverage2,coverage3
5.8725452,3.515625,2.5390625,3.0273438
