max_fitness,coverage1,coverage2,coverage3
3.351702,4.8828125,1.3671875,1.8554688
