max_fitness,coverage1,coverage2,coverage3
0.5035145,4.8828125,3.125,1.8554688
