max_fitness,coverage1,coverage2,coverage3
4.721929,4.8828125,3.0273438,3.6132812
