max_fitness,coverage1,coverage2,coverage3
0.9829992,0.78125,4.8828125,0.9765625
