max_fitness,coverage1,coverage2,coverage3
2.7624295,0.09765625,1.5625,2.8320312
