max_fitness,coverage1,coverage2,coverage3
0.5922667,4.8828125,3.90625,1.3671875
