max_fitness,coverage1,coverage2,coverage3
1.9503044,4.8828125,1.6601562,2.0507812
