max_fitness,coverage1,coverage2,coverage3
1.8501171,0.09765625,3.8085938,2.34375
