max_fitness,coverage1,coverage2,coverage3
-2.5598342,0.29296875,4.8828125,2.4414062
