max_fitness,coverage1,coverage2,coverage3
8.170049,4.8828125,1.7578125,2.8320312
