max_fitness,coverage1,coverage2,coverage3
7.6705403,2.8320312,4.8828125,3.0273438
