max_fitness,coverage1,coverage2,coverage3
4.3750668,1.2695312,4.8828125,2.5390625
