max_fitness,coverage1,coverage2,coverage3
5.790585,0.48828125,4.8828125,4.296875
