max_fitness,coverage1,coverage2,coverage3
6.2800455,2.6367188,4.8828125,2.6367188
