max_fitness,coverage1,coverage2,coverage3
0.61632955,4.8828125,2.6367188,1.6601562
