max_fitness,coverage1,coverage2,coverage3
1.4294251,3.515625,2.6367188,2.0507812
