max_fitness,coverage1,coverage2,coverage3
2.9457002,2.734375,4.8828125,3.0273438
