max_fitness,coverage1,coverage2,coverage3
1.2600111,3.515625,2.5390625,0.87890625
