max_fitness,coverage1,coverage2,coverage3
-1.5885087,0.29296875,3.3203125,3.515625
