max_fitness,coverage1,coverage2,coverage3
5.193185,0.1953125,3.3203125,3.515625
