max_fitness,coverage1,coverage2,coverage3
-1.4539425,1.6601562,2.734375,3.90625
