max_fitness,coverage1,coverage2,coverage3
-3.6433806,0.29296875,3.8085938,2.34375
