max_fitness,coverage1,coverage2,coverage3
0.077032216,3.515625,2.0507812,0.68359375
