max_fitness,coverage1,coverage2,coverage3
4.4807854,4.8828125,2.1484375,2.2460938
