max_fitness,coverage1,coverage2,coverage3
1.3233656,2.1484375,1.4648438,1.5625
