max_fitness,coverage1,coverage2,coverage3
-0.018921869,2.734375,1.953125,3.8085938
