max_fitness,coverage1,coverage2,coverage3
4.9886622,0.87890625,4.8828125,1.3671875
