max_fitness,coverage1,coverage2,coverage3
0.8086022,3.515625,1.953125,1.5625
