max_fitness,coverage1,coverage2,coverage3
1.6591115,4.5898438,3.4179688,2.34375
