max_fitness,coverage1,coverage2,coverage3
0.35575706,4.8828125,4.4921875,1.4648438
