max_fitness,coverage1,coverage2,coverage3
0.5574649,4.1015625,2.4414062,1.2695312
