max_fitness,coverage1,coverage2,coverage3
2.595058,3.90625,3.6132812,2.4414062
