max_fitness,coverage1,coverage2,coverage3
3.1415243,4.8828125,3.8085938,3.515625
