max_fitness,coverage1,coverage2,coverage3
-0.5101574,1.953125,2.0507812,4.1015625
