max_fitness,coverage1,coverage2,coverage3
0.7947776,3.515625,4.8828125,1.6601562
