max_fitness,coverage1,coverage2,coverage3
2.4779258,2.734375,2.0507812,1.0742188
