max_fitness,coverage1,coverage2,coverage3
2.6049175,1.3671875,2.0507812,2.0507812
