max_fitness,coverage1,coverage2,coverage3
0.993433,2.6367188,3.0273438,3.3203125
