max_fitness,coverage1,coverage2,coverage3
2.5868957,4.8828125,1.8554688,1.5625
