max_fitness,coverage1,coverage2,coverage3
0.44262397,4.8828125,0.48828125,0.87890625
