max_fitness,coverage1,coverage2,coverage3
3.6245196,3.515625,2.5390625,0.9765625
