max_fitness,coverage1,coverage2,coverage3
7.6298075,1.7578125,4.8828125,2.6367188
