max_fitness,coverage1,coverage2,coverage3
0.7903861,0.68359375,2.8320312,2.2460938
