max_fitness,coverage1,coverage2,coverage3
0.5119539,2.34375,2.0507812,3.3203125
