max_fitness,coverage1,coverage2,coverage3
-2.4221048,0.29296875,4.8828125,1.3671875
