max_fitness,coverage1,coverage2,coverage3
0.76546293,4.8828125,2.8320312,2.9296875
