max_fitness,coverage1,coverage2,coverage3
3.1571295,4.8828125,4.296875,2.734375
