max_fitness,coverage1,coverage2,coverage3
1.68756,3.515625,4.8828125,0.9765625
