max_fitness,coverage1,coverage2,coverage3
2.4497461,3.515625,1.953125,2.8320312
