max_fitness,coverage1,coverage2,coverage3
3.0005252,3.3203125,1.8554688,1.4648438
