max_fitness,coverage1,coverage2,coverage3
-3.3684819,1.953125,2.0507812,2.1484375
