max_fitness,coverage1,coverage2,coverage3
-12.233362,0.1953125,4.0039062,2.6367188
