max_fitness,coverage1,coverage2,coverage3
1.6786171,0.48828125,2.8320312,2.1484375
