max_fitness,coverage1,coverage2,coverage3
0.06276349,0.390625,2.4414062,1.3671875
