max_fitness,coverage1,coverage2,coverage3
4.1028833,0.29296875,3.125,3.3203125
