max_fitness,coverage1,coverage2,coverage3
0.12256457,3.90625,3.90625,1.7578125
