max_fitness,coverage1,coverage2,coverage3
3.7783117,4.8828125,2.1484375,2.1484375
