max_fitness,coverage1,coverage2,coverage3
1.8620797,4.8828125,2.9296875,3.0273438
