max_fitness,coverage1,coverage2,coverage3
0.34358537,2.6367188,1.4648438,1.5625
