max_fitness,coverage1,coverage2,coverage3
3.549483,1.4648438,1.7578125,3.2226562
