max_fitness,coverage1,coverage2,coverage3
-3.1365457,3.125,1.3671875,2.5390625
