max_fitness,coverage1,coverage2,coverage3
0.16229399,4.8828125,3.125,2.1484375
