max_fitness,coverage1,coverage2,coverage3
-1.1959937,4.8828125,4.6875,2.0507812
