max_fitness,coverage1,coverage2,coverage3
-1.5116191,0.87890625,4.8828125,3.2226562
