max_fitness,coverage1,coverage2,coverage3
2.5957196,0.5859375,2.734375,3.4179688
