max_fitness,coverage1,coverage2,coverage3
0.71931684,0.390625,2.734375,1.5625
