max_fitness,coverage1,coverage2,coverage3
0.08986232,2.34375,2.34375,0.9765625
