max_fitness,coverage1,coverage2,coverage3
2.264003,3.90625,3.90625,2.2460938
