max_fitness,coverage1,coverage2,coverage3
4.8807282,1.953125,2.6367188,1.5625
