max_fitness,coverage1,coverage2,coverage3
1.0154681,0.68359375,4.8828125,1.2695312
