max_fitness,coverage1,coverage2,coverage3
1.1390104,4.8828125,1.6601562,2.9296875
