max_fitness,coverage1,coverage2,coverage3
2.7762024,4.8828125,4.296875,3.90625
