max_fitness,coverage1,coverage2,coverage3
-0.79553753,4.4921875,3.90625,2.2460938
