max_fitness,coverage1,coverage2,coverage3
1.6005803,4.8828125,4.296875,3.0273438
