max_fitness,coverage1,coverage2,coverage3
-4.5278115,4.8828125,1.6601562,1.953125
