max_fitness,coverage1,coverage2,coverage3
0.43847147,3.4179688,4.8828125,4.1015625
