max_fitness,coverage1,coverage2,coverage3
0.87382406,3.7109375,4.8828125,1.5625
