max_fitness,coverage1,coverage2,coverage3
-0.13359264,2.6367188,1.4648438,3.7109375
