max_fitness,coverage1,coverage2,coverage3
2.7146275,3.3203125,4.8828125,2.34375
