max_fitness,coverage1,coverage2,coverage3
5.113294,1.7578125,4.8828125,2.5390625
