max_fitness,coverage1,coverage2,coverage3
0.95348656,0.5859375,2.734375,1.2695312
