max_fitness,coverage1,coverage2,coverage3
0.61315143,0.9765625,3.0273438,1.0742188
