max_fitness,coverage1,coverage2,coverage3
2.5657568,1.2695312,4.8828125,2.2460938
