max_fitness,coverage1,coverage2,coverage3
3.707755,4.8828125,2.34375,1.3671875
