max_fitness,coverage1,coverage2,coverage3
1.0216243,4.8828125,3.125,2.9296875
