max_fitness,coverage1,coverage2,coverage3
2.7229548,2.734375,1.953125,2.5390625
