max_fitness,coverage1,coverage2,coverage3
0.5343792,4.1992188,1.953125,1.953125
