max_fitness,coverage1,coverage2,coverage3
0.9954753,2.5390625,2.4414062,1.171875
