max_fitness,coverage1,coverage2,coverage3
0.17363407,4.8828125,3.125,4.1015625
