max_fitness,coverage1,coverage2,coverage3
6.823656,3.515625,1.3671875,3.0273438
