max_fitness,coverage1,coverage2,coverage3
0.32568297,3.125,1.3671875,0.9765625
