max_fitness,coverage1,coverage2,coverage3
0.47897327,4.8828125,3.4179688,2.0507812
