max_fitness,coverage1,coverage2,coverage3
1.8247253,4.7851562,4.296875,2.5390625
