max_fitness,coverage1,coverage2,coverage3
-1.4269505,3.125,2.6367188,3.6132812
