max_fitness,coverage1,coverage2,coverage3
8.809841,0.1953125,2.8320312,2.4414062
