max_fitness,coverage1,coverage2,coverage3
-1.4140176,0.9765625,4.8828125,2.34375
