max_fitness,coverage1,coverage2,coverage3
3.367184,2.1484375,1.4648438,2.34375
