max_fitness,coverage1,coverage2,coverage3
4.1472235,0.09765625,4.8828125,3.2226562
