max_fitness,coverage1,coverage2,coverage3
0.09905033,0.390625,4.8828125,3.0273438
