max_fitness,coverage1,coverage2,coverage3
0.58853847,4.8828125,2.4414062,2.8320312
