max_fitness,coverage1,coverage2,coverage3
2.5445282,0.09765625,1.953125,2.1484375
