max_fitness,coverage1,coverage2,coverage3
0.020320639,0.09765625,3.3203125,1.2695312
