max_fitness,coverage1,coverage2,coverage3
0.60572934,0.390625,2.4414062,2.4414062
