max_fitness,coverage1,coverage2,coverage3
-9.498229,0.09765625,2.2460938,2.2460938
