max_fitness,coverage1,coverage2,coverage3
0.04946133,0.5859375,3.2226562,1.171875
