max_fitness,coverage1,coverage2,coverage3
-11.797333,3.0273438,1.953125,1.4648438
