max_fitness,coverage1,coverage2,coverage3
1.5309747,0.5859375,2.734375,1.6601562
