max_fitness,coverage1,coverage2,coverage3
5.8064823,4.1992188,4.8828125,3.4179688
