max_fitness,coverage1,coverage2,coverage3
2.3993967,3.515625,2.0507812,2.2460938
