max_fitness,coverage1,coverage2,coverage3
4.018324,4.8828125,2.6367188,3.3203125
