max_fitness,coverage1,coverage2,coverage3
0.3933982,0.48828125,1.953125,3.6132812
