max_fitness,coverage1,coverage2,coverage3
5.242059,0.5859375,2.0507812,1.7578125
