max_fitness,coverage1,coverage2,coverage3
6.1457353,3.515625,4.8828125,3.125
