max_fitness,coverage1,coverage2,coverage3
-10.688917,4.8828125,4.4921875,2.9296875
