max_fitness,coverage1,coverage2,coverage3
6.170329,3.125,1.4648438,1.6601562
