max_fitness,coverage1,coverage2,coverage3
1.6972716,1.5625,4.8828125,2.734375
