max_fitness,coverage1,coverage2,coverage3
2.7177255,4.8828125,2.734375,3.3203125
