max_fitness,coverage1,coverage2,coverage3
-14.503865,2.6367188,1.4648438,1.7578125
