max_fitness,coverage1,coverage2,coverage3
2.5534813,2.9296875,4.8828125,3.125
