max_fitness,coverage1,coverage2,coverage3
7.9751625,4.8828125,4.296875,4.3945312
