max_fitness,coverage1,coverage2,coverage3
-1.6313297,0.5859375,2.0507812,3.515625
