max_fitness,coverage1,coverage2,coverage3
6.651487,1.3671875,4.8828125,1.3671875
