max_fitness,coverage1,coverage2,coverage3
1.5006307,4.5898438,3.3203125,3.125
