max_fitness,coverage1,coverage2,coverage3
-10.994024,3.7109375,4.8828125,2.9296875
