max_fitness,coverage1,coverage2,coverage3
-1.5631791,2.2460938,4.8828125,3.3203125
