max_fitness,coverage1,coverage2,coverage3
1.6490475,4.8828125,3.6132812,2.4414062
