max_fitness,coverage1,coverage2,coverage3
-1.4769895,3.4179688,4.8828125,2.6367188
