max_fitness,coverage1,coverage2,coverage3
-12.336152,0.390625,3.4179688,3.0273438
