max_fitness,coverage1,coverage2,coverage3
5.2712755,2.734375,1.953125,2.6367188
