max_fitness,coverage1,coverage2,coverage3
1.1694132,0.09765625,2.2460938,1.4648438
