max_fitness,coverage1,coverage2,coverage3
8.945765,0.9765625,2.5390625,2.0507812
