max_fitness,coverage1,coverage2,coverage3
0.46643946,4.8828125,2.4414062,2.8320312
