max_fitness,coverage1,coverage2,coverage3
0.6042052,4.8828125,4.4921875,2.1484375
