max_fitness,coverage1,coverage2,coverage3
0.44245002,0.1953125,3.2226562,3.6132812
