max_fitness,coverage1,coverage2,coverage3
3.7357903,4.8828125,0.9765625,1.953125
