max_fitness,coverage1,coverage2,coverage3
0.61906564,3.515625,3.125,0.9765625
