max_fitness,coverage1,coverage2,coverage3
6.613869,4.8828125,2.6367188,3.6132812
