max_fitness,coverage1,coverage2,coverage3
5.016479,4.8828125,4.296875,3.8085938
