max_fitness,coverage1,coverage2,coverage3
0.61794615,0.29296875,2.9296875,2.0507812
