max_fitness,coverage1,coverage2,coverage3
4.4960814,2.34375,1.7578125,2.8320312
