max_fitness,coverage1,coverage2,coverage3
1.6920477,0.1953125,2.8320312,2.4414062
