max_fitness,coverage1,coverage2,coverage3
0.48533177,0.1953125,2.8320312,3.0273438
