max_fitness,coverage1,coverage2,coverage3
0.6976269,0.09765625,3.7109375,1.5625
