max_fitness,coverage1,coverage2,coverage3
5.5023966,0.68359375,4.8828125,2.6367188
