max_fitness,coverage1,coverage2,coverage3
6.541751,0.29296875,4.8828125,2.9296875
