max_fitness,coverage1,coverage2,coverage3
2.1075928,0.1953125,2.4414062,2.734375
