max_fitness,coverage1,coverage2,coverage3
2.6194537,0.68359375,4.8828125,2.5390625
