max_fitness,coverage1,coverage2,coverage3
6.9426036,2.34375,1.7578125,4.0039062
