max_fitness,coverage1,coverage2,coverage3
1.7275043,0.390625,1.953125,1.7578125
