max_fitness,coverage1,coverage2,coverage3
-1.372873,0.87890625,4.8828125,2.8320312
