max_fitness,coverage1,coverage2,coverage3
3.531949,0.48828125,2.8320312,1.171875
