max_fitness,coverage1,coverage2,coverage3
1.5884503,2.5390625,4.8828125,2.34375
