max_fitness,coverage1,coverage2,coverage3
0.9888532,0.1953125,2.1484375,2.4414062
