max_fitness,coverage1,coverage2,coverage3
2.7863367,0.29296875,3.3203125,2.2460938
