max_fitness,coverage1,coverage2,coverage3
3.6921477,4.8828125,1.171875,1.5625
