max_fitness,coverage1,coverage2,coverage3
6.1288247,0.09765625,4.8828125,3.3203125
