max_fitness,coverage1,coverage2,coverage3
4.628153,0.68359375,2.9296875,3.3203125
