max_fitness,coverage1,coverage2,coverage3
-10.334752,4.8828125,0.9765625,1.8554688
