max_fitness,coverage1,coverage2,coverage3
3.1601849,0.48828125,0.5859375,1.2695312
