max_fitness,coverage1,coverage2,coverage3
-9.495129,4.8828125,4.296875,2.9296875
