max_fitness,coverage1,coverage2,coverage3
0.2628919,4.296875,3.515625,3.3203125
