max_fitness,coverage1,coverage2,coverage3
-12.138216,0.9765625,3.3203125,2.0507812
