max_fitness,coverage1,coverage2,coverage3
3.9280143,4.8828125,4.3945312,2.734375
