max_fitness,coverage1,coverage2,coverage3
1.4266448,0.1953125,1.8554688,2.0507812
