max_fitness,coverage1,coverage2,coverage3
0.19397321,3.3203125,4.8828125,1.171875
