max_fitness,coverage1,coverage2,coverage3
1.8610591,4.8828125,3.4179688,2.2460938
