max_fitness,coverage1,coverage2,coverage3
0.64954835,0.09765625,1.5625,1.0742188
