max_fitness,coverage1,coverage2,coverage3
6.2920566,3.125,2.6367188,3.2226562
