max_fitness,coverage1,coverage2,coverage3
2.3270853,0.48828125,1.953125,3.0273438
