max_fitness,coverage1,coverage2,coverage3
3.682902,2.5390625,1.7578125,2.0507812
