max_fitness,coverage1,coverage2,coverage3
0.73441654,1.7578125,4.8828125,1.3671875
