max_fitness,coverage1,coverage2,coverage3
7.4636693,3.515625,2.5390625,1.953125
