max_fitness,coverage1,coverage2,coverage3
8.215187,0.09765625,1.953125,4.1015625
