max_fitness,coverage1,coverage2,coverage3
7.7121377,4.8828125,1.953125,2.9296875
