max_fitness,coverage1,coverage2,coverage3
7.670016,0.09765625,4.8828125,3.8085938
