max_fitness,coverage1,coverage2,coverage3
9.5151825,0.390625,4.8828125,1.7578125
