max_fitness,coverage1,coverage2,coverage3
-1.4026102,0.390625,1.953125,3.90625
