max_fitness,coverage1,coverage2,coverage3
-4.3932333,0.390625,4.8828125,0.87890625
