max_fitness,coverage1,coverage2,coverage3
1.6074755,2.4414062,2.2460938,1.5625
