max_fitness,coverage1,coverage2,coverage3
6.221679,4.0039062,4.8828125,1.2695312
