max_fitness,coverage1,coverage2,coverage3
2.9082441,3.125,1.4648438,1.0742188
