max_fitness,coverage1,coverage2,coverage3
0.33173236,4.1992188,4.8828125,3.6132812
