max_fitness,coverage1,coverage2,coverage3
3.8066285,0.390625,2.9296875,1.4648438
