max_fitness,coverage1,coverage2,coverage3
5.5936913,0.5859375,4.8828125,1.4648438
