max_fitness,coverage1,coverage2,coverage3
1.0336041,0.29296875,2.1484375,2.0507812
