max_fitness,coverage1,coverage2,coverage3
0.04506218,2.1484375,1.4648438,0.87890625
