max_fitness,coverage1,coverage2,coverage3
0.12324941,3.515625,1.953125,1.7578125
