max_fitness,coverage1,coverage2,coverage3
-1.3807346,2.734375,1.953125,3.8085938
