max_fitness,coverage1,coverage2,coverage3
10.574609,0.29296875,2.4414062,3.90625
