max_fitness,coverage1,coverage2,coverage3
1.62405,0.5859375,2.734375,2.34375
