max_fitness,coverage1,coverage2,coverage3
0.25344467,0.48828125,0.68359375,1.0742188
