max_fitness,coverage1,coverage2,coverage3
7.092209,4.8828125,3.125,3.3203125
