max_fitness,coverage1,coverage2,coverage3
7.2256985,1.7578125,4.8828125,3.0273438
