max_fitness,coverage1,coverage2,coverage3
0.6184182,3.515625,3.125,1.2695312
