max_fitness,coverage1,coverage2,coverage3
6.136566,0.78125,3.0273438,2.1484375
