max_fitness,coverage1,coverage2,coverage3
0.73022217,0.9765625,3.0273438,1.171875
