max_fitness,coverage1,coverage2,coverage3
-3.448039,0.78125,2.8320312,2.2460938
