max_fitness,coverage1,coverage2,coverage3
-11.49099,1.4648438,1.7578125,1.5625
