max_fitness,coverage1,coverage2,coverage3
6.5953755,0.1953125,3.125,1.2695312
