max_fitness,coverage1,coverage2,coverage3
2.1013846,2.6367188,2.6367188,2.9296875
