max_fitness,coverage1,coverage2,coverage3
1.9963198,3.0273438,4.8828125,2.2460938
