max_fitness,coverage1,coverage2,coverage3
2.105446,2.1484375,1.4648438,2.6367188
