max_fitness,coverage1,coverage2,coverage3
1.1081597,0.29296875,2.9296875,2.6367188
