max_fitness,coverage1,coverage2,coverage3
1.8832558,0.390625,2.4414062,3.4179688
