max_fitness,coverage1,coverage2,coverage3
0.4421295,3.515625,2.2460938,1.6601562
