max_fitness,coverage1,coverage2,coverage3
0.73107713,2.8320312,2.4414062,2.1484375
