max_fitness,coverage1,coverage2,coverage3
5.229969,4.6875,2.8320312,3.6132812
