max_fitness,coverage1,coverage2,coverage3
-2.014043,0.1953125,3.4179688,3.2226562
