max_fitness,coverage1,coverage2,coverage3
1.5895821,4.1992188,3.4179688,2.5390625
