max_fitness,coverage1,coverage2,coverage3
0.81581926,0.48828125,1.953125,1.0742188
