max_fitness,coverage1,coverage2,coverage3
3.6630304,0.5859375,2.734375,2.5390625
