max_fitness,coverage1,coverage2,coverage3
1.1032145,2.5390625,2.4414062,0.5859375
