max_fitness,coverage1,coverage2,coverage3
0.6814626,0.9765625,3.0273438,2.9296875
