max_fitness,coverage1,coverage2,coverage3
2.2210424,0.390625,4.8828125,1.3671875
