max_fitness,coverage1,coverage2,coverage3
1.4889386,0.390625,2.4414062,2.8320312
