max_fitness,coverage1,coverage2,coverage3
0.22838104,0.390625,4.5898438,3.0273438
