max_fitness,coverage1,coverage2,coverage3
2.0209541,4.8828125,3.3203125,3.0273438
