max_fitness,coverage1,coverage2,coverage3
6.2065797,3.515625,2.5390625,3.515625
