max_fitness,coverage1,coverage2,coverage3
6.6302533,0.09765625,1.7578125,2.2460938
