max_fitness,coverage1,coverage2,coverage3
4.1140423,0.29296875,4.8828125,2.6367188
