max_fitness,coverage1,coverage2,coverage3
0.10596919,3.515625,4.8828125,1.171875
