max_fitness,coverage1,coverage2,coverage3
0.43985668,2.734375,2.0507812,1.4648438
