max_fitness,coverage1,coverage2,coverage3
2.4020517,0.09765625,1.5625,1.953125
