max_fitness,coverage1,coverage2,coverage3
-11.0906,3.4179688,4.8828125,2.734375
