max_fitness,coverage1,coverage2,coverage3
2.4028602,3.7109375,4.8828125,4.1015625
