max_fitness,coverage1,coverage2,coverage3
-1.5230633,0.1953125,4.8828125,4.1015625
