max_fitness,coverage1,coverage2,coverage3
3.9114065,4.0039062,3.6132812,2.2460938
