max_fitness,coverage1,coverage2,coverage3
-2.3873827,2.9296875,2.6367188,1.4648438
