max_fitness,coverage1,coverage2,coverage3
-15.730471,4.8828125,0.5859375,0.9765625
