max_fitness,coverage1,coverage2,coverage3
2.5420947,3.125,1.4648438,1.6601562
