max_fitness,coverage1,coverage2,coverage3
-2.5451612,3.3203125,0.9765625,3.0273438
