max_fitness,coverage1,coverage2,coverage3
0.5592323,0.390625,1.953125,2.9296875
