max_fitness,coverage1,coverage2,coverage3
0.14557284,4.8828125,4.5898438,1.953125
