max_fitness,coverage1,coverage2,coverage3
5.4667826,4.8828125,1.3671875,2.734375
