max_fitness,coverage1,coverage2,coverage3
6.148813,1.953125,2.6367188,3.0273438
