max_fitness,coverage1,coverage2,coverage3
2.43433,3.515625,2.0507812,0.9765625
