max_fitness,coverage1,coverage2,coverage3
0.94769114,0.390625,2.734375,2.1484375
