max_fitness,coverage1,coverage2,coverage3
1.5036905,2.734375,2.0507812,2.5390625
