max_fitness,coverage1,coverage2,coverage3
0.063011214,4.4921875,4.1992188,2.2460938
