max_fitness,coverage1,coverage2,coverage3
8.480749,4.8828125,3.4179688,3.7109375
