max_fitness,coverage1,coverage2,coverage3
1.9402808,4.6875,2.4414062,3.4179688
