max_fitness,coverage1,coverage2,coverage3
3.4491994,1.4648438,4.8828125,2.9296875
