max_fitness,coverage1,coverage2,coverage3
1.6703839,1.2695312,4.8828125,1.3671875
