max_fitness,coverage1,coverage2,coverage3
1.1909512,4.4921875,4.1992188,2.8320312
