max_fitness,coverage1,coverage2,coverage3
1.0914145,2.5390625,1.171875,0.87890625
