max_fitness,coverage1,coverage2,coverage3
0.3027135,4.3945312,4.8828125,3.8085938
