max_fitness,coverage1,coverage2,coverage3
6.42733,0.1953125,2.4414062,3.8085938
