max_fitness,coverage1,coverage2,coverage3
0.48360646,0.390625,2.4414062,3.3203125
