max_fitness,coverage1,coverage2,coverage3
1.5806563,0.5859375,2.734375,2.4414062
