max_fitness,coverage1,coverage2,coverage3
0.52529573,0.78125,4.8828125,2.34375
