max_fitness,coverage1,coverage2,coverage3
2.9077463,2.734375,4.8828125,2.8320312
