max_fitness,coverage1,coverage2,coverage3
2.849328,0.09765625,0.9765625,1.3671875
