max_fitness,coverage1,coverage2,coverage3
2.6558135,3.125,1.4648438,1.7578125
