max_fitness,coverage1,coverage2,coverage3
2.2067158,0.68359375,2.8320312,3.125
