max_fitness,coverage1,coverage2,coverage3
5.8380456,2.4414062,1.6601562,3.515625
