max_fitness,coverage1,coverage2,coverage3
4.0078387,4.8828125,3.3203125,2.4414062
