max_fitness,coverage1,coverage2,coverage3
4.8959603,0.390625,2.8320312,2.34375
