max_fitness,coverage1,coverage2,coverage3
2.6377547,4.8828125,2.1484375,2.734375
