max_fitness,coverage1,coverage2,coverage3
2.395472,1.953125,2.6367188,2.1484375
