max_fitness,coverage1,coverage2,coverage3
2.7587073,4.1015625,4.8828125,1.2695312
