max_fitness,coverage1,coverage2,coverage3
2.89328,0.87890625,4.8828125,1.5625
