max_fitness,coverage1,coverage2,coverage3
8.9303665,1.2695312,1.953125,3.515625
