max_fitness,coverage1,coverage2,coverage3
1.1013062,0.29296875,2.9296875,1.7578125
