max_fitness,coverage1,coverage2,coverage3
1.4823155,4.1015625,3.8085938,2.8320312
