max_fitness,coverage1,coverage2,coverage3
3.9790118,0.1953125,3.125,2.5390625
