max_fitness,coverage1,coverage2,coverage3
0.7850035,4.8828125,3.3203125,2.0507812
