max_fitness,coverage1,coverage2,coverage3
-9.162881,0.87890625,4.8828125,2.6367188
