max_fitness,coverage1,coverage2,coverage3
-0.92195785,1.4648438,4.8828125,3.3203125
