max_fitness,coverage1,coverage2,coverage3
0.56087995,2.8320312,4.8828125,1.2695312
