max_fitness,coverage1,coverage2,coverage3
1.1505628,0.48828125,4.8828125,0.78125
