max_fitness,coverage1,coverage2,coverage3
1.1352695,0.29296875,2.4414062,0.9765625
