max_fitness,coverage1,coverage2,coverage3
1.7505637,4.8828125,3.0273438,3.2226562
