max_fitness,coverage1,coverage2,coverage3
1.0386214,0.78125,2.8320312,0.9765625
