max_fitness,coverage1,coverage2,coverage3
-1.4436193,3.3203125,0.9765625,2.9296875
