max_fitness,coverage1,coverage2,coverage3
0.055142585,0.09765625,2.1484375,1.8554688
