max_fitness,coverage1,coverage2,coverage3
2.5540724,4.7851562,4.296875,2.34375
