max_fitness,coverage1,coverage2,coverage3
3.0005252,4.8828125,1.8554688,1.4648438
