max_fitness,coverage1,coverage2,coverage3
1.8913988,4.8828125,0.9765625,1.7578125
