max_fitness,coverage1,coverage2,coverage3
0.057076927,1.3671875,3.0273438,0.9765625
