max_fitness,coverage1,coverage2,coverage3
0.7421123,4.1992188,4.1992188,3.0273438
