max_fitness,coverage1,coverage2,coverage3
7.247223,0.9765625,3.0273438,2.5390625
