max_fitness,coverage1,coverage2,coverage3
-2.5914698,4.8828125,2.8320312,2.34375
