max_fitness,coverage1,coverage2,coverage3
0.48615217,0.48828125,4.8828125,3.4179688
