max_fitness,coverage1,coverage2,coverage3
3.5284789,3.8085938,4.8828125,1.4648438
