max_fitness,coverage1,coverage2,coverage3
2.324144,0.1953125,4.8828125,1.7578125
