max_fitness,coverage1,coverage2,coverage3
5.72385,0.29296875,3.90625,2.4414062
