max_fitness,coverage1,coverage2,coverage3
0.9731263,4.8828125,0.48828125,1.171875
