max_fitness,coverage1,coverage2,coverage3
2.4419851,4.8828125,4.296875,3.8085938
