max_fitness,coverage1,coverage2,coverage3
1.1141862,3.515625,2.2460938,1.953125
