max_fitness,coverage1,coverage2,coverage3
3.8761194,4.6875,2.8320312,4.0039062
