max_fitness,coverage1,coverage2,coverage3
6.9426036,2.34375,4.8828125,3.8085938
