max_fitness,coverage1,coverage2,coverage3
0.6225727,4.8828125,3.0273438,3.0273438
