max_fitness,coverage1,coverage2,coverage3
2.463856,4.8828125,4.296875,2.8320312
