max_fitness,coverage1,coverage2,coverage3
1.2529242,0.48828125,1.7578125,1.3671875
