max_fitness,coverage1,coverage2,coverage3
3.6872187,0.1953125,2.8320312,1.2695312
