max_fitness,coverage1,coverage2,coverage3
4.945101,4.8828125,0.48828125,2.1484375
