max_fitness,coverage1,coverage2,coverage3
2.3694565,2.734375,4.8828125,1.4648438
