max_fitness,coverage1,coverage2,coverage3
6.6907024,3.90625,4.8828125,2.9296875
