max_fitness,coverage1,coverage2,coverage3
5.6664944,4.1992188,1.953125,3.0273438
