max_fitness,coverage1,coverage2,coverage3
1.2472568,4.8828125,4.296875,0.9765625
