max_fitness,coverage1,coverage2,coverage3
0.8508576,4.8828125,1.953125,1.7578125
