max_fitness,coverage1,coverage2,coverage3
5.501921,0.9765625,1.2695312,3.2226562
