max_fitness,coverage1,coverage2,coverage3
8.736814,3.515625,2.0507812,1.5625
