max_fitness,coverage1,coverage2,coverage3
2.9573898,0.68359375,2.8320312,2.734375
