max_fitness,coverage1,coverage2,coverage3
3.2678707,2.734375,2.0507812,1.2695312
