max_fitness,coverage1,coverage2,coverage3
1.6291375,4.8828125,1.953125,2.2460938
