max_fitness,coverage1,coverage2,coverage3
1.7806538,0.1953125,1.5625,1.953125
