max_fitness,coverage1,coverage2,coverage3
2.2070765,0.5859375,2.0507812,2.5390625
