max_fitness,coverage1,coverage2,coverage3
0.28717926,3.515625,2.5390625,1.4648438
