max_fitness,coverage1,coverage2,coverage3
0.43317255,3.6132812,2.8320312,2.4414062
