max_fitness,coverage1,coverage2,coverage3
0.5250554,2.34375,2.0507812,1.3671875
