max_fitness,coverage1,coverage2,coverage3
-1.8597322,0.29296875,4.8828125,2.9296875
