max_fitness,coverage1,coverage2,coverage3
0.5442582,0.78125,4.8828125,0.87890625
