max_fitness,coverage1,coverage2,coverage3
5.572737,4.8828125,4.296875,3.3203125
