max_fitness,coverage1,coverage2,coverage3
0.41008753,0.09765625,3.7109375,1.5625
