max_fitness,coverage1,coverage2,coverage3
2.807913,0.09765625,3.8085938,2.34375
