max_fitness,coverage1,coverage2,coverage3
0.8567617,0.390625,2.734375,0.78125
