max_fitness,coverage1,coverage2,coverage3
0.23068883,4.8828125,4.4921875,1.7578125
