max_fitness,coverage1,coverage2,coverage3
-0.00096313434,4.1015625,3.125,2.9296875
