max_fitness,coverage1,coverage2,coverage3
0.60035443,4.8828125,1.6601562,2.9296875
