max_fitness,coverage1,coverage2,coverage3
3.2144094,3.515625,4.8828125,1.953125
