max_fitness,coverage1,coverage2,coverage3
2.501725,0.78125,2.8320312,1.7578125
