max_fitness,coverage1,coverage2,coverage3
8.194677,4.8828125,2.0507812,2.8320312
