max_fitness,coverage1,coverage2,coverage3
0.35119238,3.7109375,2.2460938,1.6601562
