max_fitness,coverage1,coverage2,coverage3
8.623091,4.1015625,3.8085938,2.5390625
