max_fitness,coverage1,coverage2,coverage3
2.5815718,3.6132812,1.6601562,2.9296875
