max_fitness,coverage1,coverage2,coverage3
0.027197227,2.8320312,4.8828125,1.5625
