max_fitness,coverage1,coverage2,coverage3
1.1602088,1.4648438,4.8828125,1.6601562
