max_fitness,coverage1,coverage2,coverage3
3.8186655,4.8828125,4.7851562,2.5390625
