max_fitness,coverage1,coverage2,coverage3
-1.1999974,0.390625,4.8828125,3.6132812
