max_fitness,coverage1,coverage2,coverage3
3.5193446,4.8828125,4.3945312,1.953125
