max_fitness,coverage1,coverage2,coverage3
0.9120619,4.8828125,2.0507812,0.5859375
