max_fitness,coverage1,coverage2,coverage3
-1.4096657,0.78125,4.8828125,3.3203125
