max_fitness,coverage1,coverage2,coverage3
2.7334056,4.8828125,1.6601562,1.953125
