max_fitness,coverage1,coverage2,coverage3
-0.20061333,4.6875,2.4414062,2.8320312
