max_fitness,coverage1,coverage2,coverage3
0.19542807,2.734375,1.953125,2.8320312
