max_fitness,coverage1,coverage2,coverage3
-11.7745285,0.29296875,3.3203125,1.953125
