max_fitness,coverage1,coverage2,coverage3
1.5236853,2.8320312,2.2460938,1.6601562
