max_fitness,coverage1,coverage2,coverage3
8.076557,2.6367188,1.7578125,3.0273438
