max_fitness,coverage1,coverage2,coverage3
-1.5704745,0.48828125,0.5859375,3.7109375
