max_fitness,coverage1,coverage2,coverage3
1.8207097,4.296875,3.3203125,2.6367188
