max_fitness,coverage1,coverage2,coverage3
4.033227,4.8828125,2.4414062,2.34375
