max_fitness,coverage1,coverage2,coverage3
2.2927408,4.4921875,3.4179688,2.734375
