max_fitness,coverage1,coverage2,coverage3
-11.653526,3.515625,2.5390625,2.6367188
