max_fitness,coverage1,coverage2,coverage3
2.7087216,0.09765625,2.6367188,2.2460938
