max_fitness,coverage1,coverage2,coverage3
0.13662499,0.29296875,4.8828125,2.2460938
