max_fitness,coverage1,coverage2,coverage3
0.64479244,4.1015625,3.125,2.6367188
