max_fitness,coverage1,coverage2,coverage3
-0.20134754,1.3671875,3.0273438,1.4648438
