max_fitness,coverage1,coverage2,coverage3
-0.35421294,0.09765625,2.2460938,0.9765625
