max_fitness,coverage1,coverage2,coverage3
1.5976918,0.1953125,2.4414062,2.34375
