max_fitness,coverage1,coverage2,coverage3
-2.9796312,3.515625,4.8828125,2.4414062
