max_fitness,coverage1,coverage2,coverage3
3.1992686,4.8828125,4.3945312,1.0742188
