max_fitness,coverage1,coverage2,coverage3
3.3334157,0.09765625,3.0273438,2.5390625
