max_fitness,coverage1,coverage2,coverage3
3.2678707,2.734375,4.8828125,1.5625
