max_fitness,coverage1,coverage2,coverage3
0.30740637,4.0039062,4.8828125,1.5625
