max_fitness,coverage1,coverage2,coverage3
0.17228357,0.48828125,0.5859375,1.0742188
