max_fitness,coverage1,coverage2,coverage3
2.4734159,3.515625,2.0507812,1.4648438
