max_fitness,coverage1,coverage2,coverage3
2.3664837,4.8828125,1.7578125,0.9765625
