max_fitness,coverage1,coverage2,coverage3
0.2539815,0.68359375,2.5390625,3.7109375
