max_fitness,coverage1,coverage2,coverage3
0.6919819,4.8828125,0.78125,0.29296875
