max_fitness,coverage1,coverage2,coverage3
1.5796443,0.68359375,2.9296875,2.4414062
