max_fitness,coverage1,coverage2,coverage3
0.5273904,0.78125,3.0273438,1.171875
