max_fitness,coverage1,coverage2,coverage3
1.0816585,0.390625,2.6367188,2.2460938
