max_fitness,coverage1,coverage2,coverage3
1.8020424,2.4414062,1.6601562,2.5390625
