max_fitness,coverage1,coverage2,coverage3
0.86601657,0.390625,4.8828125,0.87890625
