max_fitness,coverage1,coverage2,coverage3
2.4800475,4.8828125,2.1484375,1.4648438
