max_fitness,coverage1,coverage2,coverage3
0.2304102,3.6132812,4.8828125,1.0742188
