max_fitness,coverage1,coverage2,coverage3
4.510435,0.29296875,4.8828125,2.1484375
