max_fitness,coverage1,coverage2,coverage3
2.821492,0.09765625,4.8828125,0.9765625
