max_fitness,coverage1,coverage2,coverage3
-2.066363,0.78125,4.8828125,1.6601562
