max_fitness,coverage1,coverage2,coverage3
-11.308206,4.8828125,4.3945312,2.9296875
