max_fitness,coverage1,coverage2,coverage3
4.9409313,0.5859375,2.9296875,2.8320312
