max_fitness,coverage1,coverage2,coverage3
-1.4412701,0.09765625,2.2460938,4.0039062
