max_fitness,coverage1,coverage2,coverage3
0.1808443,4.8828125,4.5898438,1.5625
