max_fitness,coverage1,coverage2,coverage3
7.164013,2.8320312,4.8828125,3.125
