max_fitness,coverage1,coverage2,coverage3
2.5516374,4.8828125,3.90625,1.7578125
