max_fitness,coverage1,coverage2,coverage3
5.1459494,0.5859375,2.734375,1.5625
