max_fitness,coverage1,coverage2,coverage3
-1.5092884,3.8085938,4.8828125,2.9296875
