max_fitness,coverage1,coverage2,coverage3
-1.5404279,2.6367188,4.8828125,3.7109375
