max_fitness,coverage1,coverage2,coverage3
2.3265154,0.9765625,1.2695312,1.6601562
