max_fitness,coverage1,coverage2,coverage3
-3.0809863,0.68359375,2.8320312,1.953125
