max_fitness,coverage1,coverage2,coverage3
2.999492,3.0273438,1.953125,2.2460938
