max_fitness,coverage1,coverage2,coverage3
7.0796275,4.1992188,3.4179688,3.515625
