max_fitness,coverage1,coverage2,coverage3
1.3359946,0.1953125,4.8828125,2.9296875
