max_fitness,coverage1,coverage2,coverage3
3.1127636,3.0273438,1.953125,2.6367188
