max_fitness,coverage1,coverage2,coverage3
1.4148993,0.29296875,1.7578125,0.9765625
