max_fitness,coverage1,coverage2,coverage3
-1.0517623,3.0273438,4.8828125,3.3203125
