max_fitness,coverage1,coverage2,coverage3
2.4700847,4.1992188,4.1992188,2.8320312
