max_fitness,coverage1,coverage2,coverage3
-0.48949206,0.5859375,3.125,2.734375
