max_fitness,coverage1,coverage2,coverage3
1.3177474,3.7109375,2.2460938,2.1484375
