max_fitness,coverage1,coverage2,coverage3
0.21063863,4.8828125,3.125,3.90625
