max_fitness,coverage1,coverage2,coverage3
2.8431454,0.390625,4.8828125,3.3203125
