max_fitness,coverage1,coverage2,coverage3
2.5367048,1.7578125,1.0742188,1.6601562
