max_fitness,coverage1,coverage2,coverage3
2.9499283,0.1953125,3.125,2.734375
