max_fitness,coverage1,coverage2,coverage3
-1.5397197,0.87890625,4.8828125,3.8085938
