max_fitness,coverage1,coverage2,coverage3
-1.4759387,1.2695312,1.953125,3.515625
