max_fitness,coverage1,coverage2,coverage3
4.7896442,4.8828125,1.8554688,2.4414062
