max_fitness,coverage1,coverage2,coverage3
2.7741628,0.68359375,2.8320312,2.4414062
