max_fitness,coverage1,coverage2,coverage3
-11.410361,0.09765625,3.3203125,1.5625
