max_fitness,coverage1,coverage2,coverage3
0.3872346,4.7851562,4.296875,1.5625
