max_fitness,coverage1,coverage2,coverage3
2.1851184,4.4921875,3.4179688,3.125
