max_fitness,coverage1,coverage2,coverage3
2.1157875,0.68359375,4.8828125,3.90625
