max_fitness,coverage1,coverage2,coverage3
0.20084095,0.48828125,0.5859375,1.3671875
