max_fitness,coverage1,coverage2,coverage3
3.5940123,2.5390625,2.1484375,3.4179688
