max_fitness,coverage1,coverage2,coverage3
1.6365898,3.3203125,0.9765625,2.6367188
