max_fitness,coverage1,coverage2,coverage3
1.0479093,0.390625,2.6367188,1.3671875
