max_fitness,coverage1,coverage2,coverage3
2.2051048,3.125,2.6367188,1.7578125
