max_fitness,coverage1,coverage2,coverage3
0.70548874,3.90625,3.90625,1.7578125
