max_fitness,coverage1,coverage2,coverage3
4.499814,0.29296875,3.125,3.8085938
