max_fitness,coverage1,coverage2,coverage3
0.785683,3.6132812,2.8320312,1.5625
