max_fitness,coverage1,coverage2,coverage3
7.524535,0.29296875,4.8828125,3.0273438
