max_fitness,coverage1,coverage2,coverage3
0.50134677,0.1953125,2.1484375,0.78125
