max_fitness,coverage1,coverage2,coverage3
0.3544927,2.34375,2.0507812,1.2695312
