max_fitness,coverage1,coverage2,coverage3
1.538511,0.390625,2.9296875,1.953125
