max_fitness,coverage1,coverage2,coverage3
0.62155217,0.390625,3.4179688,2.34375
