max_fitness,coverage1,coverage2,coverage3
1.0384045,4.8828125,1.6601562,1.953125
