max_fitness,coverage1,coverage2,coverage3
2.720476,0.5859375,2.0507812,2.2460938
