max_fitness,coverage1,coverage2,coverage3
4.086679,2.4414062,1.6601562,2.34375
