max_fitness,coverage1,coverage2,coverage3
-2.5836375,3.3203125,4.8828125,1.5625
