max_fitness,coverage1,coverage2,coverage3
6.3393807,3.515625,4.8828125,1.5625
