max_fitness,coverage1,coverage2,coverage3
-9.828967,0.1953125,2.8320312,1.3671875
