max_fitness,coverage1,coverage2,coverage3
7.7121377,2.5390625,1.7578125,3.4179688
