max_fitness,coverage1,coverage2,coverage3
1.4569893,4.1992188,3.90625,1.6601562
