max_fitness,coverage1,coverage2,coverage3
7.9720793,3.515625,2.6367188,3.0273438
