max_fitness,coverage1,coverage2,coverage3
7.4624586,0.5859375,2.0507812,3.0273438
