max_fitness,coverage1,coverage2,coverage3
-1.4398372,1.5625,4.8828125,4.1992188
