max_fitness,coverage1,coverage2,coverage3
1.7386086,4.8828125,1.8554688,2.1484375
