max_fitness,coverage1,coverage2,coverage3
3.6538086,4.8828125,4.296875,3.515625
