max_fitness,coverage1,coverage2,coverage3
0.008958966,2.34375,4.8828125,3.125
