max_fitness,coverage1,coverage2,coverage3
3.8649185,2.9296875,2.34375,2.9296875
