max_fitness,coverage1,coverage2,coverage3
2.7875504,4.8828125,2.8320312,1.2695312
