max_fitness,coverage1,coverage2,coverage3
-1.7687026,2.6367188,2.6367188,3.2226562
