max_fitness,coverage1,coverage2,coverage3
0.17776921,3.7109375,2.2460938,1.0742188
