max_fitness,coverage1,coverage2,coverage3
3.6695006,0.09765625,3.7109375,1.3671875
