max_fitness,coverage1,coverage2,coverage3
0.85813093,0.1953125,2.6367188,0.78125
