max_fitness,coverage1,coverage2,coverage3
1.5373142,3.3203125,0.9765625,2.2460938
