max_fitness,coverage1,coverage2,coverage3
2.104635,2.9296875,2.34375,3.0273438
