max_fitness,coverage1,coverage2,coverage3
1.9840572,4.8828125,3.2226562,2.4414062
