max_fitness,coverage1,coverage2,coverage3
3.5696385,0.48828125,1.7578125,2.0507812
