max_fitness,coverage1,coverage2,coverage3
2.0058894,0.09765625,3.8085938,2.0507812
