max_fitness,coverage1,coverage2,coverage3
2.9289377,3.2226562,1.3671875,1.5625
