max_fitness,coverage1,coverage2,coverage3
-0.5681382,0.390625,3.2226562,3.6132812
