max_fitness,coverage1,coverage2,coverage3
2.0392191,3.125,1.4648438,2.6367188
