max_fitness,coverage1,coverage2,coverage3
1.3813483,0.390625,0.78125,0.9765625
