max_fitness,coverage1,coverage2,coverage3
1.6406152,4.8828125,4.4921875,3.3203125
