max_fitness,coverage1,coverage2,coverage3
0.4900948,0.390625,2.734375,2.8320312
