max_fitness,coverage1,coverage2,coverage3
9.306143,4.3945312,4.8828125,3.2226562
