max_fitness,coverage1,coverage2,coverage3
4.605628,1.5625,4.8828125,2.734375
