max_fitness,coverage1,coverage2,coverage3
4.76888,0.1953125,3.4179688,2.1484375
