max_fitness,coverage1,coverage2,coverage3
0.11127787,2.8320312,1.3671875,1.5625
