max_fitness,coverage1,coverage2,coverage3
-1.6849707,0.09765625,0.9765625,3.90625
