max_fitness,coverage1,coverage2,coverage3
0.47530434,4.8828125,1.7578125,1.171875
