max_fitness,coverage1,coverage2,coverage3
7.291066,0.78125,4.8828125,3.0273438
