max_fitness,coverage1,coverage2,coverage3
1.1800407,4.8828125,1.8554688,1.0742188
