max_fitness,coverage1,coverage2,coverage3
0.9362757,0.390625,2.34375,2.1484375
