max_fitness,coverage1,coverage2,coverage3
-1.5513599,4.8828125,0.87890625,1.6601562
