max_fitness,coverage1,coverage2,coverage3
2.721217,1.2695312,1.953125,2.34375
