max_fitness,coverage1,coverage2,coverage3
0.42555928,3.125,1.4648438,3.0273438
