max_fitness,coverage1,coverage2,coverage3
1.1382476,3.0273438,4.8828125,1.171875
