max_fitness,coverage1,coverage2,coverage3
0.65165216,0.390625,2.34375,3.515625
