max_fitness,coverage1,coverage2,coverage3
2.5570097,2.5390625,1.7578125,2.1484375
