max_fitness,coverage1,coverage2,coverage3
1.3181269,0.09765625,4.8828125,1.4648438
