max_fitness,coverage1,coverage2,coverage3
6.238997,1.4648438,1.7578125,2.8320312
