max_fitness,coverage1,coverage2,coverage3
0.5482311,0.390625,2.34375,1.953125
