max_fitness,coverage1,coverage2,coverage3
1.2678925,0.390625,2.34375,2.734375
