max_fitness,coverage1,coverage2,coverage3
1.2676333,2.4414062,2.5390625,1.3671875
