max_fitness,coverage1,coverage2,coverage3
1.1157118,0.390625,3.125,0.9765625
