max_fitness,coverage1,coverage2,coverage3
4.8380594,0.09765625,3.3203125,1.2695312
