max_fitness,coverage1,coverage2,coverage3
-1.2620456,4.8828125,2.734375,3.90625
