max_fitness,coverage1,coverage2,coverage3
1.8795677,0.1953125,2.2460938,2.9296875
