max_fitness,coverage1,coverage2,coverage3
0.86601657,3.0273438,2.6367188,0.78125
