max_fitness,coverage1,coverage2,coverage3
8.131657,3.4179688,4.8828125,3.125
