max_fitness,coverage1,coverage2,coverage3
2.1901836,2.734375,4.8828125,0.9765625
