max_fitness,coverage1,coverage2,coverage3
0.30874902,3.8085938,4.8828125,1.8554688
