max_fitness,coverage1,coverage2,coverage3
6.2934723,0.390625,2.9296875,3.4179688
