max_fitness,coverage1,coverage2,coverage3
4.1472235,0.09765625,3.8085938,3.4179688
