max_fitness,coverage1,coverage2,coverage3
4.3834696,4.8828125,3.3203125,3.3203125
