max_fitness,coverage1,coverage2,coverage3
9.142731,2.5390625,2.5390625,3.6132812
