max_fitness,coverage1,coverage2,coverage3
-1.9941502,0.29296875,2.4414062,1.8554688
