max_fitness,coverage1,coverage2,coverage3
3.8803082,0.48828125,4.8828125,3.6132812
