max_fitness,coverage1,coverage2,coverage3
-1.1136159,2.9296875,4.8828125,3.515625
