max_fitness,coverage1,coverage2,coverage3
2.3914616,0.29296875,1.5625,2.6367188
