max_fitness,coverage1,coverage2,coverage3
9.973632,0.09765625,4.8828125,3.90625
