max_fitness,coverage1,coverage2,coverage3
3.7576022,0.09765625,3.515625,2.4414062
