max_fitness,coverage1,coverage2,coverage3
3.6398766,4.8828125,2.0507812,2.6367188
