max_fitness,coverage1,coverage2,coverage3
1.5548462,4.8828125,1.171875,2.0507812
