max_fitness,coverage1,coverage2,coverage3
0.34391883,2.734375,4.8828125,2.2460938
