max_fitness,coverage1,coverage2,coverage3
2.7446,4.8828125,2.734375,1.953125
