max_fitness,coverage1,coverage2,coverage3
4.7313366,0.1953125,3.515625,1.7578125
