max_fitness,coverage1,coverage2,coverage3
0.31021115,4.8828125,2.6367188,3.90625
