max_fitness,coverage1,coverage2,coverage3
0.3664493,4.1992188,3.4179688,1.6601562
