max_fitness,coverage1,coverage2,coverage3
2.31569,0.78125,4.8828125,2.4414062
