max_fitness,coverage1,coverage2,coverage3
-1.6144481,2.6367188,1.4648438,3.515625
