max_fitness,coverage1,coverage2,coverage3
2.8820727,2.34375,2.34375,1.2695312
