max_fitness,coverage1,coverage2,coverage3
4.2537446,0.09765625,3.515625,1.6601562
