max_fitness,coverage1,coverage2,coverage3
2.4321668,4.8828125,3.2226562,3.7109375
