max_fitness,coverage1,coverage2,coverage3
1.7681704,4.8828125,3.0273438,2.5390625
