max_fitness,coverage1,coverage2,coverage3
1.6388396,4.8828125,2.34375,2.734375
