max_fitness,coverage1,coverage2,coverage3
2.3540084,0.68359375,2.8320312,2.1484375
