max_fitness,coverage1,coverage2,coverage3
3.7097263,4.8828125,2.34375,3.90625
