max_fitness,coverage1,coverage2,coverage3
1.0491518,3.2226562,2.734375,0.68359375
