max_fitness,coverage1,coverage2,coverage3
9.043383,0.09765625,3.3203125,2.0507812
