max_fitness,coverage1,coverage2,coverage3
-2.3380916,0.5859375,4.8828125,3.0273438
