max_fitness,coverage1,coverage2,coverage3
0.7881412,0.87890625,4.8828125,1.8554688
