max_fitness,coverage1,coverage2,coverage3
1.8877671,0.09765625,1.5625,2.6367188
