max_fitness,coverage1,coverage2,coverage3
0.26065823,0.29296875,3.8085938,3.4179688
