max_fitness,coverage1,coverage2,coverage3
0.8708347,2.34375,2.0507812,1.2695312
