max_fitness,coverage1,coverage2,coverage3
2.2857919,0.5859375,3.125,2.0507812
