max_fitness,coverage1,coverage2,coverage3
4.2046413,3.7109375,4.8828125,2.9296875
