max_fitness,coverage1,coverage2,coverage3
1.996414,4.296875,4.0039062,1.953125
