max_fitness,coverage1,coverage2,coverage3
3.5745182,4.8828125,3.90625,1.8554688
