max_fitness,coverage1,coverage2,coverage3
4.46461,3.515625,4.8828125,3.6132812
