max_fitness,coverage1,coverage2,coverage3
0.06878947,4.8828125,2.34375,3.7109375
