max_fitness,coverage1,coverage2,coverage3
3.368729,1.3671875,3.0273438,2.6367188
