max_fitness,coverage1,coverage2,coverage3
0.06225942,0.1953125,4.8828125,1.7578125
