max_fitness,coverage1,coverage2,coverage3
3.6365306,3.6132812,2.8320312,2.34375
