max_fitness,coverage1,coverage2,coverage3
1.203564,3.4179688,1.4648438,2.5390625
