max_fitness,coverage1,coverage2,coverage3
1.0121285,0.29296875,2.8320312,3.2226562
