max_fitness,coverage1,coverage2,coverage3
-1.224171,0.48828125,4.8828125,4.0039062
