max_fitness,coverage1,coverage2,coverage3
2.8021247,0.1953125,4.8828125,4.0039062
