max_fitness,coverage1,coverage2,coverage3
-11.365743,3.125,1.4648438,1.2695312
