max_fitness,coverage1,coverage2,coverage3
-4.1059237,4.8828125,1.953125,1.953125
