max_fitness,coverage1,coverage2,coverage3
3.008107,4.8828125,1.8554688,1.5625
