max_fitness,coverage1,coverage2,coverage3
0.25609887,0.09765625,1.5625,0.78125
