max_fitness,coverage1,coverage2,coverage3
1.0639731,4.8828125,3.125,1.171875
