max_fitness,coverage1,coverage2,coverage3
4.549925,0.5859375,2.734375,2.34375
