max_fitness,coverage1,coverage2,coverage3
1.2977777,0.09765625,3.7109375,1.6601562
