max_fitness,coverage1,coverage2,coverage3
1.6949204,0.1953125,3.6132812,2.5390625
