max_fitness,coverage1,coverage2,coverage3
0.14144635,3.0273438,1.953125,1.2695312
