max_fitness,coverage1,coverage2,coverage3
-0.11775623,0.1953125,2.34375,1.171875
