max_fitness,coverage1,coverage2,coverage3
2.1874225,3.7109375,2.2460938,2.4414062
