max_fitness,coverage1,coverage2,coverage3
1.513857,4.8828125,2.4414062,1.6601562
