max_fitness,coverage1,coverage2,coverage3
2.8877625,2.34375,2.34375,1.7578125
