max_fitness,coverage1,coverage2,coverage3
3.795027,0.48828125,2.8320312,3.4179688
