max_fitness,coverage1,coverage2,coverage3
-2.376083,0.1953125,2.8320312,2.0507812
