max_fitness,coverage1,coverage2,coverage3
0.4682617,0.48828125,4.8828125,0.5859375
