max_fitness,coverage1,coverage2,coverage3
6.279505,4.3945312,3.90625,2.0507812
