max_fitness,coverage1,coverage2,coverage3
-1.5469882,3.125,1.4648438,3.3203125
