max_fitness,coverage1,coverage2,coverage3
0.19472271,0.5859375,4.8828125,3.0273438
