max_fitness,coverage1,coverage2,coverage3
0.8775304,0.29296875,2.8320312,2.8320312
