max_fitness,coverage1,coverage2,coverage3
1.3059357,2.5390625,1.171875,0.5859375
