max_fitness,coverage1,coverage2,coverage3
0.3652138,2.6367188,2.6367188,3.4179688
