max_fitness,coverage1,coverage2,coverage3
5.010805,4.5898438,3.4179688,2.9296875
