max_fitness,coverage1,coverage2,coverage3
0.15155594,4.8828125,1.171875,1.4648438
