max_fitness,coverage1,coverage2,coverage3
3.3799496,1.4648438,4.8828125,2.8320312
