max_fitness,coverage1,coverage2,coverage3
2.6168752,4.8828125,0.48828125,1.7578125
