max_fitness,coverage1,coverage2,coverage3
0.368816,1.953125,2.0507812,1.4648438
