max_fitness,coverage1,coverage2,coverage3
0.23595136,4.8828125,1.171875,2.6367188
