max_fitness,coverage1,coverage2,coverage3
2.5524073,4.0039062,3.515625,3.2226562
