max_fitness,coverage1,coverage2,coverage3
1.6957182,0.48828125,2.8320312,3.2226562
