max_fitness,coverage1,coverage2,coverage3
4.2984815,0.1953125,4.8828125,3.2226562
