max_fitness,coverage1,coverage2,coverage3
9.381478,2.6367188,4.8828125,3.515625
