max_fitness,coverage1,coverage2,coverage3
-8.246057,4.8828125,3.4179688,2.8320312
