max_fitness,coverage1,coverage2,coverage3
9.001438,3.90625,4.8828125,2.6367188
