max_fitness,coverage1,coverage2,coverage3
1.1562408,4.8828125,1.2695312,0.87890625
