max_fitness,coverage1,coverage2,coverage3
2.3241022,3.0273438,4.8828125,3.515625
