max_fitness,coverage1,coverage2,coverage3
3.8776696,0.5859375,2.0507812,1.6601562
