max_fitness,coverage1,coverage2,coverage3
0.81365323,4.4921875,3.4179688,1.953125
