max_fitness,coverage1,coverage2,coverage3
0.2942375,1.6601562,2.734375,4.0039062
