max_fitness,coverage1,coverage2,coverage3
3.5123622,2.8320312,1.8554688,1.7578125
