max_fitness,coverage1,coverage2,coverage3
2.2526577,0.1953125,1.8554688,3.2226562
