max_fitness,coverage1,coverage2,coverage3
1.1034287,3.125,1.4648438,0.9765625
