max_fitness,coverage1,coverage2,coverage3
-1.5694689,0.5859375,3.2226562,3.515625
