max_fitness,coverage1,coverage2,coverage3
0.2010151,4.8828125,2.34375,0.87890625
