max_fitness,coverage1,coverage2,coverage3
0.9431153,0.1953125,2.4414062,3.0273438
