max_fitness,coverage1,coverage2,coverage3
7.2920117,4.8828125,4.1015625,3.125
