max_fitness,coverage1,coverage2,coverage3
0.021330522,0.29296875,2.4414062,1.171875
