max_fitness,coverage1,coverage2,coverage3
5.9181604,0.78125,3.0273438,2.8320312
