max_fitness,coverage1,coverage2,coverage3
2.728668,1.6601562,4.8828125,2.734375
