max_fitness,coverage1,coverage2,coverage3
10.437332,0.5859375,2.734375,3.4179688
