max_fitness,coverage1,coverage2,coverage3
0.84920484,0.68359375,4.8828125,3.90625
