max_fitness,coverage1,coverage2,coverage3
0.07584491,2.8320312,2.5390625,1.0742188
