max_fitness,coverage1,coverage2,coverage3
1.8810794,1.4648438,1.7578125,1.5625
