max_fitness,coverage1,coverage2,coverage3
6.529983,2.9296875,1.5625,1.6601562
