max_fitness,coverage1,coverage2,coverage3
-11.49099,4.8828125,2.34375,2.2460938
