max_fitness,coverage1,coverage2,coverage3
1.5666814,4.8828125,4.4921875,1.8554688
