max_fitness,coverage1,coverage2,coverage3
2.7790751,0.48828125,2.8320312,3.6132812
