max_fitness,coverage1,coverage2,coverage3
0.31452402,4.8828125,2.34375,1.6601562
