max_fitness,coverage1,coverage2,coverage3
0.20822647,3.7109375,2.2460938,2.9296875
