max_fitness,coverage1,coverage2,coverage3
0.6653498,3.90625,3.90625,1.953125
