max_fitness,coverage1,coverage2,coverage3
8.61942,0.09765625,2.1484375,3.6132812
