max_fitness,coverage1,coverage2,coverage3
2.604842,2.734375,1.953125,2.5390625
