max_fitness,coverage1,coverage2,coverage3
5.113294,4.8828125,1.953125,2.6367188
