max_fitness,coverage1,coverage2,coverage3
3.6562514,4.8828125,2.734375,2.0507812
