max_fitness,coverage1,coverage2,coverage3
-2.332956,1.3671875,1.171875,2.734375
