max_fitness,coverage1,coverage2,coverage3
5.72543,4.8828125,1.2695312,2.1484375
