max_fitness,coverage1,coverage2,coverage3
1.5148777,4.8828125,2.734375,1.3671875
