max_fitness,coverage1,coverage2,coverage3
4.717305,4.8828125,4.296875,3.515625
