max_fitness,coverage1,coverage2,coverage3
0.49822667,3.125,1.3671875,0.87890625
