max_fitness,coverage1,coverage2,coverage3
-1.6026285,0.1953125,4.8828125,2.34375
