max_fitness,coverage1,coverage2,coverage3
0.21772826,3.515625,2.2460938,3.125
