max_fitness,coverage1,coverage2,coverage3
4.7933583,4.8828125,3.3203125,1.2695312
