max_fitness,coverage1,coverage2,coverage3
1.498893,0.390625,3.515625,2.34375
