max_fitness,coverage1,coverage2,coverage3
0.10791722,4.8828125,4.6875,1.5625
