max_fitness,coverage1,coverage2,coverage3
1.1531831,1.2695312,4.8828125,1.6601562
