max_fitness,coverage1,coverage2,coverage3
0.88054717,0.29296875,2.8320312,2.5390625
