max_fitness,coverage1,coverage2,coverage3
-3.003102,0.1953125,2.4414062,4.1992188
