max_fitness,coverage1,coverage2,coverage3
1.1737231,0.1953125,2.34375,1.5625
