max_fitness,coverage1,coverage2,coverage3
1.9087174,4.8828125,3.6132812,3.6132812
