max_fitness,coverage1,coverage2,coverage3
1.0742093,4.6875,2.4414062,3.3203125
