max_fitness,coverage1,coverage2,coverage3
2.3264635,4.8828125,3.3203125,3.7109375
