max_fitness,coverage1,coverage2,coverage3
0.4426973,0.1953125,2.6367188,1.6601562
