max_fitness,coverage1,coverage2,coverage3
0.5572431,0.29296875,3.8085938,2.5390625
