max_fitness,coverage1,coverage2,coverage3
-11.09882,0.29296875,1.5625,2.1484375
