max_fitness,coverage1,coverage2,coverage3
2.4109886,3.90625,3.6132812,1.8554688
