max_fitness,coverage1,coverage2,coverage3
1.7121669,4.8828125,3.4179688,3.2226562
