max_fitness,coverage1,coverage2,coverage3
0.14679165,4.8828125,0.5859375,0.9765625
