max_fitness,coverage1,coverage2,coverage3
-10.873014,0.48828125,2.8320312,2.34375
