max_fitness,coverage1,coverage2,coverage3
-2.9379406,1.2695312,4.8828125,3.2226562
