max_fitness,coverage1,coverage2,coverage3
0.1652031,4.296875,3.515625,2.2460938
