max_fitness,coverage1,coverage2,coverage3
1.3635621,0.390625,1.8554688,3.125
