max_fitness,coverage1,coverage2,coverage3
4.3109097,4.8828125,1.171875,2.1484375
