max_fitness,coverage1,coverage2,coverage3
2.9210799,4.8828125,1.953125,1.8554688
