max_fitness,coverage1,coverage2,coverage3
1.1304209,4.8828125,3.125,1.6601562
