max_fitness,coverage1,coverage2,coverage3
6.0176015,4.8828125,1.953125,1.7578125
