max_fitness,coverage1,coverage2,coverage3
1.6420091,4.0039062,3.3203125,1.953125
