max_fitness,coverage1,coverage2,coverage3
1.9118221,3.515625,1.953125,1.953125
