max_fitness,coverage1,coverage2,coverage3
2.0291133,3.7109375,2.5390625,3.3203125
