max_fitness,coverage1,coverage2,coverage3
-2.2190516,0.390625,2.734375,3.90625
