max_fitness,coverage1,coverage2,coverage3
0.39451572,2.8320312,4.8828125,0.9765625
