max_fitness,coverage1,coverage2,coverage3
2.6947565,4.8828125,4.3945312,2.734375
