max_fitness,coverage1,coverage2,coverage3
9.078026,2.34375,2.0507812,2.4414062
