max_fitness,coverage1,coverage2,coverage3
2.2382848,0.48828125,2.8320312,2.9296875
