max_fitness,coverage1,coverage2,coverage3
4.4705195,4.8828125,1.171875,2.34375
