max_fitness,coverage1,coverage2,coverage3
2.6028345,0.09765625,2.2460938,2.34375
