max_fitness,coverage1,coverage2,coverage3
1.3330684,3.125,2.6367188,1.6601562
