max_fitness,coverage1,coverage2,coverage3
-0.024092494,0.09765625,1.5625,1.3671875
