max_fitness,coverage1,coverage2,coverage3
1.351276,0.29296875,3.8085938,1.5625
