max_fitness,coverage1,coverage2,coverage3
6.4598837,3.0273438,4.8828125,2.2460938
