max_fitness,coverage1,coverage2,coverage3
0.92498213,0.78125,4.8828125,2.0507812
