max_fitness,coverage1,coverage2,coverage3
2.113978,4.8828125,1.953125,2.34375
