max_fitness,coverage1,coverage2,coverage3
3.552678,4.1015625,4.8828125,2.4414062
