max_fitness,coverage1,coverage2,coverage3
-0.1576533,2.9296875,1.5625,1.4648438
