max_fitness,coverage1,coverage2,coverage3
1.0744175,3.515625,4.8828125,2.8320312
