max_fitness,coverage1,coverage2,coverage3
0.008281018,3.515625,1.953125,3.6132812
