max_fitness,coverage1,coverage2,coverage3
-1.4955995,4.8828125,1.6601562,3.125
