max_fitness,coverage1,coverage2,coverage3
0.59253794,3.515625,4.8828125,0.87890625
