max_fitness,coverage1,coverage2,coverage3
1.632437,4.8828125,3.125,3.4179688
