max_fitness,coverage1,coverage2,coverage3
0.3574711,0.29296875,3.125,2.6367188
