max_fitness,coverage1,coverage2,coverage3
0.4628344,4.8828125,1.2695312,1.6601562
