max_fitness,coverage1,coverage2,coverage3
0.40771797,0.68359375,2.5390625,1.5625
