max_fitness,coverage1,coverage2,coverage3
-0.32317594,0.68359375,4.8828125,2.734375
