max_fitness,coverage1,coverage2,coverage3
1.6282113,4.8828125,4.1015625,1.6601562
