max_fitness,coverage1,coverage2,coverage3
1.9943756,3.515625,2.0507812,1.953125
