max_fitness,coverage1,coverage2,coverage3
0.6240879,3.0273438,1.953125,1.171875
