max_fitness,coverage1,coverage2,coverage3
0.09557789,0.78125,2.8320312,1.3671875
