max_fitness,coverage1,coverage2,coverage3
-10.246824,0.5859375,4.8828125,1.6601562
