max_fitness,coverage1,coverage2,coverage3
6.8899603,1.3671875,1.171875,2.8320312
