max_fitness,coverage1,coverage2,coverage3
-9.657513,1.2695312,4.8828125,2.1484375
