max_fitness,coverage1,coverage2,coverage3
2.6971395,0.390625,3.515625,1.953125
