max_fitness,coverage1,coverage2,coverage3
3.7595074,0.5859375,4.8828125,3.3203125
