max_fitness,coverage1,coverage2,coverage3
1.0699617,1.3671875,3.0273438,1.5625
