max_fitness,coverage1,coverage2,coverage3
-2.3396056,3.125,1.3671875,2.0507812
