max_fitness,coverage1,coverage2,coverage3
0.71002126,0.1953125,4.8828125,1.2695312
