max_fitness,coverage1,coverage2,coverage3
-1.4633902,4.1992188,4.8828125,3.125
