max_fitness,coverage1,coverage2,coverage3
-1.2606556,2.2460938,4.8828125,2.6367188
