max_fitness,coverage1,coverage2,coverage3
6.377061,0.29296875,3.125,3.515625
