max_fitness,coverage1,coverage2,coverage3
5.995618,3.8085938,4.8828125,2.6367188
