max_fitness,coverage1,coverage2,coverage3
2.3147721,4.296875,3.3203125,2.734375
