max_fitness,coverage1,coverage2,coverage3
0.2912132,0.09765625,4.8828125,3.2226562
