max_fitness,coverage1,coverage2,coverage3
2.2901225,3.90625,4.8828125,1.953125
