max_fitness,coverage1,coverage2,coverage3
5.5247726,4.8828125,3.6132812,3.2226562
