max_fitness,coverage1,coverage2,coverage3
5.358817,4.4921875,4.1992188,2.6367188
