max_fitness,coverage1,coverage2,coverage3
0.8298751,4.1992188,3.90625,1.6601562
