max_fitness,coverage1,coverage2,coverage3
3.602044,3.8085938,2.5390625,2.0507812
