max_fitness,coverage1,coverage2,coverage3
2.1889117,4.1992188,4.8828125,3.3203125
