max_fitness,coverage1,coverage2,coverage3
0.746354,3.515625,2.5390625,3.0273438
