max_fitness,coverage1,coverage2,coverage3
1.8598992,4.4921875,3.90625,1.6601562
