max_fitness,coverage1,coverage2,coverage3
2.8063555,0.09765625,2.2460938,1.6601562
