max_fitness,coverage1,coverage2,coverage3
3.2177138,4.8828125,2.8320312,2.9296875
