max_fitness,coverage1,coverage2,coverage3
-1.2849594,0.48828125,0.68359375,3.125
