max_fitness,coverage1,coverage2,coverage3
3.548479,0.68359375,2.8320312,1.2695312
