max_fitness,coverage1,coverage2,coverage3
1.8903892,4.1015625,3.7109375,1.953125
