max_fitness,coverage1,coverage2,coverage3
1.1501255,0.68359375,4.8828125,1.953125
