max_fitness,coverage1,coverage2,coverage3
-1.4306103,3.4179688,4.8828125,2.9296875
