max_fitness,coverage1,coverage2,coverage3
2.5629368,2.5390625,4.8828125,2.734375
