max_fitness,coverage1,coverage2,coverage3
4.3588176,0.1953125,3.3203125,1.6601562
