max_fitness,coverage1,coverage2,coverage3
2.4265938,2.34375,4.8828125,1.953125
