max_fitness,coverage1,coverage2,coverage3
2.5345447,0.390625,4.8828125,1.0742188
