max_fitness,coverage1,coverage2,coverage3
3.1743,0.48828125,0.68359375,3.515625
