max_fitness,coverage1,coverage2,coverage3
3.3907495,2.34375,2.34375,0.9765625
