max_fitness,coverage1,coverage2,coverage3
1.1250997,0.09765625,4.8828125,1.2695312
