max_fitness,coverage1,coverage2,coverage3
5.4402585,3.3203125,1.8554688,2.1484375
