max_fitness,coverage1,coverage2,coverage3
0.69111997,3.7109375,4.8828125,3.3203125
