max_fitness,coverage1,coverage2,coverage3
0.766912,4.1015625,3.7109375,1.8554688
