max_fitness,coverage1,coverage2,coverage3
8.741184,1.7578125,1.0742188,2.5390625
