max_fitness,coverage1,coverage2,coverage3
-0.39193106,4.8828125,4.6875,3.515625
