max_fitness,coverage1,coverage2,coverage3
0.835607,0.29296875,4.8828125,0.68359375
