max_fitness,coverage1,coverage2,coverage3
2.102887,4.8828125,2.9296875,1.953125
