max_fitness,coverage1,coverage2,coverage3
9.093929,2.1484375,4.8828125,3.6132812
