max_fitness,coverage1,coverage2,coverage3
6.9372683,3.6132812,1.6601562,3.6132812
