max_fitness,coverage1,coverage2,coverage3
0.117516086,0.48828125,0.5859375,2.0507812
