max_fitness,coverage1,coverage2,coverage3
-1.4063756,3.4179688,1.4648438,3.515625
