max_fitness,coverage1,coverage2,coverage3
0.5346726,4.8828125,2.1484375,1.5625
