max_fitness,coverage1,coverage2,coverage3
3.342816,4.1015625,3.90625,1.2695312
