max_fitness,coverage1,coverage2,coverage3
-0.30443755,0.1953125,3.4179688,3.2226562
