max_fitness,coverage1,coverage2,coverage3
-1.6734315,4.8828125,4.296875,3.8085938
