max_fitness,coverage1,coverage2,coverage3
2.5811849,0.1953125,3.125,2.4414062
