max_fitness,coverage1,coverage2,coverage3
0.30545083,4.3945312,3.90625,1.7578125
