max_fitness,coverage1,coverage2,coverage3
2.4489028,3.6132812,4.8828125,2.9296875
