max_fitness,coverage1,coverage2,coverage3
0.31593713,3.7109375,4.8828125,4.0039062
