max_fitness,coverage1,coverage2,coverage3
5.2388697,3.4179688,4.8828125,2.9296875
