max_fitness,coverage1,coverage2,coverage3
1.8789792,4.8828125,2.0507812,2.1484375
