max_fitness,coverage1,coverage2,coverage3
3.5766418,3.4179688,1.4648438,1.7578125
