max_fitness,coverage1,coverage2,coverage3
-3.1327317,4.1015625,2.4414062,2.8320312
