max_fitness,coverage1,coverage2,coverage3
2.5657568,1.6601562,2.734375,2.734375
