max_fitness,coverage1,coverage2,coverage3
0.033329736,4.8828125,3.8085938,3.515625
