max_fitness,coverage1,coverage2,coverage3
0.042765837,4.1992188,3.90625,2.2460938
