max_fitness,coverage1,coverage2,coverage3
-0.055026844,3.515625,2.6367188,0.87890625
