max_fitness,coverage1,coverage2,coverage3
0.06361976,0.29296875,2.1484375,1.8554688
