max_fitness,coverage1,coverage2,coverage3
1.12358,0.1953125,2.8320312,1.953125
