max_fitness,coverage1,coverage2,coverage3
2.7203948,0.09765625,1.7578125,2.4414062
