max_fitness,coverage1,coverage2,coverage3
2.3837821,2.734375,2.0507812,1.4648438
