max_fitness,coverage1,coverage2,coverage3
-3.2381585,0.390625,0.78125,1.3671875
