max_fitness,coverage1,coverage2,coverage3
0.7142842,0.68359375,2.8320312,2.34375
