max_fitness,coverage1,coverage2,coverage3
7.638822,4.8828125,0.9765625,3.125
