max_fitness,coverage1,coverage2,coverage3
-1.401754,0.5859375,4.8828125,3.7109375
