max_fitness,coverage1,coverage2,coverage3
5.3939247,3.90625,3.6132812,2.1484375
