max_fitness,coverage1,coverage2,coverage3
3.6695006,0.09765625,4.8828125,1.5625
