max_fitness,coverage1,coverage2,coverage3
4.5302534,0.48828125,4.8828125,2.1484375
