max_fitness,coverage1,coverage2,coverage3
1.5004566,1.3671875,1.171875,0.9765625
