max_fitness,coverage1,coverage2,coverage3
0.626994,3.4179688,3.125,0.87890625
