max_fitness,coverage1,coverage2,coverage3
-0.06319572,4.8828125,1.3671875,1.3671875
