max_fitness,coverage1,coverage2,coverage3
8.898506,0.390625,2.8320312,3.2226562
