max_fitness,coverage1,coverage2,coverage3
2.5935502,3.8085938,4.8828125,2.8320312
