max_fitness,coverage1,coverage2,coverage3
-0.038414184,2.9296875,1.5625,3.4179688
