max_fitness,coverage1,coverage2,coverage3
7.8891525,1.3671875,2.0507812,2.2460938
