max_fitness,coverage1,coverage2,coverage3
4.584542,3.90625,2.2460938,1.4648438
