max_fitness,coverage1,coverage2,coverage3
0.21275823,4.8828125,4.7851562,3.0273438
