max_fitness,coverage1,coverage2,coverage3
1.8592496,4.8828125,2.34375,1.8554688
