max_fitness,coverage1,coverage2,coverage3
-14.228169,3.515625,1.3671875,1.8554688
