max_fitness,coverage1,coverage2,coverage3
4.959429,4.8828125,3.4179688,2.0507812
