max_fitness,coverage1,coverage2,coverage3
1.1385841,3.0273438,4.8828125,1.6601562
