max_fitness,coverage1,coverage2,coverage3
4.6823115,0.1953125,1.7578125,2.2460938
