max_fitness,coverage1,coverage2,coverage3
4.563928,4.3945312,3.90625,1.6601562
