max_fitness,coverage1,coverage2,coverage3
1.1069479,4.8828125,3.0273438,0.68359375
