max_fitness,coverage1,coverage2,coverage3
1.1275423,0.78125,2.8320312,1.4648438
