max_fitness,coverage1,coverage2,coverage3
-0.7870415,0.5859375,2.0507812,2.34375
