max_fitness,coverage1,coverage2,coverage3
6.7654033,3.7109375,4.8828125,2.6367188
