max_fitness,coverage1,coverage2,coverage3
3.9348426,0.1953125,3.2226562,3.0273438
