max_fitness,coverage1,coverage2,coverage3
1.0616492,2.1484375,1.4648438,2.1484375
