max_fitness,coverage1,coverage2,coverage3
1.2948802,3.515625,1.953125,1.6601562
