max_fitness,coverage1,coverage2,coverage3
0.32855794,0.09765625,2.1484375,2.9296875
