max_fitness,coverage1,coverage2,coverage3
1.0404013,0.390625,2.34375,1.4648438
