max_fitness,coverage1,coverage2,coverage3
0.8401458,3.0273438,2.6367188,1.3671875
