max_fitness,coverage1,coverage2,coverage3
-0.6296261,2.734375,4.8828125,3.8085938
