max_fitness,coverage1,coverage2,coverage3
1.5574504,0.48828125,0.68359375,2.4414062
