max_fitness,coverage1,coverage2,coverage3
5.0898495,0.29296875,2.4414062,1.3671875
