max_fitness,coverage1,coverage2,coverage3
0.70587265,3.4179688,4.8828125,1.171875
