max_fitness,coverage1,coverage2,coverage3
7.50022,0.87890625,4.8828125,2.9296875
