max_fitness,coverage1,coverage2,coverage3
4.717305,0.9765625,3.3203125,2.734375
