max_fitness,coverage1,coverage2,coverage3
1.4308008,4.1992188,4.1992188,3.0273438
