max_fitness,coverage1,coverage2,coverage3
0.97286165,0.09765625,2.2460938,1.8554688
