max_fitness,coverage1,coverage2,coverage3
-1.7720098,0.5859375,2.9296875,1.953125
