max_fitness,coverage1,coverage2,coverage3
-1.4039681,0.29296875,1.5625,3.7109375
