max_fitness,coverage1,coverage2,coverage3
1.1917543,4.8828125,1.6601562,1.171875
