max_fitness,coverage1,coverage2,coverage3
1.7398663,4.8828125,2.0507812,2.5390625
