max_fitness,coverage1,coverage2,coverage3
-1.5434647,2.8320312,1.3671875,3.6132812
