max_fitness,coverage1,coverage2,coverage3
3.0297465,3.2226562,2.4414062,1.6601562
