max_fitness,coverage1,coverage2,coverage3
2.2820363,3.125,2.6367188,2.0507812
