max_fitness,coverage1,coverage2,coverage3
0.18220857,0.390625,1.953125,2.6367188
