max_fitness,coverage1,coverage2,coverage3
2.2140856,0.29296875,3.8085938,2.6367188
