max_fitness,coverage1,coverage2,coverage3
3.1127636,4.8828125,1.8554688,2.34375
