max_fitness,coverage1,coverage2,coverage3
-9.361548,0.390625,4.8828125,2.9296875
