max_fitness,coverage1,coverage2,coverage3
1.4256011,3.0273438,1.953125,1.5625
