max_fitness,coverage1,coverage2,coverage3
1.9810606,0.1953125,3.125,1.6601562
