max_fitness,coverage1,coverage2,coverage3
0.53540504,4.8828125,3.125,2.34375
