max_fitness,coverage1,coverage2,coverage3
6.110896,4.1015625,3.8085938,1.7578125
