max_fitness,coverage1,coverage2,coverage3
6.251069,2.4414062,2.5390625,1.6601562
