max_fitness,coverage1,coverage2,coverage3
0.35475263,3.8085938,4.8828125,3.4179688
