max_fitness,coverage1,coverage2,coverage3
6.53059,0.09765625,3.0273438,2.1484375
