max_fitness,coverage1,coverage2,coverage3
0.4330885,4.8828125,0.87890625,0.29296875
