max_fitness,coverage1,coverage2,coverage3
-8.167874,4.8828125,2.6367188,3.515625
