max_fitness,coverage1,coverage2,coverage3
0.3434745,0.390625,2.6367188,2.6367188
