max_fitness,coverage1,coverage2,coverage3
2.4489145,3.4179688,4.8828125,1.4648438
