max_fitness,coverage1,coverage2,coverage3
3.4288857,0.09765625,3.515625,2.5390625
