max_fitness,coverage1,coverage2,coverage3
0.90859795,0.29296875,4.8828125,1.0742188
