max_fitness,coverage1,coverage2,coverage3
-5.866043,4.8828125,2.4414062,1.7578125
