max_fitness,coverage1,coverage2,coverage3
3.698528,0.1953125,2.34375,2.734375
