max_fitness,coverage1,coverage2,coverage3
1.9883827,3.6132812,4.8828125,1.5625
