max_fitness,coverage1,coverage2,coverage3
0.103611365,4.8828125,3.3203125,2.5390625
