max_fitness,coverage1,coverage2,coverage3
-2.7425957,4.8828125,2.4414062,1.953125
