max_fitness,coverage1,coverage2,coverage3
6.782443,4.8828125,1.6601562,3.8085938
