max_fitness,coverage1,coverage2,coverage3
1.7435069,2.8320312,1.8554688,1.8554688
