max_fitness,coverage1,coverage2,coverage3
3.0659564,4.8828125,2.6367188,2.8320312
