max_fitness,coverage1,coverage2,coverage3
0.49255234,0.390625,2.34375,2.34375
