max_fitness,coverage1,coverage2,coverage3
2.4328601,4.0039062,2.9296875,3.515625
