max_fitness,coverage1,coverage2,coverage3
0.25048956,3.7109375,2.5390625,3.2226562
