max_fitness,coverage1,coverage2,coverage3
2.4810786,0.1953125,3.6132812,2.5390625
