max_fitness,coverage1,coverage2,coverage3
8.903488,4.8828125,2.8320312,2.8320312
