max_fitness,coverage1,coverage2,coverage3
0.0064240587,0.48828125,1.953125,0.87890625
