max_fitness,coverage1,coverage2,coverage3
3.784972,3.7109375,4.8828125,2.2460938
