max_fitness,coverage1,coverage2,coverage3
0.5442582,0.9765625,3.0273438,0.78125
