max_fitness,coverage1,coverage2,coverage3
1.2732501,2.9296875,2.34375,1.7578125
