max_fitness,coverage1,coverage2,coverage3
5.790585,0.390625,1.8554688,4.4921875
