max_fitness,coverage1,coverage2,coverage3
1.8777428,4.296875,4.0039062,1.0742188
