max_fitness,coverage1,coverage2,coverage3
3.9051502,0.5859375,2.9296875,2.4414062
