max_fitness,coverage1,coverage2,coverage3
5.1309586,0.5859375,4.8828125,1.171875
