max_fitness,coverage1,coverage2,coverage3
-12.698284,4.8828125,2.4414062,2.734375
