max_fitness,coverage1,coverage2,coverage3
3.1228964,0.1953125,3.125,2.0507812
