max_fitness,coverage1,coverage2,coverage3
-0.35287127,0.09765625,2.6367188,4.1992188
