max_fitness,coverage1,coverage2,coverage3
2.0652745,4.8828125,1.953125,1.171875
