max_fitness,coverage1,coverage2,coverage3
-0.1237426,2.1484375,4.8828125,3.125
