max_fitness,coverage1,coverage2,coverage3
3.6063168,0.1953125,2.5390625,1.5625
