max_fitness,coverage1,coverage2,coverage3
2.246403,2.5390625,2.1484375,2.8320312
