max_fitness,coverage1,coverage2,coverage3
2.6707032,0.87890625,4.8828125,1.8554688
