max_fitness,coverage1,coverage2,coverage3
-9.297846,0.390625,3.2226562,2.2460938
