max_fitness,coverage1,coverage2,coverage3
-1.8230245,0.29296875,3.125,2.6367188
