max_fitness,coverage1,coverage2,coverage3
2.3088462,0.9765625,3.0273438,2.4414062
