max_fitness,coverage1,coverage2,coverage3
3.1721487,3.515625,4.8828125,3.2226562
