max_fitness,coverage1,coverage2,coverage3
0.6508515,4.4921875,3.4179688,1.953125
