max_fitness,coverage1,coverage2,coverage3
2.3034391,4.8828125,1.3671875,1.953125
