max_fitness,coverage1,coverage2,coverage3
-0.021520814,1.953125,2.6367188,1.7578125
