max_fitness,coverage1,coverage2,coverage3
1.3637347,4.1992188,1.953125,3.4179688
