max_fitness,coverage1,coverage2,coverage3
2.174878,0.29296875,3.90625,1.171875
