max_fitness,coverage1,coverage2,coverage3
0.61305726,4.8828125,0.5859375,0.78125
