max_fitness,coverage1,coverage2,coverage3
-0.34863237,0.5859375,3.2226562,2.8320312
