max_fitness,coverage1,coverage2,coverage3
2.7384899,0.09765625,3.7109375,1.7578125
