max_fitness,coverage1,coverage2,coverage3
-13.385373,0.48828125,1.7578125,1.4648438
