max_fitness,coverage1,coverage2,coverage3
-0.21269637,0.68359375,2.9296875,2.6367188
