max_fitness,coverage1,coverage2,coverage3
6.7378507,4.8828125,2.734375,1.6601562
