max_fitness,coverage1,coverage2,coverage3
-0.026286531,4.8828125,3.125,3.2226562
