max_fitness,coverage1,coverage2,coverage3
2.2757418,2.34375,2.0507812,1.5625
