max_fitness,coverage1,coverage2,coverage3
-1.4640222,0.1953125,2.2460938,3.90625
