max_fitness,coverage1,coverage2,coverage3
-0.48059267,1.953125,2.6367188,3.125
