max_fitness,coverage1,coverage2,coverage3
0.94316393,4.4921875,4.1992188,1.7578125
