max_fitness,coverage1,coverage2,coverage3
2.0546856,4.7851562,4.296875,2.6367188
