max_fitness,coverage1,coverage2,coverage3
8.029572,4.0039062,2.2460938,3.125
