max_fitness,coverage1,coverage2,coverage3
0.11714131,2.5390625,2.1484375,3.6132812
