max_fitness,coverage1,coverage2,coverage3
0.44337702,0.48828125,2.9296875,1.3671875
