max_fitness,coverage1,coverage2,coverage3
6.0661845,0.48828125,2.8320312,2.6367188
