max_fitness,coverage1,coverage2,coverage3
0.244341,2.6367188,4.8828125,2.0507812
