max_fitness,coverage1,coverage2,coverage3
0.45806143,0.1953125,2.6367188,0.5859375
