max_fitness,coverage1,coverage2,coverage3
-1.4359789,3.90625,2.2460938,3.7109375
