max_fitness,coverage1,coverage2,coverage3
4.8559995,4.8828125,1.2695312,1.7578125
