max_fitness,coverage1,coverage2,coverage3
0.30977094,0.48828125,0.5859375,2.9296875
