max_fitness,coverage1,coverage2,coverage3
-0.102727145,0.29296875,4.8828125,0.68359375
