max_fitness,coverage1,coverage2,coverage3
0.5460747,4.8828125,4.1015625,0.78125
