max_fitness,coverage1,coverage2,coverage3
1.7599072,0.29296875,3.125,4.1992188
