max_fitness,coverage1,coverage2,coverage3
2.8351874,2.5390625,1.7578125,2.4414062
