max_fitness,coverage1,coverage2,coverage3
1.2690945,2.9296875,2.6367188,1.5625
