max_fitness,coverage1,coverage2,coverage3
-6.7987604,4.8828125,2.6367188,2.34375
