max_fitness,coverage1,coverage2,coverage3
1.1131359,4.8828125,2.6367188,4.296875
