max_fitness,coverage1,coverage2,coverage3
0.24901323,4.8828125,2.2460938,1.4648438
