max_fitness,coverage1,coverage2,coverage3
-1.5213841,0.09765625,3.515625,3.4179688
