max_fitness,coverage1,coverage2,coverage3
-1.5506277,3.0273438,1.953125,2.5390625
