max_fitness,coverage1,coverage2,coverage3
5.129646,0.1953125,2.34375,3.90625
