max_fitness,coverage1,coverage2,coverage3
1.2507008,4.8828125,4.3945312,1.2695312
