max_fitness,coverage1,coverage2,coverage3
3.860806,0.48828125,4.8828125,0.68359375
