max_fitness,coverage1,coverage2,coverage3
-1.2712339,3.90625,4.8828125,2.4414062
