max_fitness,coverage1,coverage2,coverage3
6.486916,4.8828125,2.6367188,1.8554688
