max_fitness,coverage1,coverage2,coverage3
0.793156,4.8828125,4.6875,0.87890625
