max_fitness,coverage1,coverage2,coverage3
0.88763106,1.3671875,2.0507812,0.9765625
