max_fitness,coverage1,coverage2,coverage3
0.38879618,0.390625,2.734375,1.6601562
