max_fitness,coverage1,coverage2,coverage3
-0.3802148,0.48828125,2.8320312,3.0273438
