max_fitness,coverage1,coverage2,coverage3
3.1847613,4.3945312,4.8828125,1.6601562
