max_fitness,coverage1,coverage2,coverage3
-2.8601532,2.5390625,4.8828125,2.4414062
