max_fitness,coverage1,coverage2,coverage3
8.27435,4.8828125,4.7851562,2.8320312
