max_fitness,coverage1,coverage2,coverage3
2.1859381,0.5859375,2.734375,3.0273438
