max_fitness,coverage1,coverage2,coverage3
1.0117391,3.3203125,4.8828125,2.2460938
