max_fitness,coverage1,coverage2,coverage3
3.110906,2.2460938,4.8828125,2.1484375
