max_fitness,coverage1,coverage2,coverage3
1.5255241,0.87890625,4.8828125,1.6601562
