max_fitness,coverage1,coverage2,coverage3
1.7275043,0.5859375,4.8828125,1.8554688
