max_fitness,coverage1,coverage2,coverage3
3.6525078,0.29296875,2.4414062,1.171875
