max_fitness,coverage1,coverage2,coverage3
1.2689512,3.515625,2.5390625,3.90625
