max_fitness,coverage1,coverage2,coverage3
1.1156216,4.8828125,1.3671875,0.78125
