max_fitness,coverage1,coverage2,coverage3
0.14104304,4.5898438,3.4179688,2.2460938
