max_fitness,coverage1,coverage2,coverage3
0.0098193595,0.78125,2.8320312,3.90625
