max_fitness,coverage1,coverage2,coverage3
0.25246996,0.1953125,3.2226562,1.3671875
