max_fitness,coverage1,coverage2,coverage3
0.6374807,0.390625,4.5898438,1.4648438
