max_fitness,coverage1,coverage2,coverage3
0.84605473,0.48828125,2.9296875,3.2226562
