max_fitness,coverage1,coverage2,coverage3
5.907514,0.1953125,4.8828125,3.7109375
