max_fitness,coverage1,coverage2,coverage3
-0.013989652,0.390625,2.6367188,3.0273438
