max_fitness,coverage1,coverage2,coverage3
0.52458674,2.8320312,2.2460938,0.78125
