max_fitness,coverage1,coverage2,coverage3
4.2563515,0.09765625,4.8828125,1.0742188
