max_fitness,coverage1,coverage2,coverage3
0.60605145,4.8828125,4.7851562,2.1484375
