max_fitness,coverage1,coverage2,coverage3
1.6629293,4.8828125,4.3945312,2.2460938
