max_fitness,coverage1,coverage2,coverage3
2.954122,4.8828125,2.2460938,2.34375
