max_fitness,coverage1,coverage2,coverage3
3.2208047,4.8828125,2.6367188,1.7578125
