max_fitness,coverage1,coverage2,coverage3
1.919599,4.8828125,2.1484375,3.515625
