max_fitness,coverage1,coverage2,coverage3
0.43678924,3.125,2.6367188,1.6601562
