max_fitness,coverage1,coverage2,coverage3
2.5780606,4.296875,3.90625,3.0273438
