max_fitness,coverage1,coverage2,coverage3
2.1906965,4.8828125,1.6601562,3.515625
