max_fitness,coverage1,coverage2,coverage3
1.5024132,4.1015625,2.4414062,1.7578125
