max_fitness,coverage1,coverage2,coverage3
2.393329,4.1992188,3.90625,2.1484375
