max_fitness,coverage1,coverage2,coverage3
1.074962,3.125,2.6367188,1.8554688
