max_fitness,coverage1,coverage2,coverage3
-0.59388345,4.8828125,3.3203125,3.7109375
