max_fitness,coverage1,coverage2,coverage3
2.7036169,3.6132812,1.6601562,3.0273438
