max_fitness,coverage1,coverage2,coverage3
0.45042774,0.29296875,1.7578125,1.0742188
