max_fitness,coverage1,coverage2,coverage3
0.47900945,1.3671875,2.0507812,1.0742188
