max_fitness,coverage1,coverage2,coverage3
-0.20764303,0.1953125,4.8828125,3.0273438
