max_fitness,coverage1,coverage2,coverage3
0.5354703,3.3203125,4.8828125,1.5625
