max_fitness,coverage1,coverage2,coverage3
0.24841896,0.1953125,3.6132812,1.2695312
