max_fitness,coverage1,coverage2,coverage3
-2.1561482,0.68359375,4.8828125,2.2460938
