max_fitness,coverage1,coverage2,coverage3
2.8372557,0.9765625,3.3203125,2.34375
