max_fitness,coverage1,coverage2,coverage3
-1.9668595,1.6601562,2.734375,2.4414062
