max_fitness,coverage1,coverage2,coverage3
2.750494,4.8828125,3.6132812,4.0039062
