max_fitness,coverage1,coverage2,coverage3
-1.4425064,3.515625,4.8828125,3.4179688
