max_fitness,coverage1,coverage2,coverage3
5.6184545,2.8320312,2.4414062,1.8554688
