max_fitness,coverage1,coverage2,coverage3
0.8198099,4.8828125,4.296875,1.5625
