max_fitness,coverage1,coverage2,coverage3
7.164013,3.125,1.3671875,2.9296875
