max_fitness,coverage1,coverage2,coverage3
2.4624836,3.3203125,1.8554688,1.5625
