max_fitness,coverage1,coverage2,coverage3
0.10439247,2.5390625,1.171875,3.6132812
