max_fitness,coverage1,coverage2,coverage3
3.200471,4.8828125,4.296875,3.515625
