max_fitness,coverage1,coverage2,coverage3
3.6398766,2.8320312,1.8554688,2.734375
