max_fitness,coverage1,coverage2,coverage3
0.9108791,3.125,1.3671875,1.4648438
