max_fitness,coverage1,coverage2,coverage3
1.9882373,0.1953125,3.6132812,1.8554688
