max_fitness,coverage1,coverage2,coverage3
1.7577839,0.9765625,3.0273438,2.0507812
