max_fitness,coverage1,coverage2,coverage3
2.6444082,2.6367188,1.7578125,2.34375
