max_fitness,coverage1,coverage2,coverage3
2.416781,0.09765625,0.9765625,3.4179688
