max_fitness,coverage1,coverage2,coverage3
3.3067372,2.5390625,1.171875,0.87890625
