max_fitness,coverage1,coverage2,coverage3
7.774407,4.8828125,1.2695312,2.6367188
