max_fitness,coverage1,coverage2,coverage3
5.537406,0.09765625,4.8828125,3.125
