max_fitness,coverage1,coverage2,coverage3
2.3034391,3.515625,1.3671875,2.0507812
