max_fitness,coverage1,coverage2,coverage3
0.63447785,0.78125,3.0273438,3.125
