max_fitness,coverage1,coverage2,coverage3
2.1835387,4.8828125,3.4179688,3.8085938
