max_fitness,coverage1,coverage2,coverage3
0.16646697,4.8828125,3.0273438,1.8554688
