max_fitness,coverage1,coverage2,coverage3
8.931236,3.515625,2.0507812,3.6132812
