max_fitness,coverage1,coverage2,coverage3
10.471333,4.8828125,1.6601562,2.6367188
