max_fitness,coverage1,coverage2,coverage3
2.729421,4.1015625,3.90625,1.6601562
