max_fitness,coverage1,coverage2,coverage3
-1.8526678,4.8828125,3.125,3.6132812
