max_fitness,coverage1,coverage2,coverage3
1.7696131,0.68359375,4.8828125,4.1992188
