max_fitness,coverage1,coverage2,coverage3
1.5708982,4.8828125,1.953125,0.68359375
