max_fitness,coverage1,coverage2,coverage3
5.83747,0.390625,0.78125,2.1484375
