max_fitness,coverage1,coverage2,coverage3
6.409083,4.296875,3.3203125,2.4414062
