max_fitness,coverage1,coverage2,coverage3
-2.3952055,0.29296875,4.8828125,1.5625
