max_fitness,coverage1,coverage2,coverage3
1.632308,0.29296875,3.125,3.0273438
