max_fitness,coverage1,coverage2,coverage3
1.5377641,4.8828125,4.3945312,3.3203125
