max_fitness,coverage1,coverage2,coverage3
-1.4889271,4.8828125,1.8554688,1.6601562
