max_fitness,coverage1,coverage2,coverage3
6.641343,1.3671875,1.171875,1.3671875
