max_fitness,coverage1,coverage2,coverage3
-1.6617459,4.8828125,3.125,4.3945312
