max_fitness,coverage1,coverage2,coverage3
4.7684035,0.09765625,3.3203125,2.1484375
