max_fitness,coverage1,coverage2,coverage3
-0.48059267,4.8828125,1.953125,2.2460938
