max_fitness,coverage1,coverage2,coverage3
1.8391272,4.4921875,4.1992188,1.953125
