max_fitness,coverage1,coverage2,coverage3
-2.9542205,0.09765625,1.5625,3.8085938
