max_fitness,coverage1,coverage2,coverage3
-3.0482893,0.1953125,2.8320312,3.125
