max_fitness,coverage1,coverage2,coverage3
4.0801177,2.34375,2.0507812,1.4648438
