max_fitness,coverage1,coverage2,coverage3
1.8173497,2.34375,4.8828125,2.5390625
