max_fitness,coverage1,coverage2,coverage3
1.9611022,3.125,1.4648438,1.4648438
