max_fitness,coverage1,coverage2,coverage3
0.6570538,1.3671875,3.0273438,1.953125
