max_fitness,coverage1,coverage2,coverage3
5.5543437,4.8828125,2.9296875,3.7109375
