max_fitness,coverage1,coverage2,coverage3
-1.6404158,3.125,1.4648438,3.6132812
