max_fitness,coverage1,coverage2,coverage3
1.5637664,3.0273438,4.8828125,3.2226562
