max_fitness,coverage1,coverage2,coverage3
0.5819803,4.8828125,2.9296875,2.8320312
