max_fitness,coverage1,coverage2,coverage3
1.032161,0.29296875,4.8828125,0.5859375
