max_fitness,coverage1,coverage2,coverage3
1.3264365,3.125,1.4648438,0.9765625
