max_fitness,coverage1,coverage2,coverage3
3.6818545,4.8828125,3.6132812,2.34375
