max_fitness,coverage1,coverage2,coverage3
0.53049827,4.1015625,4.1015625,2.2460938
