max_fitness,coverage1,coverage2,coverage3
-1.4273233,3.4179688,4.8828125,3.125
