max_fitness,coverage1,coverage2,coverage3
0.42910656,2.5390625,2.4414062,0.87890625
