max_fitness,coverage1,coverage2,coverage3
0.6261056,4.8828125,4.296875,1.4648438
