max_fitness,coverage1,coverage2,coverage3
0.88763106,2.0507812,4.8828125,0.78125
