max_fitness,coverage1,coverage2,coverage3
-1.4845022,0.1953125,3.4179688,4.0039062
