max_fitness,coverage1,coverage2,coverage3
2.268246,4.8828125,2.734375,2.34375
