max_fitness,coverage1,coverage2,coverage3
2.470109,1.953125,2.0507812,2.5390625
