max_fitness,coverage1,coverage2,coverage3
1.6727749,4.8828125,3.125,2.9296875
