max_fitness,coverage1,coverage2,coverage3
1.1138009,0.09765625,3.3203125,1.3671875
