max_fitness,coverage1,coverage2,coverage3
0.77339137,4.8828125,3.8085938,2.6367188
