max_fitness,coverage1,coverage2,coverage3
1.7514541,3.3203125,2.34375,2.5390625
