max_fitness,coverage1,coverage2,coverage3
8.142217,4.8828125,2.0507812,2.5390625
