max_fitness,coverage1,coverage2,coverage3
2.0635145,4.8828125,2.734375,3.0273438
