max_fitness,coverage1,coverage2,coverage3
3.5582762,2.9296875,4.8828125,2.4414062
