max_fitness,coverage1,coverage2,coverage3
7.2920117,0.78125,4.8828125,2.9296875
