max_fitness,coverage1,coverage2,coverage3
0.45284587,4.8828125,3.2226562,1.4648438
