max_fitness,coverage1,coverage2,coverage3
1.3224378,1.3671875,3.0273438,2.1484375
