max_fitness,coverage1,coverage2,coverage3
0.11471833,1.7578125,4.8828125,2.5390625
