max_fitness,coverage1,coverage2,coverage3
2.3486705,1.953125,2.6367188,1.8554688
