max_fitness,coverage1,coverage2,coverage3
1.4852661,4.8828125,4.6875,2.5390625
