max_fitness,coverage1,coverage2,coverage3
0.07777292,2.5390625,4.8828125,3.4179688
