max_fitness,coverage1,coverage2,coverage3
0.3485225,2.8320312,4.8828125,2.0507812
