max_fitness,coverage1,coverage2,coverage3
1.2846038,0.29296875,4.8828125,0.78125
