max_fitness,coverage1,coverage2,coverage3
1.9421673,0.390625,4.8828125,2.34375
