max_fitness,coverage1,coverage2,coverage3
2.7768533,4.8828125,2.2460938,3.2226562
