max_fitness,coverage1,coverage2,coverage3
-10.961165,4.8828125,1.7578125,2.34375
