max_fitness,coverage1,coverage2,coverage3
-1.4663404,2.734375,4.8828125,2.9296875
