max_fitness,coverage1,coverage2,coverage3
3.0539653,0.09765625,1.5625,1.6601562
