max_fitness,coverage1,coverage2,coverage3
-13.592293,0.78125,4.8828125,2.1484375
