max_fitness,coverage1,coverage2,coverage3
1.2828397,0.29296875,2.1484375,1.6601562
