max_fitness,coverage1,coverage2,coverage3
2.402982,2.8320312,4.8828125,2.734375
