max_fitness,coverage1,coverage2,coverage3
2.8182862,3.90625,3.90625,2.0507812
