max_fitness,coverage1,coverage2,coverage3
0.4807654,4.8828125,3.8085938,1.4648438
