max_fitness,coverage1,coverage2,coverage3
0.5984713,3.8085938,4.8828125,1.2695312
