max_fitness,coverage1,coverage2,coverage3
3.8865404,4.8828125,4.5898438,2.734375
