max_fitness,coverage1,coverage2,coverage3
-1.8859584,4.8828125,1.953125,3.7109375
