max_fitness,coverage1,coverage2,coverage3
1.8487715,0.390625,0.78125,1.2695312
