max_fitness,coverage1,coverage2,coverage3
0.8573212,0.390625,3.4179688,3.515625
