max_fitness,coverage1,coverage2,coverage3
3.1965916,3.0273438,4.8828125,2.0507812
