max_fitness,coverage1,coverage2,coverage3
2.9879434,4.8828125,1.8554688,0.9765625
