max_fitness,coverage1,coverage2,coverage3
0.8100667,2.734375,4.8828125,2.5390625
