max_fitness,coverage1,coverage2,coverage3
5.907514,0.1953125,1.7578125,4.3945312
