max_fitness,coverage1,coverage2,coverage3
1.3264365,3.515625,4.8828125,1.4648438
