max_fitness,coverage1,coverage2,coverage3
-0.1579279,0.09765625,3.7109375,2.8320312
