max_fitness,coverage1,coverage2,coverage3
3.866003,0.9765625,2.5390625,2.34375
