max_fitness,coverage1,coverage2,coverage3
0.6668033,4.8828125,4.296875,2.34375
