max_fitness,coverage1,coverage2,coverage3
3.3162553,0.78125,3.0273438,2.4414062
