max_fitness,coverage1,coverage2,coverage3
5.488092,4.8828125,3.4179688,3.2226562
