max_fitness,coverage1,coverage2,coverage3
0.95296466,2.6367188,2.2460938,0.68359375
