max_fitness,coverage1,coverage2,coverage3
1.926248,4.8828125,2.9296875,3.125
