max_fitness,coverage1,coverage2,coverage3
-1.4585608,2.34375,1.7578125,3.7109375
