max_fitness,coverage1,coverage2,coverage3
0.643873,4.0039062,3.515625,2.0507812
