max_fitness,coverage1,coverage2,coverage3
1.8377426,3.125,2.6367188,1.953125
