max_fitness,coverage1,coverage2,coverage3
6.767356,0.1953125,3.125,3.2226562
