max_fitness,coverage1,coverage2,coverage3
-2.3076053,0.1953125,2.6367188,4.6875
