max_fitness,coverage1,coverage2,coverage3
0.29869667,0.29296875,4.8828125,1.171875
