max_fitness,coverage1,coverage2,coverage3
0.8179384,4.8828125,1.6601562,0.48828125
