max_fitness,coverage1,coverage2,coverage3
5.365145,0.09765625,4.8828125,1.8554688
