max_fitness,coverage1,coverage2,coverage3
1.9507654,3.7109375,2.734375,2.5390625
