max_fitness,coverage1,coverage2,coverage3
9.392582,0.09765625,3.3203125,1.5625
