max_fitness,coverage1,coverage2,coverage3
1.6680294,0.48828125,1.953125,2.1484375
