max_fitness,coverage1,coverage2,coverage3
0.5243865,3.8085938,4.8828125,1.8554688
