max_fitness,coverage1,coverage2,coverage3
2.9445086,3.515625,4.8828125,1.2695312
