max_fitness,coverage1,coverage2,coverage3
5.824208,0.390625,3.515625,2.6367188
