max_fitness,coverage1,coverage2,coverage3
1.5764041,4.8828125,3.125,4.1992188
