max_fitness,coverage1,coverage2,coverage3
1.5093565,3.90625,2.2460938,2.0507812
