max_fitness,coverage1,coverage2,coverage3
2.9093874,3.90625,2.2460938,2.9296875
