max_fitness,coverage1,coverage2,coverage3
8.0141535,0.5859375,2.734375,3.3203125
