max_fitness,coverage1,coverage2,coverage3
5.566208,0.29296875,4.8828125,1.4648438
