max_fitness,coverage1,coverage2,coverage3
2.6424055,4.8828125,3.0273438,2.4414062
