max_fitness,coverage1,coverage2,coverage3
0.5411243,3.0273438,2.6367188,1.0742188
