max_fitness,coverage1,coverage2,coverage3
0.12130969,0.09765625,1.953125,2.0507812
