max_fitness,coverage1,coverage2,coverage3
1.2148107,4.8828125,1.7578125,0.68359375
