max_fitness,coverage1,coverage2,coverage3
0.99545157,0.390625,0.5859375,1.2695312
