max_fitness,coverage1,coverage2,coverage3
1.0648484,0.390625,2.4414062,1.953125
