max_fitness,coverage1,coverage2,coverage3
4.594257,4.1992188,4.1992188,1.171875
