max_fitness,coverage1,coverage2,coverage3
4.5640655,1.6601562,2.734375,1.7578125
