max_fitness,coverage1,coverage2,coverage3
2.4872303,4.8828125,3.0273438,2.2460938
