max_fitness,coverage1,coverage2,coverage3
2.8693736,0.09765625,3.515625,1.0742188
