max_fitness,coverage1,coverage2,coverage3
-1.5938731,0.09765625,2.1484375,3.515625
