max_fitness,coverage1,coverage2,coverage3
1.878026,3.0273438,1.953125,2.1484375
