max_fitness,coverage1,coverage2,coverage3
1.8206158,4.5898438,3.4179688,2.5390625
