max_fitness,coverage1,coverage2,coverage3
1.2877457,0.09765625,1.953125,1.4648438
