max_fitness,coverage1,coverage2,coverage3
-0.021520814,4.8828125,1.953125,1.2695312
