max_fitness,coverage1,coverage2,coverage3
0.30606592,0.09765625,3.515625,1.3671875
