max_fitness,coverage1,coverage2,coverage3
2.0766275,4.8828125,3.2226562,3.0273438
