max_fitness,coverage1,coverage2,coverage3
0.36390308,3.7109375,4.8828125,1.953125
