max_fitness,coverage1,coverage2,coverage3
0.15142876,0.48828125,0.68359375,2.1484375
