max_fitness,coverage1,coverage2,coverage3
-1.1367964,0.68359375,4.8828125,4.296875
