max_fitness,coverage1,coverage2,coverage3
0.7192605,4.1015625,3.125,2.6367188
