max_fitness,coverage1,coverage2,coverage3
4.386514,0.68359375,2.8320312,1.4648438
