max_fitness,coverage1,coverage2,coverage3
1.0491205,4.296875,3.3203125,3.4179688
