max_fitness,coverage1,coverage2,coverage3
1.5194004,0.09765625,2.2460938,2.8320312
