max_fitness,coverage1,coverage2,coverage3
2.4347906,0.1953125,2.34375,3.6132812
