max_fitness,coverage1,coverage2,coverage3
7.926856,4.8828125,4.296875,4.0039062
