max_fitness,coverage1,coverage2,coverage3
3.417686,2.9296875,4.8828125,1.3671875
