max_fitness,coverage1,coverage2,coverage3
-4.919054,2.8320312,1.3671875,3.2226562
