max_fitness,coverage1,coverage2,coverage3
-2.5094106,0.09765625,3.7109375,2.2460938
