max_fitness,coverage1,coverage2,coverage3
0.80525345,4.8828125,2.8320312,0.48828125
