max_fitness,coverage1,coverage2,coverage3
-1.4397511,0.1953125,2.4414062,4.296875
