max_fitness,coverage1,coverage2,coverage3
-11.070121,4.8828125,2.2460938,2.6367188
