max_fitness,coverage1,coverage2,coverage3
-2.2265399,0.1953125,2.4414062,2.8320312
