max_fitness,coverage1,coverage2,coverage3
6.333755,4.8828125,2.4414062,3.4179688
