max_fitness,coverage1,coverage2,coverage3
0.51469284,4.8828125,3.4179688,3.515625
