max_fitness,coverage1,coverage2,coverage3
0.67837495,0.390625,0.78125,0.390625
