max_fitness,coverage1,coverage2,coverage3
-0.15191704,3.3203125,0.9765625,2.734375
