max_fitness,coverage1,coverage2,coverage3
-3.1055598,2.734375,4.8828125,1.5625
