max_fitness,coverage1,coverage2,coverage3
1.7927953,0.1953125,3.515625,3.8085938
