max_fitness,coverage1,coverage2,coverage3
4.0759654,0.1953125,4.8828125,3.6132812
