max_fitness,coverage1,coverage2,coverage3
-13.342168,4.8828125,1.8554688,1.2695312
