max_fitness,coverage1,coverage2,coverage3
-11.651283,0.48828125,4.8828125,1.953125
