max_fitness,coverage1,coverage2,coverage3
2.4701931,1.4648438,4.8828125,3.2226562
