max_fitness,coverage1,coverage2,coverage3
1.1114653,0.48828125,4.8828125,1.171875
