max_fitness,coverage1,coverage2,coverage3
3.710914,4.1015625,4.1015625,2.1484375
