max_fitness,coverage1,coverage2,coverage3
1.0552171,0.29296875,4.8828125,0.68359375
