max_fitness,coverage1,coverage2,coverage3
5.2684793,2.8320312,4.8828125,2.2460938
