max_fitness,coverage1,coverage2,coverage3
0.07336026,4.8828125,2.2460938,1.5625
