max_fitness,coverage1,coverage2,coverage3
3.0553584,4.0039062,2.9296875,3.4179688
