max_fitness,coverage1,coverage2,coverage3
2.5561578,4.8828125,1.2695312,0.78125
