max_fitness,coverage1,coverage2,coverage3
0.85893005,4.5898438,3.4179688,3.3203125
