max_fitness,coverage1,coverage2,coverage3
-3.3722153,1.953125,2.6367188,2.8320312
