max_fitness,coverage1,coverage2,coverage3
0.5895558,2.8320312,1.8554688,2.0507812
