max_fitness,coverage1,coverage2,coverage3
-0.0074712704,2.2460938,4.8828125,0.68359375
