max_fitness,coverage1,coverage2,coverage3
2.9077463,2.734375,2.0507812,2.8320312
