max_fitness,coverage1,coverage2,coverage3
3.8309195,1.6601562,2.734375,1.953125
