max_fitness,coverage1,coverage2,coverage3
1.0406647,0.5859375,4.8828125,1.3671875
