max_fitness,coverage1,coverage2,coverage3
1.251685,0.390625,3.515625,1.7578125
