max_fitness,coverage1,coverage2,coverage3
0.450593,0.09765625,3.515625,1.171875
