max_fitness,coverage1,coverage2,coverage3
2.657217,3.125,1.3671875,1.2695312
