max_fitness,coverage1,coverage2,coverage3
0.9067174,0.390625,2.734375,3.3203125
