max_fitness,coverage1,coverage2,coverage3
3.3640027,0.5859375,3.125,3.6132812
