max_fitness,coverage1,coverage2,coverage3
5.671399,2.34375,2.0507812,3.0273438
