max_fitness,coverage1,coverage2,coverage3
-1.5327587,2.4414062,2.5390625,2.6367188
