max_fitness,coverage1,coverage2,coverage3
2.6167407,0.1953125,3.4179688,2.9296875
