max_fitness,coverage1,coverage2,coverage3
1.2723342,4.1992188,3.4179688,1.7578125
