max_fitness,coverage1,coverage2,coverage3
0.7816226,0.390625,2.734375,2.4414062
