max_fitness,coverage1,coverage2,coverage3
0.2428705,0.09765625,2.1484375,1.6601562
