max_fitness,coverage1,coverage2,coverage3
0.35622665,4.8828125,4.4921875,3.515625
