max_fitness,coverage1,coverage2,coverage3
5.3037763,0.09765625,3.7109375,2.8320312
