max_fitness,coverage1,coverage2,coverage3
0.54250145,0.390625,1.8554688,1.8554688
