max_fitness,coverage1,coverage2,coverage3
1.658131,0.48828125,4.8828125,1.6601562
