max_fitness,coverage1,coverage2,coverage3
-15.253144,4.8828125,1.2695312,1.953125
