max_fitness,coverage1,coverage2,coverage3
3.9311445,0.68359375,2.5390625,3.4179688
