max_fitness,coverage1,coverage2,coverage3
-1.0473219,2.734375,2.34375,1.4648438
