max_fitness,coverage1,coverage2,coverage3
0.59704846,3.0273438,2.6367188,1.0742188
