max_fitness,coverage1,coverage2,coverage3
1.6014498,3.7109375,2.5390625,3.125
