max_fitness,coverage1,coverage2,coverage3
0.11613505,4.8828125,4.296875,1.3671875
