max_fitness,coverage1,coverage2,coverage3
0.107736565,3.0273438,1.953125,3.515625
