max_fitness,coverage1,coverage2,coverage3
1.7178355,4.1015625,3.125,2.734375
