max_fitness,coverage1,coverage2,coverage3
-0.27167368,2.4414062,2.5390625,1.0742188
