max_fitness,coverage1,coverage2,coverage3
0.7189567,0.87890625,4.8828125,3.515625
