max_fitness,coverage1,coverage2,coverage3
0.31163225,0.29296875,4.8828125,0.9765625
