max_fitness,coverage1,coverage2,coverage3
0.11406957,4.6875,2.8320312,3.515625
