max_fitness,coverage1,coverage2,coverage3
1.2997881,2.6367188,1.4648438,1.4648438
