max_fitness,coverage1,coverage2,coverage3
9.383746,0.09765625,4.8828125,2.6367188
