max_fitness,coverage1,coverage2,coverage3
-2.0975444,4.1015625,4.8828125,1.8554688
