max_fitness,coverage1,coverage2,coverage3
2.5694335,4.8828125,3.125,3.4179688
