max_fitness,coverage1,coverage2,coverage3
2.3595762,4.8828125,0.9765625,2.5390625
