max_fitness,coverage1,coverage2,coverage3
-0.46790653,0.09765625,3.515625,2.4414062
