max_fitness,coverage1,coverage2,coverage3
2.6293068,1.5625,4.8828125,3.8085938
