max_fitness,coverage1,coverage2,coverage3
-1.365075,0.29296875,4.8828125,3.0273438
