max_fitness,coverage1,coverage2,coverage3
2.8540373,0.48828125,4.8828125,1.953125
