max_fitness,coverage1,coverage2,coverage3
2.7204058,4.5898438,3.3203125,3.0273438
