max_fitness,coverage1,coverage2,coverage3
5.3456087,2.734375,1.953125,2.9296875
