max_fitness,coverage1,coverage2,coverage3
6.525963,0.9765625,4.8828125,3.125
