max_fitness,coverage1,coverage2,coverage3
1.4190292,0.68359375,4.8828125,0.9765625
