max_fitness,coverage1,coverage2,coverage3
4.5189357,4.0039062,2.2460938,2.1484375
