max_fitness,coverage1,coverage2,coverage3
6.221679,4.8828125,2.4414062,1.171875
