max_fitness,coverage1,coverage2,coverage3
0.5099871,4.8828125,1.8554688,0.9765625
