max_fitness,coverage1,coverage2,coverage3
2.5617468,2.5390625,1.7578125,1.953125
