max_fitness,coverage1,coverage2,coverage3
-0.43832487,0.9765625,1.2695312,3.125
