max_fitness,coverage1,coverage2,coverage3
3.9047768,4.8828125,2.8320312,3.0273438
