max_fitness,coverage1,coverage2,coverage3
2.6190743,3.125,1.3671875,2.734375
