max_fitness,coverage1,coverage2,coverage3
1.0035666,0.1953125,2.4414062,0.87890625
