max_fitness,coverage1,coverage2,coverage3
0.60884434,4.8828125,3.4179688,3.3203125
