max_fitness,coverage1,coverage2,coverage3
1.7172304,4.8828125,3.3203125,3.125
