max_fitness,coverage1,coverage2,coverage3
1.2828748,0.09765625,3.515625,1.5625
