max_fitness,coverage1,coverage2,coverage3
-10.45663,0.09765625,1.953125,2.34375
