max_fitness,coverage1,coverage2,coverage3
0.83204633,0.1953125,4.8828125,0.9765625
