max_fitness,coverage1,coverage2,coverage3
2.3206637,0.29296875,3.125,2.34375
