max_fitness,coverage1,coverage2,coverage3
0.22454947,3.90625,2.2460938,1.2695312
