max_fitness,coverage1,coverage2,coverage3
0.8149655,3.3203125,2.34375,1.4648438
