max_fitness,coverage1,coverage2,coverage3
1.2766421,4.3945312,4.8828125,1.2695312
