max_fitness,coverage1,coverage2,coverage3
1.0969689,4.0039062,3.515625,1.4648438
