max_fitness,coverage1,coverage2,coverage3
1.8621714,2.6367188,1.6601562,2.6367188
