max_fitness,coverage1,coverage2,coverage3
4.580315,0.48828125,1.953125,1.3671875
