max_fitness,coverage1,coverage2,coverage3
3.5379114,1.3671875,4.8828125,1.2695312
