max_fitness,coverage1,coverage2,coverage3
0.22737725,4.8828125,1.7578125,3.0273438
