max_fitness,coverage1,coverage2,coverage3
0.28030956,0.48828125,2.9296875,2.734375
