max_fitness,coverage1,coverage2,coverage3
2.249862,0.29296875,1.5625,2.8320312
