max_fitness,coverage1,coverage2,coverage3
0.46182048,2.34375,2.0507812,3.4179688
