max_fitness,coverage1,coverage2,coverage3
2.6982791,4.1992188,4.8828125,3.0273438
