max_fitness,coverage1,coverage2,coverage3
0.53770685,4.1015625,3.7109375,2.1484375
