max_fitness,coverage1,coverage2,coverage3
7.6695,4.8828125,1.7578125,2.5390625
