max_fitness,coverage1,coverage2,coverage3
4.4541626,4.1992188,3.90625,2.4414062
