max_fitness,coverage1,coverage2,coverage3
-1.6262165,0.48828125,4.8828125,4.1015625
