max_fitness,coverage1,coverage2,coverage3
-1.6476661,4.8828125,0.48828125,1.3671875
