max_fitness,coverage1,coverage2,coverage3
2.4750838,4.8828125,1.953125,3.0273438
