max_fitness,coverage1,coverage2,coverage3
1.4774629,3.4179688,1.4648438,1.4648438
