max_fitness,coverage1,coverage2,coverage3
-10.317015,0.48828125,1.953125,2.2460938
