max_fitness,coverage1,coverage2,coverage3
1.4840714,4.8828125,3.2226562,2.8320312
