max_fitness,coverage1,coverage2,coverage3
-1.6183388,0.09765625,1.7578125,4.0039062
