max_fitness,coverage1,coverage2,coverage3
0.54896575,4.8828125,2.2460938,1.7578125
