max_fitness,coverage1,coverage2,coverage3
0.8304855,3.125,1.4648438,1.171875
