max_fitness,coverage1,coverage2,coverage3
-0.20606643,0.390625,2.34375,3.4179688
