max_fitness,coverage1,coverage2,coverage3
2.5392253,0.5859375,2.734375,1.4648438
