max_fitness,coverage1,coverage2,coverage3
-8.519613,4.8828125,3.6132812,3.0273438
