max_fitness,coverage1,coverage2,coverage3
1.5379181,1.6601562,4.8828125,2.0507812
