max_fitness,coverage1,coverage2,coverage3
1.0906986,0.78125,4.8828125,1.953125
