max_fitness,coverage1,coverage2,coverage3
4.4166627,0.09765625,1.5625,3.0273438
