max_fitness,coverage1,coverage2,coverage3
1.2387819,2.6367188,2.6367188,2.0507812
