max_fitness,coverage1,coverage2,coverage3
-0.06766455,0.09765625,3.515625,3.6132812
