max_fitness,coverage1,coverage2,coverage3
1.2565666,0.87890625,4.8828125,2.5390625
