max_fitness,coverage1,coverage2,coverage3
-14.030215,0.78125,3.0273438,2.34375
