max_fitness,coverage1,coverage2,coverage3
1.5855533,4.8828125,3.2226562,2.8320312
