max_fitness,coverage1,coverage2,coverage3
5.1167483,0.1953125,1.8554688,2.4414062
