max_fitness,coverage1,coverage2,coverage3
0.9661362,0.48828125,2.9296875,1.2695312
