max_fitness,coverage1,coverage2,coverage3
-1.6969787,0.29296875,3.125,3.515625
