max_fitness,coverage1,coverage2,coverage3
0.31249216,0.09765625,3.8085938,3.515625
