max_fitness,coverage1,coverage2,coverage3
6.5040884,1.2695312,4.8828125,2.9296875
