max_fitness,coverage1,coverage2,coverage3
0.16102915,0.68359375,4.8828125,1.3671875
