max_fitness,coverage1,coverage2,coverage3
3.3377573,4.8828125,3.4179688,2.5390625
