max_fitness,coverage1,coverage2,coverage3
6.5316706,0.09765625,3.3203125,1.953125
