max_fitness,coverage1,coverage2,coverage3
-2.0716488,2.8320312,1.8554688,2.0507812
