max_fitness,coverage1,coverage2,coverage3
-1.0675437,0.29296875,2.9296875,4.3945312
