max_fitness,coverage1,coverage2,coverage3
0.221062,0.09765625,3.0273438,0.9765625
