max_fitness,coverage1,coverage2,coverage3
0.22701432,0.390625,3.515625,1.171875
