max_fitness,coverage1,coverage2,coverage3
-0.34662712,0.390625,1.953125,2.2460938
