max_fitness,coverage1,coverage2,coverage3
-9.2940035,4.8828125,3.0273438,2.734375
