max_fitness,coverage1,coverage2,coverage3
0.8626406,3.515625,2.0507812,2.34375
