max_fitness,coverage1,coverage2,coverage3
1.5115687,4.8828125,2.0507812,0.87890625
