max_fitness,coverage1,coverage2,coverage3
0.70053303,0.48828125,1.953125,2.0507812
