max_fitness,coverage1,coverage2,coverage3
2.476626,4.8828125,4.296875,4.0039062
