max_fitness,coverage1,coverage2,coverage3
5.671399,3.4179688,4.8828125,3.515625
