max_fitness,coverage1,coverage2,coverage3
0.18363295,0.390625,0.5859375,0.5859375
