max_fitness,coverage1,coverage2,coverage3
1.0231326,2.6367188,2.5390625,1.2695312
