max_fitness,coverage1,coverage2,coverage3
0.5202038,2.1484375,4.8828125,2.0507812
