max_fitness,coverage1,coverage2,coverage3
-11.664954,0.09765625,0.9765625,2.2460938
