max_fitness,coverage1,coverage2,coverage3
0.5816252,0.68359375,2.8320312,1.8554688
