max_fitness,coverage1,coverage2,coverage3
1.3154584,2.8320312,1.3671875,2.1484375
