max_fitness,coverage1,coverage2,coverage3
0.6030219,0.390625,2.734375,2.0507812
