max_fitness,coverage1,coverage2,coverage3
1.3343166,3.90625,4.8828125,0.9765625
