max_fitness,coverage1,coverage2,coverage3
4.36498,2.734375,1.953125,3.6132812
