max_fitness,coverage1,coverage2,coverage3
0.9716126,2.734375,2.34375,0.68359375
