max_fitness,coverage1,coverage2,coverage3
3.7611153,4.8828125,1.3671875,1.2695312
