max_fitness,coverage1,coverage2,coverage3
5.2324147,0.29296875,3.90625,3.125
