max_fitness,coverage1,coverage2,coverage3
-11.552658,3.90625,2.2460938,2.2460938
