max_fitness,coverage1,coverage2,coverage3
-10.752872,0.9765625,4.8828125,1.4648438
