max_fitness,coverage1,coverage2,coverage3
5.4087057,3.515625,4.8828125,3.2226562
