max_fitness,coverage1,coverage2,coverage3
8.267622,3.2226562,1.3671875,2.734375
