max_fitness,coverage1,coverage2,coverage3
0.558792,0.68359375,4.8828125,3.4179688
