max_fitness,coverage1,coverage2,coverage3
2.6573234,4.8828125,4.5898438,2.0507812
