max_fitness,coverage1,coverage2,coverage3
6.7340994,3.515625,2.2460938,2.9296875
