max_fitness,coverage1,coverage2,coverage3
2.1118867,3.90625,4.8828125,2.1484375
