max_fitness,coverage1,coverage2,coverage3
7.789646,4.8828125,2.6367188,3.4179688
