max_fitness,coverage1,coverage2,coverage3
2.0226543,0.48828125,0.68359375,1.8554688
