max_fitness,coverage1,coverage2,coverage3
1.5799981,0.29296875,3.125,3.0273438
