max_fitness,coverage1,coverage2,coverage3
1.3307937,4.8828125,4.3945312,0.87890625
