max_fitness,coverage1,coverage2,coverage3
-2.8766556,3.90625,4.8828125,2.5390625
