max_fitness,coverage1,coverage2,coverage3
2.3662114,3.515625,2.2460938,2.2460938
