max_fitness,coverage1,coverage2,coverage3
1.2172575,0.09765625,1.7578125,1.6601562
