max_fitness,coverage1,coverage2,coverage3
-12.618448,4.0039062,2.2460938,1.953125
