max_fitness,coverage1,coverage2,coverage3
4.918583,0.1953125,2.4414062,2.1484375
