max_fitness,coverage1,coverage2,coverage3
3.1801577,2.8320312,4.8828125,2.34375
