max_fitness,coverage1,coverage2,coverage3
1.2188025,3.515625,3.125,1.3671875
