max_fitness,coverage1,coverage2,coverage3
0.09463885,4.8828125,4.3945312,2.5390625
