max_fitness,coverage1,coverage2,coverage3
0.999267,4.8828125,1.3671875,1.3671875
