max_fitness,coverage1,coverage2,coverage3
6.5953755,0.29296875,4.8828125,0.9765625
