max_fitness,coverage1,coverage2,coverage3
4.461558,3.0273438,4.8828125,3.4179688
