max_fitness,coverage1,coverage2,coverage3
2.6935246,0.390625,4.5898438,1.953125
