max_fitness,coverage1,coverage2,coverage3
4.0003977,0.78125,4.8828125,1.3671875
