max_fitness,coverage1,coverage2,coverage3
1.9127488,4.8828125,2.4414062,2.6367188
