max_fitness,coverage1,coverage2,coverage3
0.5417285,4.8828125,4.296875,1.5625
