max_fitness,coverage1,coverage2,coverage3
-1.4631165,2.2460938,4.8828125,2.6367188
