max_fitness,coverage1,coverage2,coverage3
4.402797,0.68359375,2.8320312,4.0039062
