max_fitness,coverage1,coverage2,coverage3
0.2816321,3.3203125,2.34375,0.9765625
