max_fitness,coverage1,coverage2,coverage3
2.721217,4.8828125,1.953125,1.8554688
