max_fitness,coverage1,coverage2,coverage3
5.5464764,4.8828125,4.4921875,2.734375
