max_fitness,coverage1,coverage2,coverage3
2.0428994,3.515625,4.8828125,3.515625
