max_fitness,coverage1,coverage2,coverage3
1.787543,0.29296875,3.3203125,2.6367188
