max_fitness,coverage1,coverage2,coverage3
1.419189,0.78125,4.8828125,3.2226562
