max_fitness,coverage1,coverage2,coverage3
-1.5736966,3.3203125,0.9765625,3.7109375
