max_fitness,coverage1,coverage2,coverage3
6.6882253,3.4179688,4.8828125,3.515625
