max_fitness,coverage1,coverage2,coverage3
0.54200274,0.29296875,2.2460938,1.5625
