max_fitness,coverage1,coverage2,coverage3
0.61099625,0.5859375,3.2226562,3.125
