max_fitness,coverage1,coverage2,coverage3
6.1911306,0.09765625,4.8828125,1.4648438
