max_fitness,coverage1,coverage2,coverage3
7.8943553,0.09765625,3.515625,3.8085938
