max_fitness,coverage1,coverage2,coverage3
0.15795058,4.8828125,2.34375,0.68359375
