max_fitness,coverage1,coverage2,coverage3
1.5713143,4.8828125,0.48828125,0.48828125
