max_fitness,coverage1,coverage2,coverage3
0.15387216,0.1953125,4.0039062,2.9296875
