max_fitness,coverage1,coverage2,coverage3
2.966995,0.68359375,2.5390625,2.734375
