max_fitness,coverage1,coverage2,coverage3
2.6049175,2.0507812,4.8828125,1.953125
