max_fitness,coverage1,coverage2,coverage3
0.06701178,3.8085938,3.4179688,1.8554688
