max_fitness,coverage1,coverage2,coverage3
10.384992,0.87890625,4.8828125,3.7109375
