max_fitness,coverage1,coverage2,coverage3
6.1538124,4.8828125,2.8320312,0.9765625
