max_fitness,coverage1,coverage2,coverage3
7.5186706,0.68359375,4.8828125,3.3203125
