max_fitness,coverage1,coverage2,coverage3
1.7923806,4.4921875,3.90625,2.0507812
