max_fitness,coverage1,coverage2,coverage3
0.34969208,1.5625,4.8828125,1.2695312
