max_fitness,coverage1,coverage2,coverage3
2.077575,4.8828125,1.3671875,1.7578125
