max_fitness,coverage1,coverage2,coverage3
9.590954,4.8828125,1.953125,3.3203125
