max_fitness,coverage1,coverage2,coverage3
7.0796275,0.09765625,2.2460938,3.8085938
