max_fitness,coverage1,coverage2,coverage3
0.34561324,2.34375,2.34375,0.78125
