max_fitness,coverage1,coverage2,coverage3
0.5951145,4.0039062,3.515625,2.1484375
