max_fitness,coverage1,coverage2,coverage3
1.4765722,4.8828125,4.296875,2.734375
