max_fitness,coverage1,coverage2,coverage3
0.11248245,0.5859375,2.734375,1.7578125
