max_fitness,coverage1,coverage2,coverage3
5.615028,2.8320312,1.3671875,3.515625
