max_fitness,coverage1,coverage2,coverage3
-9.036064,0.1953125,3.4179688,2.734375
