max_fitness,coverage1,coverage2,coverage3
-2.4322999,0.390625,4.8828125,1.5625
