max_fitness,coverage1,coverage2,coverage3
4.128379,0.390625,4.8828125,1.7578125
