max_fitness,coverage1,coverage2,coverage3
7.6298075,4.8828125,1.953125,2.734375
