max_fitness,coverage1,coverage2,coverage3
0.30690652,1.953125,2.6367188,1.3671875
