max_fitness,coverage1,coverage2,coverage3
0.20009707,2.34375,4.8828125,1.8554688
