max_fitness,coverage1,coverage2,coverage3
6.58927,4.0039062,4.8828125,3.515625
