max_fitness,coverage1,coverage2,coverage3
1.4401339,4.1992188,3.90625,2.0507812
