max_fitness,coverage1,coverage2,coverage3
0.98581254,3.2226562,2.734375,1.6601562
