max_fitness,coverage1,coverage2,coverage3
3.4109848,4.8828125,3.125,1.3671875
