max_fitness,coverage1,coverage2,coverage3
4.487362,2.5390625,1.171875,3.3203125
