max_fitness,coverage1,coverage2,coverage3
2.6776059,4.1015625,3.125,3.0273438
