max_fitness,coverage1,coverage2,coverage3
2.3006554,4.8828125,4.3945312,1.953125
