max_fitness,coverage1,coverage2,coverage3
1.1337079,0.390625,3.515625,1.2695312
