max_fitness,coverage1,coverage2,coverage3
0.41916895,0.29296875,1.5625,0.87890625
