max_fitness,coverage1,coverage2,coverage3
0.8358294,4.8828125,2.34375,0.48828125
