max_fitness,coverage1,coverage2,coverage3
0.2685482,0.78125,4.8828125,1.0742188
