max_fitness,coverage1,coverage2,coverage3
-0.20287497,4.8828125,0.9765625,3.0273438
