max_fitness,coverage1,coverage2,coverage3
0.74826,2.8320312,2.6367188,1.3671875
