max_fitness,coverage1,coverage2,coverage3
6.03984,3.515625,1.3671875,2.2460938
