max_fitness,coverage1,coverage2,coverage3
1.6759905,3.4179688,4.8828125,2.34375
