max_fitness,coverage1,coverage2,coverage3
1.1744913,3.515625,4.8828125,1.8554688
