max_fitness,coverage1,coverage2,coverage3
4.4112563,4.8828125,4.4921875,1.953125
