max_fitness,coverage1,coverage2,coverage3
3.602708,0.390625,2.4414062,3.4179688
