max_fitness,coverage1,coverage2,coverage3
0.5428268,4.8828125,1.2695312,1.171875
