max_fitness,coverage1,coverage2,coverage3
-0.87500465,0.78125,4.8828125,3.6132812
