max_fitness,coverage1,coverage2,coverage3
2.5212536,4.5898438,3.4179688,2.8320312
