max_fitness,coverage1,coverage2,coverage3
-14.703921,2.734375,2.0507812,2.1484375
