max_fitness,coverage1,coverage2,coverage3
0.40373832,2.0507812,4.8828125,2.9296875
