max_fitness,coverage1,coverage2,coverage3
3.7583396,4.8828125,1.7578125,1.8554688
