max_fitness,coverage1,coverage2,coverage3
4.5799813,0.390625,4.5898438,1.5625
