max_fitness,coverage1,coverage2,coverage3
6.2018466,2.8320312,1.8554688,0.78125
