max_fitness,coverage1,coverage2,coverage3
1.8291519,0.390625,2.8320312,2.34375
