max_fitness,coverage1,coverage2,coverage3
0.8583128,0.48828125,2.9296875,0.87890625
