max_fitness,coverage1,coverage2,coverage3
0.017870236,4.1992188,3.4179688,3.3203125
