max_fitness,coverage1,coverage2,coverage3
-0.04687692,4.8828125,2.4414062,1.8554688
