max_fitness,coverage1,coverage2,coverage3
3.5747015,3.515625,4.8828125,2.734375
