max_fitness,coverage1,coverage2,coverage3
-1.411787,0.390625,4.8828125,1.4648438
