max_fitness,coverage1,coverage2,coverage3
0.3887195,0.1953125,3.4179688,3.0273438
