max_fitness,coverage1,coverage2,coverage3
-13.998073,4.1015625,4.8828125,1.6601562
