max_fitness,coverage1,coverage2,coverage3
1.5550679,1.3671875,1.171875,2.4414062
