max_fitness,coverage1,coverage2,coverage3
-0.30723235,0.29296875,1.7578125,2.734375
