max_fitness,coverage1,coverage2,coverage3
0.27192527,4.8828125,1.2695312,2.734375
