max_fitness,coverage1,coverage2,coverage3
0.3809973,0.1953125,4.8828125,2.0507812
