max_fitness,coverage1,coverage2,coverage3
-0.7587058,3.125,1.4648438,1.8554688
