max_fitness,coverage1,coverage2,coverage3
2.3563025,1.2695312,1.953125,2.9296875
