max_fitness,coverage1,coverage2,coverage3
2.208752,0.09765625,3.515625,1.8554688
