max_fitness,coverage1,coverage2,coverage3
-11.062222,0.09765625,4.8828125,3.2226562
