max_fitness,coverage1,coverage2,coverage3
-2.8573353,3.8085938,4.8828125,3.4179688
