max_fitness,coverage1,coverage2,coverage3
-3.2565048,0.29296875,3.90625,3.0273438
