max_fitness,coverage1,coverage2,coverage3
-1.4317834,0.09765625,3.515625,3.125
