max_fitness,coverage1,coverage2,coverage3
-0.015548526,4.8828125,1.2695312,0.68359375
