max_fitness,coverage1,coverage2,coverage3
4.8331895,0.1953125,4.8828125,4.1015625
