max_fitness,coverage1,coverage2,coverage3
1.3857672,0.48828125,0.5859375,1.171875
