max_fitness,coverage1,coverage2,coverage3
1.6766553,4.8828125,3.90625,3.2226562
