max_fitness,coverage1,coverage2,coverage3
8.876766,1.2695312,1.953125,3.2226562
