max_fitness,coverage1,coverage2,coverage3
-0.018802613,0.29296875,2.8320312,3.2226562
