max_fitness,coverage1,coverage2,coverage3
1.6085752,4.8828125,1.7578125,1.4648438
