max_fitness,coverage1,coverage2,coverage3
1.9162434,4.8828125,4.5898438,1.953125
