max_fitness,coverage1,coverage2,coverage3
0.35531417,3.0273438,1.953125,1.171875
