max_fitness,coverage1,coverage2,coverage3
0.32960686,4.8828125,2.6367188,2.0507812
