max_fitness,coverage1,coverage2,coverage3
0.036103934,2.5390625,2.5390625,3.90625
