max_fitness,coverage1,coverage2,coverage3
-1.4584413,2.4414062,2.5390625,3.3203125
