max_fitness,coverage1,coverage2,coverage3
0.95821744,4.8828125,2.6367188,2.734375
