max_fitness,coverage1,coverage2,coverage3
-0.0959011,0.1953125,1.7578125,1.7578125
