max_fitness,coverage1,coverage2,coverage3
0.23704472,4.8828125,2.8320312,1.4648438
