max_fitness,coverage1,coverage2,coverage3
2.9084644,4.8828125,1.7578125,2.1484375
