max_fitness,coverage1,coverage2,coverage3
-1.4862818,3.0273438,4.8828125,1.953125
