max_fitness,coverage1,coverage2,coverage3
-10.130192,4.8828125,3.8085938,3.6132812
