max_fitness,coverage1,coverage2,coverage3
0.9108877,4.7851562,4.296875,2.5390625
