max_fitness,coverage1,coverage2,coverage3
-11.462373,4.8828125,3.0273438,2.9296875
