max_fitness,coverage1,coverage2,coverage3
3.5617826,0.68359375,4.8828125,1.8554688
