max_fitness,coverage1,coverage2,coverage3
2.0402398,2.8320312,4.8828125,2.6367188
