max_fitness,coverage1,coverage2,coverage3
1.6351217,0.09765625,3.515625,1.953125
