max_fitness,coverage1,coverage2,coverage3
-11.519654,0.48828125,0.5859375,1.5625
