max_fitness,coverage1,coverage2,coverage3
5.366336,0.78125,3.0273438,1.7578125
