max_fitness,coverage1,coverage2,coverage3
1.8770816,1.2695312,4.8828125,2.8320312
