max_fitness,coverage1,coverage2,coverage3
1.1799409,4.8828125,3.90625,1.0742188
