max_fitness,coverage1,coverage2,coverage3
9.391334,4.8828125,1.3671875,3.2226562
