max_fitness,coverage1,coverage2,coverage3
1.8278773,0.390625,1.953125,3.4179688
