max_fitness,coverage1,coverage2,coverage3
0.29795164,3.4179688,4.8828125,2.0507812
