max_fitness,coverage1,coverage2,coverage3
0.13972202,4.8828125,2.9296875,1.4648438
