max_fitness,coverage1,coverage2,coverage3
2.3495102,0.09765625,1.5625,2.2460938
