max_fitness,coverage1,coverage2,coverage3
0.49196592,0.390625,4.8828125,1.0742188
