max_fitness,coverage1,coverage2,coverage3
0.41959426,0.1953125,4.8828125,2.1484375
