max_fitness,coverage1,coverage2,coverage3
1.7983071,0.29296875,1.5625,1.8554688
