max_fitness,coverage1,coverage2,coverage3
0.6740985,0.9765625,1.2695312,1.6601562
