max_fitness,coverage1,coverage2,coverage3
0.8897501,0.29296875,4.8828125,4.1015625
