max_fitness,coverage1,coverage2,coverage3
2.802127,3.3203125,1.8554688,1.8554688
