max_fitness,coverage1,coverage2,coverage3
3.3492422,0.87890625,4.8828125,2.1484375
