max_fitness,coverage1,coverage2,coverage3
7.763757,4.8828125,2.1484375,2.8320312
