max_fitness,coverage1,coverage2,coverage3
0.33452225,0.5859375,4.8828125,3.6132812
