max_fitness,coverage1,coverage2,coverage3
1.9310879,4.1015625,2.4414062,3.2226562
