max_fitness,coverage1,coverage2,coverage3
2.919986,1.3671875,4.8828125,1.953125
