max_fitness,coverage1,coverage2,coverage3
1.8496045,0.1953125,2.8320312,3.7109375
