max_fitness,coverage1,coverage2,coverage3
3.2155945,0.1953125,2.34375,3.2226562
