max_fitness,coverage1,coverage2,coverage3
2.1981,4.8828125,0.48828125,2.5390625
