max_fitness,coverage1,coverage2,coverage3
0.41804612,3.125,2.6367188,3.3203125
