max_fitness,coverage1,coverage2,coverage3
1.121983,3.0273438,2.6367188,0.68359375
