max_fitness,coverage1,coverage2,coverage3
5.421961,4.8828125,3.0273438,2.9296875
