max_fitness,coverage1,coverage2,coverage3
1.1828433,3.7109375,2.2460938,2.34375
