max_fitness,coverage1,coverage2,coverage3
-14.297882,4.8828125,1.3671875,1.4648438
