max_fitness,coverage1,coverage2,coverage3
2.3836527,3.4179688,4.8828125,1.4648438
