max_fitness,coverage1,coverage2,coverage3
1.6249641,0.9765625,4.8828125,1.0742188
