max_fitness,coverage1,coverage2,coverage3
2.410502,4.1992188,4.8828125,2.8320312
