max_fitness,coverage1,coverage2,coverage3
1.4910927,3.90625,3.6132812,1.4648438
