max_fitness,coverage1,coverage2,coverage3
2.9112215,4.8828125,1.6601562,3.6132812
