max_fitness,coverage1,coverage2,coverage3
-0.036245972,4.296875,3.3203125,3.0273438
