max_fitness,coverage1,coverage2,coverage3
5.038474,0.09765625,1.5625,0.48828125
