max_fitness,coverage1,coverage2,coverage3
4.299166,0.1953125,2.5390625,1.0742188
