max_fitness,coverage1,coverage2,coverage3
0.23713234,0.78125,4.8828125,3.2226562
