max_fitness,coverage1,coverage2,coverage3
-0.41916734,0.390625,4.8828125,2.4414062
