max_fitness,coverage1,coverage2,coverage3
-12.685933,2.8320312,4.8828125,2.2460938
