max_fitness,coverage1,coverage2,coverage3
0.116901,0.5859375,3.515625,1.8554688
