max_fitness,coverage1,coverage2,coverage3
8.037722,3.0273438,4.8828125,3.2226562
