max_fitness,coverage1,coverage2,coverage3
1.4078842,0.390625,4.8828125,1.171875
