max_fitness,coverage1,coverage2,coverage3
0.46588162,2.34375,1.7578125,2.34375
