max_fitness,coverage1,coverage2,coverage3
6.349048,4.8828125,2.734375,3.8085938
