max_fitness,coverage1,coverage2,coverage3
3.1383104,4.1015625,3.125,3.4179688
