max_fitness,coverage1,coverage2,coverage3
6.373555,4.8828125,1.8554688,1.6601562
