max_fitness,coverage1,coverage2,coverage3
1.7964778,0.09765625,1.953125,1.7578125
