max_fitness,coverage1,coverage2,coverage3
2.2509322,0.29296875,1.7578125,2.1484375
