max_fitness,coverage1,coverage2,coverage3
3.7994747,2.6367188,4.8828125,1.8554688
