max_fitness,coverage1,coverage2,coverage3
0.22271319,4.8828125,2.4414062,3.0273438
