max_fitness,coverage1,coverage2,coverage3
0.6217378,2.6367188,1.7578125,3.2226562
