max_fitness,coverage1,coverage2,coverage3
-10.24543,4.8828125,2.734375,2.8320312
