max_fitness,coverage1,coverage2,coverage3
4.618798,0.09765625,0.9765625,1.8554688
