max_fitness,coverage1,coverage2,coverage3
0.989137,0.5859375,2.734375,2.2460938
