max_fitness,coverage1,coverage2,coverage3
7.375263,0.48828125,0.5859375,2.8320312
