max_fitness,coverage1,coverage2,coverage3
1.1680864,2.9296875,4.8828125,1.171875
