max_fitness,coverage1,coverage2,coverage3
7.6705403,2.9296875,2.34375,3.515625
