max_fitness,coverage1,coverage2,coverage3
-1.5365608,0.1953125,2.8320312,4.4921875
