max_fitness,coverage1,coverage2,coverage3
1.0675601,3.3203125,0.9765625,1.8554688
