max_fitness,coverage1,coverage2,coverage3
0.695751,0.09765625,3.0273438,2.2460938
