max_fitness,coverage1,coverage2,coverage3
-0.5455482,4.8828125,4.296875,3.4179688
