max_fitness,coverage1,coverage2,coverage3
1.4305862,4.8828125,4.5898438,2.34375
