max_fitness,coverage1,coverage2,coverage3
-0.45290163,4.8828125,3.4179688,4.1015625
