max_fitness,coverage1,coverage2,coverage3
4.928725,4.8828125,1.2695312,1.8554688
