max_fitness,coverage1,coverage2,coverage3
0.03927517,0.29296875,3.3203125,1.0742188
