max_fitness,coverage1,coverage2,coverage3
10.541113,2.1484375,4.8828125,2.34375
