max_fitness,coverage1,coverage2,coverage3
0.6460493,4.296875,3.515625,3.2226562
