max_fitness,coverage1,coverage2,coverage3
-1.5723417,0.09765625,1.953125,3.515625
