max_fitness,coverage1,coverage2,coverage3
2.908641,4.8828125,1.6601562,3.2226562
