max_fitness,coverage1,coverage2,coverage3
0.72407055,4.1992188,4.1992188,1.953125
