max_fitness,coverage1,coverage2,coverage3
3.3160653,4.8828125,0.9765625,0.87890625
