max_fitness,coverage1,coverage2,coverage3
8.812997,3.0273438,1.953125,2.6367188
