max_fitness,coverage1,coverage2,coverage3
3.5883527,0.1953125,2.6367188,2.0507812
