max_fitness,coverage1,coverage2,coverage3
2.2455826,4.1015625,2.4414062,3.0273438
