max_fitness,coverage1,coverage2,coverage3
8.457518,4.8828125,1.8554688,2.9296875
