max_fitness,coverage1,coverage2,coverage3
1.0740783,4.8828125,3.125,3.0273438
