max_fitness,coverage1,coverage2,coverage3
-1.2365066,4.8828125,2.0507812,3.125
