max_fitness,coverage1,coverage2,coverage3
3.0739427,4.8828125,1.7578125,2.6367188
