max_fitness,coverage1,coverage2,coverage3
7.094506,0.78125,2.8320312,3.7109375
