max_fitness,coverage1,coverage2,coverage3
5.531624,4.8828125,1.2695312,3.0273438
