max_fitness,coverage1,coverage2,coverage3
1.0231326,0.1953125,2.6367188,1.7578125
