max_fitness,coverage1,coverage2,coverage3
-3.3113577,1.4648438,1.7578125,2.0507812
