max_fitness,coverage1,coverage2,coverage3
-1.929999,4.1992188,4.1992188,2.6367188
