max_fitness,coverage1,coverage2,coverage3
0.5507746,4.8828125,3.125,2.2460938
