max_fitness,coverage1,coverage2,coverage3
3.6398766,3.0273438,4.8828125,3.125
