max_fitness,coverage1,coverage2,coverage3
0.9616596,4.8828125,4.5898438,0.78125
