max_fitness,coverage1,coverage2,coverage3
9.379107,0.09765625,4.8828125,3.515625
