max_fitness,coverage1,coverage2,coverage3
6.0902777,0.29296875,3.125,2.4414062
