max_fitness,coverage1,coverage2,coverage3
2.3163183,0.5859375,2.0507812,1.8554688
