max_fitness,coverage1,coverage2,coverage3
4.0412803,0.5859375,3.2226562,2.734375
