max_fitness,coverage1,coverage2,coverage3
3.4605827,0.1953125,1.5625,1.4648438
