max_fitness,coverage1,coverage2,coverage3
2.8170245,0.48828125,4.8828125,3.2226562
