max_fitness,coverage1,coverage2,coverage3
1.4114192,0.09765625,3.3203125,1.953125
