max_fitness,coverage1,coverage2,coverage3
1.9042759,0.68359375,2.9296875,3.3203125
