max_fitness,coverage1,coverage2,coverage3
3.9432917,2.8320312,4.8828125,1.171875
