max_fitness,coverage1,coverage2,coverage3
0.23654656,4.296875,4.0039062,2.1484375
