max_fitness,coverage1,coverage2,coverage3
-2.667454,3.515625,1.3671875,1.7578125
