max_fitness,coverage1,coverage2,coverage3
6.057291,0.390625,2.9296875,2.734375
