max_fitness,coverage1,coverage2,coverage3
-12.079073,3.4179688,1.4648438,2.1484375
