max_fitness,coverage1,coverage2,coverage3
4.176616,4.8828125,1.6601562,1.7578125
