max_fitness,coverage1,coverage2,coverage3
0.51600885,0.1953125,4.8828125,0.87890625
