max_fitness,coverage1,coverage2,coverage3
2.6821072,4.8828125,1.7578125,1.3671875
