max_fitness,coverage1,coverage2,coverage3
4.759183,0.390625,3.2226562,2.734375
