max_fitness,coverage1,coverage2,coverage3
0.20791823,3.0273438,4.8828125,1.7578125
