max_fitness,coverage1,coverage2,coverage3
4.7165413,0.1953125,1.7578125,3.3203125
