max_fitness,coverage1,coverage2,coverage3
-14.38595,0.09765625,4.8828125,1.5625
