max_fitness,coverage1,coverage2,coverage3
2.3243597,0.78125,3.0273438,2.34375
