max_fitness,coverage1,coverage2,coverage3
2.7908537,3.515625,4.8828125,2.6367188
