max_fitness,coverage1,coverage2,coverage3
0.3956975,4.296875,3.90625,2.8320312
