max_fitness,coverage1,coverage2,coverage3
0.93036765,3.515625,2.0507812,0.9765625
