max_fitness,coverage1,coverage2,coverage3
2.1715264,3.125,1.3671875,1.7578125
