max_fitness,coverage1,coverage2,coverage3
1.0057373,0.29296875,1.7578125,1.8554688
