max_fitness,coverage1,coverage2,coverage3
0.14158368,0.09765625,2.2460938,1.2695312
