max_fitness,coverage1,coverage2,coverage3
2.7673137,4.5898438,3.4179688,1.5625
