max_fitness,coverage1,coverage2,coverage3
0.28456548,0.390625,3.515625,3.2226562
