max_fitness,coverage1,coverage2,coverage3
3.8547757,0.78125,4.8828125,3.0273438
