max_fitness,coverage1,coverage2,coverage3
4.8404994,3.515625,2.5390625,1.7578125
