max_fitness,coverage1,coverage2,coverage3
0.2401932,4.8828125,3.6132812,1.6601562
