max_fitness,coverage1,coverage2,coverage3
2.326496,2.9296875,4.8828125,4.1015625
