max_fitness,coverage1,coverage2,coverage3
2.7803104,4.8828125,3.125,3.6132812
