max_fitness,coverage1,coverage2,coverage3
2.8813012,4.8828125,2.34375,1.4648438
