max_fitness,coverage1,coverage2,coverage3
0.20470667,2.9296875,4.8828125,1.2695312
