max_fitness,coverage1,coverage2,coverage3
1.7476869,3.6132812,1.6601562,1.0742188
