max_fitness,coverage1,coverage2,coverage3
1.094172,3.8085938,4.8828125,1.953125
