max_fitness,coverage1,coverage2,coverage3
2.7469907,4.8828125,4.4921875,3.0273438
