max_fitness,coverage1,coverage2,coverage3
-11.650863,4.8828125,2.0507812,1.8554688
