max_fitness,coverage1,coverage2,coverage3
0.85749245,0.390625,4.8828125,0.87890625
