max_fitness,coverage1,coverage2,coverage3
0.7017567,4.8828125,2.0507812,2.34375
