max_fitness,coverage1,coverage2,coverage3
-1.4398944,3.4179688,4.8828125,3.90625
