max_fitness,coverage1,coverage2,coverage3
0.051852185,4.7851562,4.296875,2.1484375
