max_fitness,coverage1,coverage2,coverage3
1.0336987,0.1953125,2.1484375,0.68359375
