max_fitness,coverage1,coverage2,coverage3
-10.7013445,3.515625,4.8828125,2.734375
