max_fitness,coverage1,coverage2,coverage3
-3.4210331,2.734375,2.0507812,2.9296875
