max_fitness,coverage1,coverage2,coverage3
7.109404,3.125,1.3671875,3.2226562
