max_fitness,coverage1,coverage2,coverage3
0.42947474,4.296875,4.0039062,1.2695312
