max_fitness,coverage1,coverage2,coverage3
2.924656,2.1484375,1.4648438,3.3203125
