max_fitness,coverage1,coverage2,coverage3
8.98552,4.8828125,2.6367188,2.2460938
