max_fitness,coverage1,coverage2,coverage3
-3.160451,4.8828125,0.9765625,1.953125
