max_fitness,coverage1,coverage2,coverage3
-0.31893316,0.1953125,2.4414062,1.5625
