max_fitness,coverage1,coverage2,coverage3
3.108642,0.68359375,2.8320312,2.5390625
