max_fitness,coverage1,coverage2,coverage3
2.6704032,3.90625,4.8828125,2.5390625
