max_fitness,coverage1,coverage2,coverage3
3.1481774,2.1484375,4.8828125,1.6601562
