max_fitness,coverage1,coverage2,coverage3
-2.1716166,1.5625,4.8828125,3.4179688
