max_fitness,coverage1,coverage2,coverage3
3.3519228,4.8828125,3.6132812,3.6132812
