max_fitness,coverage1,coverage2,coverage3
2.6805494,0.390625,4.8828125,2.6367188
