max_fitness,coverage1,coverage2,coverage3
0.64619994,4.8828125,0.9765625,1.5625
