max_fitness,coverage1,coverage2,coverage3
0.66572624,1.5625,4.8828125,0.9765625
