max_fitness,coverage1,coverage2,coverage3
-0.22322425,0.48828125,0.5859375,3.515625
