max_fitness,coverage1,coverage2,coverage3
2.1881635,3.515625,4.8828125,1.5625
