max_fitness,coverage1,coverage2,coverage3
0.27459183,0.87890625,4.8828125,1.7578125
