max_fitness,coverage1,coverage2,coverage3
4.8807282,1.7578125,4.8828125,1.5625
