max_fitness,coverage1,coverage2,coverage3
4.7244115,1.6601562,2.734375,4.1015625
