max_fitness,coverage1,coverage2,coverage3
-12.455582,2.4414062,2.5390625,1.7578125
