max_fitness,coverage1,coverage2,coverage3
-0.1650864,0.1953125,3.515625,1.2695312
