max_fitness,coverage1,coverage2,coverage3
2.678052,4.8828125,4.4921875,3.515625
