max_fitness,coverage1,coverage2,coverage3
6.19567,4.8828125,2.8320312,1.3671875
