max_fitness,coverage1,coverage2,coverage3
1.5378911,0.5859375,4.8828125,3.8085938
