max_fitness,coverage1,coverage2,coverage3
2.0108285,3.7109375,4.8828125,2.734375
