max_fitness,coverage1,coverage2,coverage3
3.3575783,4.8828125,3.125,2.6367188
