max_fitness,coverage1,coverage2,coverage3
2.6002095,0.78125,2.8320312,2.0507812
