max_fitness,coverage1,coverage2,coverage3
0.18181482,0.68359375,4.8828125,3.0273438
