max_fitness,coverage1,coverage2,coverage3
1.0263908,4.8828125,2.4414062,2.0507812
