max_fitness,coverage1,coverage2,coverage3
0.05632903,3.6132812,1.6601562,1.953125
