max_fitness,coverage1,coverage2,coverage3
0.66804457,4.1015625,3.7109375,1.2695312
