max_fitness,coverage1,coverage2,coverage3
2.0687492,0.09765625,4.8828125,3.7109375
