max_fitness,coverage1,coverage2,coverage3
7.3820496,3.515625,1.953125,3.0273438
