max_fitness,coverage1,coverage2,coverage3
1.7519152,4.296875,3.90625,2.34375
