max_fitness,coverage1,coverage2,coverage3
-1.5182354,2.1484375,4.8828125,2.734375
