max_fitness,coverage1,coverage2,coverage3
-12.31892,2.8320312,1.3671875,2.5390625
