max_fitness,coverage1,coverage2,coverage3
0.237419,0.68359375,4.8828125,4.0039062
