max_fitness,coverage1,coverage2,coverage3
6.298651,4.8828125,2.4414062,2.5390625
