max_fitness,coverage1,coverage2,coverage3
0.43399116,2.6367188,2.6367188,3.6132812
