max_fitness,coverage1,coverage2,coverage3
5.513436,0.390625,2.4414062,2.734375
