max_fitness,coverage1,coverage2,coverage3
0.17387027,2.6367188,4.8828125,1.5625
