max_fitness,coverage1,coverage2,coverage3
-1.4545552,0.1953125,1.7578125,4.296875
