max_fitness,coverage1,coverage2,coverage3
1.858921,4.7851562,4.296875,2.4414062
