max_fitness,coverage1,coverage2,coverage3
3.6525514,0.1953125,4.8828125,2.5390625
