max_fitness,coverage1,coverage2,coverage3
2.4310532,0.1953125,2.8320312,4.1992188
