max_fitness,coverage1,coverage2,coverage3
0.7236477,0.5859375,2.9296875,1.4648438
