max_fitness,coverage1,coverage2,coverage3
0.7459668,4.7851562,4.296875,1.953125
