max_fitness,coverage1,coverage2,coverage3
-1.8414439,0.09765625,4.8828125,1.6601562
