max_fitness,coverage1,coverage2,coverage3
1.8832558,0.48828125,4.8828125,3.515625
