max_fitness,coverage1,coverage2,coverage3
3.934337,4.8828125,2.9296875,1.3671875
