max_fitness,coverage1,coverage2,coverage3
6.4398456,2.6367188,1.4648438,1.6601562
