max_fitness,coverage1,coverage2,coverage3
-10.9374485,4.8828125,1.953125,2.0507812
