max_fitness,coverage1,coverage2,coverage3
2.0026126,4.8828125,2.734375,3.0273438
