max_fitness,coverage1,coverage2,coverage3
-0.012235034,0.1953125,3.3203125,3.7109375
