max_fitness,coverage1,coverage2,coverage3
0.6729257,4.1015625,3.90625,3.3203125
