max_fitness,coverage1,coverage2,coverage3
0.11105837,4.8828125,4.5898438,0.68359375
