max_fitness,coverage1,coverage2,coverage3
4.5125666,4.8828125,3.90625,1.3671875
