max_fitness,coverage1,coverage2,coverage3
1.396746,0.29296875,2.9296875,2.34375
