max_fitness,coverage1,coverage2,coverage3
1.2689512,3.8085938,4.8828125,3.6132812
