max_fitness,coverage1,coverage2,coverage3
3.1702733,2.8320312,1.3671875,3.3203125
