max_fitness,coverage1,coverage2,coverage3
2.8767593,4.8828125,4.4921875,3.515625
