max_fitness,coverage1,coverage2,coverage3
2.601961,4.8828125,2.34375,2.5390625
