max_fitness,coverage1,coverage2,coverage3
-1.2219943,3.2226562,1.3671875,1.4648438
