max_fitness,coverage1,coverage2,coverage3
-0.0038473906,0.29296875,4.8828125,0.87890625
