max_fitness,coverage1,coverage2,coverage3
-14.511392,0.390625,4.8828125,1.953125
