max_fitness,coverage1,coverage2,coverage3
0.6484014,4.1015625,3.7109375,2.4414062
