max_fitness,coverage1,coverage2,coverage3
4.5730023,0.29296875,4.8828125,3.515625
