max_fitness,coverage1,coverage2,coverage3
8.453912,4.8828125,1.3671875,2.2460938
