max_fitness,coverage1,coverage2,coverage3
-0.24133538,2.34375,1.7578125,3.6132812
