max_fitness,coverage1,coverage2,coverage3
6.0231657,0.1953125,3.4179688,3.125
