max_fitness,coverage1,coverage2,coverage3
3.5825317,0.09765625,3.515625,1.0742188
