max_fitness,coverage1,coverage2,coverage3
1.919599,3.515625,4.8828125,3.90625
