max_fitness,coverage1,coverage2,coverage3
0.46460336,0.09765625,3.0273438,1.7578125
