max_fitness,coverage1,coverage2,coverage3
5.3570933,3.3203125,0.9765625,2.34375
