max_fitness,coverage1,coverage2,coverage3
2.8622844,3.4179688,4.8828125,3.0273438
