max_fitness,coverage1,coverage2,coverage3
2.1782937,3.125,1.3671875,3.6132812
