max_fitness,coverage1,coverage2,coverage3
1.5125396,4.0039062,3.3203125,2.734375
