max_fitness,coverage1,coverage2,coverage3
2.3880785,4.8828125,3.4179688,2.5390625
