max_fitness,coverage1,coverage2,coverage3
1.7844392,4.8828125,0.5859375,1.8554688
