max_fitness,coverage1,coverage2,coverage3
1.8789734,2.8320312,4.8828125,2.734375
