max_fitness,coverage1,coverage2,coverage3
0.55342376,4.8828125,4.7851562,1.3671875
