max_fitness,coverage1,coverage2,coverage3
5.5511136,0.09765625,3.8085938,2.1484375
