max_fitness,coverage1,coverage2,coverage3
0.64275783,4.4921875,4.1992188,2.4414062
