max_fitness,coverage1,coverage2,coverage3
-0.0681476,4.8828125,1.3671875,0.68359375
