max_fitness,coverage1,coverage2,coverage3
0.8370919,2.1484375,4.8828125,0.9765625
