max_fitness,coverage1,coverage2,coverage3
6.3660007,0.68359375,4.8828125,3.125
