max_fitness,coverage1,coverage2,coverage3
-0.88412076,2.2460938,4.8828125,3.6132812
