max_fitness,coverage1,coverage2,coverage3
5.671137,0.1953125,3.125,1.8554688
