max_fitness,coverage1,coverage2,coverage3
0.841061,2.9296875,4.8828125,2.0507812
