max_fitness,coverage1,coverage2,coverage3
2.8108623,1.7578125,4.8828125,2.0507812
