max_fitness,coverage1,coverage2,coverage3
-8.250115,0.390625,1.953125,3.0273438
