max_fitness,coverage1,coverage2,coverage3
6.5790415,0.1953125,3.4179688,1.5625
