max_fitness,coverage1,coverage2,coverage3
3.8838792,0.1953125,2.8320312,2.6367188
