max_fitness,coverage1,coverage2,coverage3
2.5247035,2.4414062,1.6601562,1.953125
