max_fitness,coverage1,coverage2,coverage3
2.1116698,2.8320312,1.3671875,2.34375
