max_fitness,coverage1,coverage2,coverage3
2.3573525,4.8828125,1.8554688,1.8554688
