max_fitness,coverage1,coverage2,coverage3
-7.8016357,3.515625,2.0507812,1.5625
