max_fitness,coverage1,coverage2,coverage3
-1.8736988,2.5390625,1.7578125,3.125
