max_fitness,coverage1,coverage2,coverage3
-0.22538713,2.8320312,2.4414062,1.7578125
