max_fitness,coverage1,coverage2,coverage3
2.7900898,0.09765625,3.3203125,1.2695312
