max_fitness,coverage1,coverage2,coverage3
2.9221244,0.48828125,1.953125,1.6601562
