max_fitness,coverage1,coverage2,coverage3
1.0640723,2.9296875,2.6367188,0.9765625
