max_fitness,coverage1,coverage2,coverage3
4.481924,2.6367188,1.6601562,2.9296875
