max_fitness,coverage1,coverage2,coverage3
4.7695227,4.8828125,0.78125,0.78125
