max_fitness,coverage1,coverage2,coverage3
0.756783,0.48828125,4.8828125,1.953125
