max_fitness,coverage1,coverage2,coverage3
0.9739067,2.1484375,1.4648438,1.2695312
