max_fitness,coverage1,coverage2,coverage3
-0.074131,4.8828125,2.4414062,0.78125
