max_fitness,coverage1,coverage2,coverage3
8.829586,0.29296875,3.8085938,3.7109375
