max_fitness,coverage1,coverage2,coverage3
4.236587,4.8828125,1.3671875,1.953125
