max_fitness,coverage1,coverage2,coverage3
2.4758513,0.09765625,4.8828125,3.8085938
