max_fitness,coverage1,coverage2,coverage3
0.8370381,2.8320312,2.6367188,0.9765625
