max_fitness,coverage1,coverage2,coverage3
-10.900306,3.90625,4.8828125,2.34375
