max_fitness,coverage1,coverage2,coverage3
4.8238716,2.34375,1.7578125,3.2226562
