max_fitness,coverage1,coverage2,coverage3
-4.924323,0.5859375,2.0507812,2.34375
