max_fitness,coverage1,coverage2,coverage3
5.3982944,0.09765625,4.8828125,2.9296875
