max_fitness,coverage1,coverage2,coverage3
3.0599792,2.9296875,4.8828125,2.34375
