max_fitness,coverage1,coverage2,coverage3
2.792317,0.9765625,3.3203125,2.9296875
