max_fitness,coverage1,coverage2,coverage3
-6.533062,1.7578125,4.8828125,2.2460938
