max_fitness,coverage1,coverage2,coverage3
3.3166559,0.1953125,3.125,0.87890625
