max_fitness,coverage1,coverage2,coverage3
2.2195299,4.8828125,4.4921875,2.734375
