max_fitness,coverage1,coverage2,coverage3
1.5151416,2.9296875,2.34375,1.6601562
