max_fitness,coverage1,coverage2,coverage3
1.1114653,0.390625,2.34375,3.8085938
