max_fitness,coverage1,coverage2,coverage3
-1.4987584,3.515625,2.0507812,3.515625
