max_fitness,coverage1,coverage2,coverage3
5.8573456,0.48828125,4.8828125,3.3203125
