max_fitness,coverage1,coverage2,coverage3
3.816342,2.34375,2.0507812,1.171875
