max_fitness,coverage1,coverage2,coverage3
2.8495872,3.90625,3.90625,1.6601562
