max_fitness,coverage1,coverage2,coverage3
-1.4777957,2.34375,2.0507812,4.0039062
