max_fitness,coverage1,coverage2,coverage3
-1.453358,3.3203125,4.8828125,2.4414062
