max_fitness,coverage1,coverage2,coverage3
3.1231177,0.1953125,3.4179688,2.734375
