max_fitness,coverage1,coverage2,coverage3
0.7915731,2.6367188,2.2460938,1.0742188
