max_fitness,coverage1,coverage2,coverage3
4.3253994,4.8828125,4.6875,3.2226562
