max_fitness,coverage1,coverage2,coverage3
1.2459906,4.8828125,1.6601562,0.68359375
