max_fitness,coverage1,coverage2,coverage3
-1.8685176,2.734375,4.8828125,3.3203125
