max_fitness,coverage1,coverage2,coverage3
0.5200635,0.390625,4.8828125,1.2695312
