max_fitness,coverage1,coverage2,coverage3
6.6051846,4.8828125,1.6601562,2.1484375
