max_fitness,coverage1,coverage2,coverage3
0.9247291,2.8320312,1.3671875,1.5625
