max_fitness,coverage1,coverage2,coverage3
1.7619486,3.515625,4.8828125,2.6367188
