max_fitness,coverage1,coverage2,coverage3
3.954243,2.34375,4.8828125,2.5390625
