max_fitness,coverage1,coverage2,coverage3
2.050312,4.6875,2.4414062,3.7109375
