max_fitness,coverage1,coverage2,coverage3
0.43172818,2.734375,2.34375,1.2695312
