max_fitness,coverage1,coverage2,coverage3
1.8359098,4.8828125,3.8085938,2.9296875
