max_fitness,coverage1,coverage2,coverage3
1.7200454,4.8828125,0.87890625,1.4648438
