max_fitness,coverage1,coverage2,coverage3
1.5680639,1.3671875,4.8828125,1.8554688
