max_fitness,coverage1,coverage2,coverage3
7.234968,0.29296875,2.4414062,2.8320312
