max_fitness,coverage1,coverage2,coverage3
0.5702696,4.8828125,1.953125,0.78125
