max_fitness,coverage1,coverage2,coverage3
-1.78192,4.8828125,1.2695312,2.4414062
