max_fitness,coverage1,coverage2,coverage3
0.429923,4.8828125,1.6601562,1.7578125
