max_fitness,coverage1,coverage2,coverage3
3.4810665,0.1953125,3.125,2.8320312
