max_fitness,coverage1,coverage2,coverage3
1.6674637,4.1992188,3.4179688,2.734375
