max_fitness,coverage1,coverage2,coverage3
6.769142,4.1015625,3.7109375,2.0507812
