max_fitness,coverage1,coverage2,coverage3
1.5029495,4.3945312,4.8828125,2.5390625
