max_fitness,coverage1,coverage2,coverage3
6.1457353,4.8828125,2.1484375,2.8320312
