max_fitness,coverage1,coverage2,coverage3
3.6381123,2.6367188,1.6601562,0.78125
