max_fitness,coverage1,coverage2,coverage3
2.6948555,4.8828125,0.48828125,0.87890625
