max_fitness,coverage1,coverage2,coverage3
2.8961375,4.296875,3.90625,2.734375
