max_fitness,coverage1,coverage2,coverage3
7.837037,4.8828125,3.90625,2.8320312
