max_fitness,coverage1,coverage2,coverage3
2.581041,4.0039062,4.8828125,2.1484375
