max_fitness,coverage1,coverage2,coverage3
0.41332513,1.953125,2.0507812,2.4414062
