max_fitness,coverage1,coverage2,coverage3
9.303793,4.8828125,1.8554688,2.9296875
