max_fitness,coverage1,coverage2,coverage3
0.120490946,4.8828125,4.7851562,2.2460938
