max_fitness,coverage1,coverage2,coverage3
7.4211354,0.48828125,1.953125,2.8320312
