max_fitness,coverage1,coverage2,coverage3
0.41384622,4.6875,2.4414062,3.6132812
