max_fitness,coverage1,coverage2,coverage3
0.031199548,1.2695312,4.8828125,1.4648438
