max_fitness,coverage1,coverage2,coverage3
1.3886188,0.390625,0.5859375,0.48828125
