max_fitness,coverage1,coverage2,coverage3
2.4013743,3.7109375,2.5390625,2.734375
