max_fitness,coverage1,coverage2,coverage3
1.816714,0.29296875,3.125,2.9296875
