max_fitness,coverage1,coverage2,coverage3
4.4969993,2.34375,4.8828125,2.0507812
