max_fitness,coverage1,coverage2,coverage3
3.8119652,1.953125,2.6367188,1.5625
