max_fitness,coverage1,coverage2,coverage3
1.8632452,4.1992188,3.4179688,2.734375
