max_fitness,coverage1,coverage2,coverage3
-10.002196,4.8828125,3.125,2.8320312
