max_fitness,coverage1,coverage2,coverage3
1.5169958,0.5859375,2.0507812,2.6367188
