max_fitness,coverage1,coverage2,coverage3
2.8115053,0.390625,3.125,2.9296875
