max_fitness,coverage1,coverage2,coverage3
4.671787,0.09765625,3.0273438,1.7578125
