max_fitness,coverage1,coverage2,coverage3
0.12989588,2.8320312,1.8554688,1.2695312
