max_fitness,coverage1,coverage2,coverage3
0.34524667,0.29296875,3.125,1.953125
