max_fitness,coverage1,coverage2,coverage3
2.7799683,0.48828125,4.8828125,3.7109375
