max_fitness,coverage1,coverage2,coverage3
4.3655725,0.390625,1.953125,4.1015625
