max_fitness,coverage1,coverage2,coverage3
-2.6009665,3.3203125,2.34375,2.2460938
