max_fitness,coverage1,coverage2,coverage3
0.20670176,0.390625,3.515625,1.3671875
