max_fitness,coverage1,coverage2,coverage3
2.0735419,1.5625,4.8828125,2.4414062
