max_fitness,coverage1,coverage2,coverage3
8.100879,4.0039062,4.8828125,3.3203125
