max_fitness,coverage1,coverage2,coverage3
-10.814201,4.8828125,3.6132812,3.515625
