max_fitness,coverage1,coverage2,coverage3
-14.947552,3.6132812,4.8828125,2.1484375
