max_fitness,coverage1,coverage2,coverage3
0.6388356,0.68359375,2.8320312,1.5625
