max_fitness,coverage1,coverage2,coverage3
6.227921,4.0039062,3.515625,2.4414062
