max_fitness,coverage1,coverage2,coverage3
6.9372683,4.8828125,1.6601562,3.125
