max_fitness,coverage1,coverage2,coverage3
1.1728714,0.78125,3.0273438,1.2695312
