max_fitness,coverage1,coverage2,coverage3
3.368729,1.5625,4.8828125,3.2226562
