max_fitness,coverage1,coverage2,coverage3
2.9261246,0.1953125,3.125,2.5390625
