max_fitness,coverage1,coverage2,coverage3
-1.3951916,4.8828125,2.8320312,2.734375
