max_fitness,coverage1,coverage2,coverage3
-2.5946643,0.29296875,2.1484375,2.9296875
