max_fitness,coverage1,coverage2,coverage3
4.8755426,1.7578125,4.8828125,1.5625
