max_fitness,coverage1,coverage2,coverage3
4.1238675,0.78125,3.0273438,3.2226562
