max_fitness,coverage1,coverage2,coverage3
4.8559995,2.5390625,1.171875,2.4414062
