max_fitness,coverage1,coverage2,coverage3
1.0874333,0.29296875,2.1484375,2.34375
