max_fitness,coverage1,coverage2,coverage3
5.677904,0.1953125,3.4179688,3.3203125
