max_fitness,coverage1,coverage2,coverage3
2.2858315,0.29296875,2.4414062,2.2460938
