max_fitness,coverage1,coverage2,coverage3
3.479942,0.390625,3.515625,0.87890625
