max_fitness,coverage1,coverage2,coverage3
8.031796,3.515625,2.0507812,2.9296875
