max_fitness,coverage1,coverage2,coverage3
8.711567,4.0039062,4.8828125,2.5390625
