max_fitness,coverage1,coverage2,coverage3
1.5935225,2.8320312,1.8554688,1.5625
