max_fitness,coverage1,coverage2,coverage3
-14.576626,0.390625,4.8828125,0.9765625
