max_fitness,coverage1,coverage2,coverage3
1.6747198,4.0039062,3.3203125,2.6367188
