max_fitness,coverage1,coverage2,coverage3
1.8474212,0.29296875,2.2460938,2.5390625
