max_fitness,coverage1,coverage2,coverage3
1.1752443,4.8828125,4.3945312,2.2460938
