max_fitness,coverage1,coverage2,coverage3
5.7166896,4.8828125,1.6601562,1.171875
