max_fitness,coverage1,coverage2,coverage3
0.52902216,0.390625,4.8828125,0.68359375
