max_fitness,coverage1,coverage2,coverage3
-2.7575111,0.390625,2.4414062,3.90625
