max_fitness,coverage1,coverage2,coverage3
-2.8209805,4.8828125,4.5898438,2.34375
