max_fitness,coverage1,coverage2,coverage3
-10.662583,0.1953125,3.6132812,2.34375
