max_fitness,coverage1,coverage2,coverage3
-0.21678412,0.29296875,3.125,1.4648438
