max_fitness,coverage1,coverage2,coverage3
8.27435,0.87890625,4.8828125,3.6132812
