max_fitness,coverage1,coverage2,coverage3
0.2829503,0.09765625,3.3203125,0.68359375
