max_fitness,coverage1,coverage2,coverage3
5.498639,0.1953125,3.125,3.2226562
