max_fitness,coverage1,coverage2,coverage3
0.4045373,0.1953125,2.2460938,3.515625
