max_fitness,coverage1,coverage2,coverage3
0.45912412,4.8828125,1.7578125,0.68359375
