max_fitness,coverage1,coverage2,coverage3
2.004566,3.515625,2.5390625,2.5390625
