max_fitness,coverage1,coverage2,coverage3
3.4707916,2.8320312,4.8828125,2.9296875
