max_fitness,coverage1,coverage2,coverage3
1.4251429,3.7109375,2.5390625,1.8554688
