max_fitness,coverage1,coverage2,coverage3
-11.565448,4.8828125,1.6601562,2.0507812
