max_fitness,coverage1,coverage2,coverage3
0.5310153,4.8828125,2.1484375,3.3203125
