max_fitness,coverage1,coverage2,coverage3
1.8717728,3.515625,3.125,1.4648438
