max_fitness,coverage1,coverage2,coverage3
3.684282,0.09765625,3.7109375,2.734375
