max_fitness,coverage1,coverage2,coverage3
4.1524725,3.8085938,2.5390625,2.734375
