max_fitness,coverage1,coverage2,coverage3
0.3101142,1.6601562,2.734375,1.3671875
