max_fitness,coverage1,coverage2,coverage3
4.535615,0.29296875,3.125,1.2695312
