max_fitness,coverage1,coverage2,coverage3
1.0486264,3.7109375,2.5390625,2.0507812
