max_fitness,coverage1,coverage2,coverage3
-14.962197,4.8828125,2.0507812,1.4648438
