max_fitness,coverage1,coverage2,coverage3
1.8455526,4.8828125,3.4179688,1.8554688
