max_fitness,coverage1,coverage2,coverage3
1.0122947,2.8320312,4.8828125,2.0507812
