max_fitness,coverage1,coverage2,coverage3
3.7106175,3.8085938,4.8828125,0.9765625
