max_fitness,coverage1,coverage2,coverage3
4.5103016,2.734375,2.0507812,2.5390625
