max_fitness,coverage1,coverage2,coverage3
7.604254,0.29296875,3.8085938,3.7109375
