max_fitness,coverage1,coverage2,coverage3
1.3857672,3.2226562,2.4414062,1.0742188
