max_fitness,coverage1,coverage2,coverage3
-1.4032067,0.390625,0.78125,3.0273438
