max_fitness,coverage1,coverage2,coverage3
1.0003775,2.4414062,2.2460938,1.5625
