max_fitness,coverage1,coverage2,coverage3
-1.4695237,0.1953125,2.34375,4.296875
