max_fitness,coverage1,coverage2,coverage3
1.2526833,0.29296875,2.9296875,2.4414062
