max_fitness,coverage1,coverage2,coverage3
0.55467945,3.2226562,2.4414062,0.9765625
