max_fitness,coverage1,coverage2,coverage3
2.733051,3.0273438,4.8828125,2.0507812
