max_fitness,coverage1,coverage2,coverage3
2.6277323,3.90625,3.6132812,2.34375
