max_fitness,coverage1,coverage2,coverage3
0.07849033,4.1015625,4.8828125,3.6132812
