max_fitness,coverage1,coverage2,coverage3
2.8021247,0.1953125,2.4414062,4.1015625
