max_fitness,coverage1,coverage2,coverage3
5.0441403,3.515625,1.953125,2.2460938
