max_fitness,coverage1,coverage2,coverage3
-0.6083457,1.3671875,2.0507812,3.7109375
