max_fitness,coverage1,coverage2,coverage3
0.3870561,0.1953125,4.0039062,3.0273438
