max_fitness,coverage1,coverage2,coverage3
0.076632895,2.9296875,2.34375,1.6601562
