max_fitness,coverage1,coverage2,coverage3
0.36445954,4.4921875,3.90625,1.7578125
