max_fitness,coverage1,coverage2,coverage3
0.95569396,0.1953125,2.4414062,1.2695312
