max_fitness,coverage1,coverage2,coverage3
4.6518188,2.5390625,2.1484375,2.6367188
