max_fitness,coverage1,coverage2,coverage3
2.956954,2.34375,4.8828125,3.515625
