max_fitness,coverage1,coverage2,coverage3
2.6103594,4.296875,3.3203125,3.2226562
