max_fitness,coverage1,coverage2,coverage3
8.742259,2.2460938,4.8828125,1.4648438
