max_fitness,coverage1,coverage2,coverage3
1.8224379,4.8828125,1.3671875,1.8554688
