max_fitness,coverage1,coverage2,coverage3
0.7850035,1.2695312,4.8828125,1.5625
