max_fitness,coverage1,coverage2,coverage3
1.3116765,2.8320312,4.8828125,1.3671875
