max_fitness,coverage1,coverage2,coverage3
2.7969925,4.8828125,4.296875,1.953125
