max_fitness,coverage1,coverage2,coverage3
8.405013,0.09765625,3.3203125,3.2226562
