max_fitness,coverage1,coverage2,coverage3
4.402797,0.78125,4.8828125,3.3203125
