max_fitness,coverage1,coverage2,coverage3
2.7044199,0.09765625,1.5625,1.0742188
