max_fitness,coverage1,coverage2,coverage3
2.363225,3.0273438,1.953125,2.4414062
