max_fitness,coverage1,coverage2,coverage3
1.9963198,2.8320312,1.8554688,2.6367188
