max_fitness,coverage1,coverage2,coverage3
1.5431706,1.5625,4.8828125,2.8320312
