max_fitness,coverage1,coverage2,coverage3
0.77277523,0.9765625,3.3203125,3.515625
