max_fitness,coverage1,coverage2,coverage3
0.8394177,0.29296875,2.4414062,0.9765625
