max_fitness,coverage1,coverage2,coverage3
-3.1835575,4.8828125,2.9296875,2.9296875
