max_fitness,coverage1,coverage2,coverage3
1.458945,2.5390625,2.1484375,2.0507812
