max_fitness,coverage1,coverage2,coverage3
1.4608914,0.48828125,1.7578125,1.0742188
