max_fitness,coverage1,coverage2,coverage3
0.9053184,0.29296875,2.9296875,0.9765625
