max_fitness,coverage1,coverage2,coverage3
1.8764653,1.2695312,4.8828125,2.734375
