max_fitness,coverage1,coverage2,coverage3
3.6528516,0.29296875,4.8828125,1.7578125
