max_fitness,coverage1,coverage2,coverage3
-1.71934,3.8085938,4.8828125,3.3203125
