max_fitness,coverage1,coverage2,coverage3
0.77843463,0.390625,2.734375,2.6367188
