max_fitness,coverage1,coverage2,coverage3
3.795027,4.8828125,4.4921875,3.3203125
