max_fitness,coverage1,coverage2,coverage3
0.7213402,0.29296875,3.8085938,1.5625
