max_fitness,coverage1,coverage2,coverage3
1.5063025,2.1484375,4.8828125,1.3671875
