max_fitness,coverage1,coverage2,coverage3
0.30835488,0.29296875,2.1484375,1.3671875
