max_fitness,coverage1,coverage2,coverage3
3.067864,4.8828125,2.0507812,2.34375
