max_fitness,coverage1,coverage2,coverage3
0.2653303,4.8828125,4.3945312,1.0742188
