max_fitness,coverage1,coverage2,coverage3
3.87842,4.8828125,1.2695312,0.87890625
