max_fitness,coverage1,coverage2,coverage3
1.6568955,0.29296875,1.7578125,2.8320312
