max_fitness,coverage1,coverage2,coverage3
2.495943,3.0273438,1.953125,1.2695312
