max_fitness,coverage1,coverage2,coverage3
2.9757607,0.68359375,2.8320312,1.6601562
