max_fitness,coverage1,coverage2,coverage3
8.517019,3.3203125,4.8828125,2.5390625
