max_fitness,coverage1,coverage2,coverage3
3.9782002,0.68359375,4.8828125,1.953125
