max_fitness,coverage1,coverage2,coverage3
5.963767,3.6132812,1.6601562,2.2460938
