max_fitness,coverage1,coverage2,coverage3
2.410803,2.9296875,4.8828125,3.2226562
