max_fitness,coverage1,coverage2,coverage3
0.4625037,4.8828125,3.4179688,2.1484375
