max_fitness,coverage1,coverage2,coverage3
6.298651,2.9296875,2.34375,2.4414062
