max_fitness,coverage1,coverage2,coverage3
2.1360416,0.29296875,3.125,2.4414062
