max_fitness,coverage1,coverage2,coverage3
1.6155766,0.9765625,3.0273438,2.4414062
