max_fitness,coverage1,coverage2,coverage3
-1.4815172,0.1953125,2.8320312,3.125
