max_fitness,coverage1,coverage2,coverage3
-1.400352,4.8828125,1.6601562,3.3203125
