max_fitness,coverage1,coverage2,coverage3
2.775457,0.09765625,1.953125,2.1484375
