max_fitness,coverage1,coverage2,coverage3
0.31093425,3.515625,1.3671875,3.7109375
