max_fitness,coverage1,coverage2,coverage3
5.0693727,0.1953125,3.3203125,2.6367188
