max_fitness,coverage1,coverage2,coverage3
1.3101006,0.390625,2.34375,2.734375
