max_fitness,coverage1,coverage2,coverage3
6.9525604,0.1953125,3.6132812,4.0039062
