max_fitness,coverage1,coverage2,coverage3
1.5364317,0.390625,2.734375,2.4414062
