max_fitness,coverage1,coverage2,coverage3
-1.4733,3.7109375,4.8828125,2.4414062
