max_fitness,coverage1,coverage2,coverage3
1.0640723,0.390625,2.734375,2.9296875
