max_fitness,coverage1,coverage2,coverage3
1.1787208,3.2226562,2.734375,0.9765625
