max_fitness,coverage1,coverage2,coverage3
4.8022833,3.8085938,2.5390625,3.4179688
