max_fitness,coverage1,coverage2,coverage3
0.2331921,2.734375,4.8828125,2.9296875
