max_fitness,coverage1,coverage2,coverage3
0.55973953,2.734375,2.34375,0.87890625
