max_fitness,coverage1,coverage2,coverage3
0.24834396,0.1953125,3.2226562,1.3671875
