max_fitness,coverage1,coverage2,coverage3
1.1405766,0.390625,4.8828125,0.48828125
