max_fitness,coverage1,coverage2,coverage3
3.987638,0.9765625,2.5390625,1.171875
