max_fitness,coverage1,coverage2,coverage3
8.8666725,3.0273438,1.953125,2.734375
