max_fitness,coverage1,coverage2,coverage3
3.8214917,0.1953125,4.8828125,2.5390625
