max_fitness,coverage1,coverage2,coverage3
6.270644,0.29296875,3.8085938,1.0742188
