max_fitness,coverage1,coverage2,coverage3
4.645042,4.8828125,4.296875,2.6367188
