max_fitness,coverage1,coverage2,coverage3
-5.093573,3.515625,1.953125,2.1484375
