max_fitness,coverage1,coverage2,coverage3
2.6864614,0.29296875,4.8828125,2.2460938
