max_fitness,coverage1,coverage2,coverage3
-4.2956524,3.6132812,1.6601562,2.34375
