max_fitness,coverage1,coverage2,coverage3
0.77722955,4.8828125,3.0273438,1.6601562
