max_fitness,coverage1,coverage2,coverage3
0.82751566,4.8828125,1.3671875,1.7578125
