max_fitness,coverage1,coverage2,coverage3
1.3412232,4.8828125,4.6875,1.953125
