max_fitness,coverage1,coverage2,coverage3
0.7682122,3.6132812,2.8320312,2.1484375
