max_fitness,coverage1,coverage2,coverage3
-1.5763304,0.1953125,3.3203125,3.6132812
