max_fitness,coverage1,coverage2,coverage3
4.403117,4.1015625,2.4414062,2.0507812
