max_fitness,coverage1,coverage2,coverage3
2.7364707,4.8828125,2.9296875,3.90625
