max_fitness,coverage1,coverage2,coverage3
0.4346131,0.1953125,2.8320312,0.9765625
