max_fitness,coverage1,coverage2,coverage3
1.1099877,2.6367188,2.2460938,1.0742188
