max_fitness,coverage1,coverage2,coverage3
4.033227,3.515625,2.6367188,2.4414062
