max_fitness,coverage1,coverage2,coverage3
0.79806304,4.8828125,3.125,2.2460938
