max_fitness,coverage1,coverage2,coverage3
0.109424025,2.8320312,1.8554688,1.171875
