max_fitness,coverage1,coverage2,coverage3
1.3516387,0.390625,4.8828125,1.6601562
