max_fitness,coverage1,coverage2,coverage3
-14.926364,0.29296875,4.8828125,1.6601562
