max_fitness,coverage1,coverage2,coverage3
10.211435,2.9296875,1.5625,2.9296875
