max_fitness,coverage1,coverage2,coverage3
2.1316037,3.4179688,4.8828125,3.90625
