max_fitness,coverage1,coverage2,coverage3
1.6690588,0.48828125,0.68359375,1.6601562
