max_fitness,coverage1,coverage2,coverage3
2.799948,3.3203125,2.34375,1.953125
