max_fitness,coverage1,coverage2,coverage3
8.676202,4.1015625,2.4414062,4.1992188
