max_fitness,coverage1,coverage2,coverage3
0.40269625,4.8828125,3.125,3.3203125
