max_fitness,coverage1,coverage2,coverage3
-0.6078526,4.8828125,0.48828125,1.0742188
