max_fitness,coverage1,coverage2,coverage3
1.9595383,0.48828125,4.8828125,2.734375
