max_fitness,coverage1,coverage2,coverage3
-1.391495,0.29296875,4.8828125,3.125
