max_fitness,coverage1,coverage2,coverage3
0.8720345,0.48828125,0.5859375,0.87890625
