max_fitness,coverage1,coverage2,coverage3
4.5742793,4.1992188,3.4179688,1.5625
