max_fitness,coverage1,coverage2,coverage3
-12.841029,4.8828125,0.48828125,0.78125
