max_fitness,coverage1,coverage2,coverage3
0.71971524,0.1953125,2.6367188,2.6367188
