max_fitness,coverage1,coverage2,coverage3
0.86703724,2.4414062,2.5390625,1.2695312
