max_fitness,coverage1,coverage2,coverage3
5.7379327,0.9765625,3.0273438,2.1484375
