max_fitness,coverage1,coverage2,coverage3
4.235474,4.8828125,3.0273438,0.87890625
