max_fitness,coverage1,coverage2,coverage3
6.269719,2.4414062,2.2460938,3.3203125
