max_fitness,coverage1,coverage2,coverage3
-9.402766,0.29296875,4.8828125,1.5625
