max_fitness,coverage1,coverage2,coverage3
1.5213016,4.8828125,3.0273438,1.3671875
