max_fitness,coverage1,coverage2,coverage3
8.883152,0.29296875,3.3203125,2.34375
