max_fitness,coverage1,coverage2,coverage3
-0.13968678,3.125,1.4648438,1.2695312
