max_fitness,coverage1,coverage2,coverage3
1.1526426,0.1953125,2.6367188,3.0273438
