max_fitness,coverage1,coverage2,coverage3
1.7695574,3.4179688,1.4648438,2.9296875
