max_fitness,coverage1,coverage2,coverage3
1.4296373,0.1953125,2.5390625,2.4414062
