max_fitness,coverage1,coverage2,coverage3
9.142731,3.0273438,4.8828125,4.1015625
