max_fitness,coverage1,coverage2,coverage3
0.6240607,4.8828125,3.8085938,2.0507812
