max_fitness,coverage1,coverage2,coverage3
0.12214737,0.29296875,2.2460938,2.2460938
