max_fitness,coverage1,coverage2,coverage3
0.10375066,0.5859375,2.734375,1.4648438
