max_fitness,coverage1,coverage2,coverage3
1.5198462,4.8828125,3.90625,2.2460938
