max_fitness,coverage1,coverage2,coverage3
6.0934687,0.09765625,2.1484375,2.0507812
