max_fitness,coverage1,coverage2,coverage3
1.6443609,4.8828125,1.3671875,1.5625
