max_fitness,coverage1,coverage2,coverage3
1.5213016,2.2460938,4.8828125,1.3671875
