max_fitness,coverage1,coverage2,coverage3
0.7575582,0.390625,2.6367188,3.2226562
