max_fitness,coverage1,coverage2,coverage3
-0.97211754,1.953125,2.6367188,3.515625
