max_fitness,coverage1,coverage2,coverage3
3.7400484,3.3203125,0.9765625,1.8554688
