max_fitness,coverage1,coverage2,coverage3
0.14104304,0.29296875,4.8828125,2.2460938
