max_fitness,coverage1,coverage2,coverage3
2.644742,2.734375,1.953125,3.2226562
