max_fitness,coverage1,coverage2,coverage3
-5.2814636,0.29296875,4.8828125,0.68359375
