max_fitness,coverage1,coverage2,coverage3
6.50744,0.390625,2.9296875,3.515625
