max_fitness,coverage1,coverage2,coverage3
3.3575933,0.09765625,4.8828125,2.5390625
