max_fitness,coverage1,coverage2,coverage3
1.3923142,2.5390625,1.7578125,2.2460938
