max_fitness,coverage1,coverage2,coverage3
-1.4120997,0.390625,1.8554688,4.0039062
