max_fitness,coverage1,coverage2,coverage3
-1.5039113,0.1953125,3.125,3.4179688
