max_fitness,coverage1,coverage2,coverage3
7.5067563,4.3945312,3.90625,2.8320312
