max_fitness,coverage1,coverage2,coverage3
0.008312004,0.29296875,1.5625,0.9765625
