max_fitness,coverage1,coverage2,coverage3
7.437189,4.8828125,2.0507812,1.3671875
