max_fitness,coverage1,coverage2,coverage3
3.4182794,0.09765625,3.0273438,1.4648438
