max_fitness,coverage1,coverage2,coverage3
7.109795,2.4414062,2.5390625,3.4179688
