max_fitness,coverage1,coverage2,coverage3
2.05654,0.1953125,1.7578125,4.0039062
