max_fitness,coverage1,coverage2,coverage3
-12.819361,0.48828125,0.68359375,2.2460938
