max_fitness,coverage1,coverage2,coverage3
-15.961618,4.8828125,2.0507812,1.0742188
