max_fitness,coverage1,coverage2,coverage3
2.8431454,0.1953125,1.8554688,3.3203125
