max_fitness,coverage1,coverage2,coverage3
0.8251695,4.8828125,1.6601562,1.4648438
