max_fitness,coverage1,coverage2,coverage3
7.7864823,2.8320312,1.8554688,3.2226562
