max_fitness,coverage1,coverage2,coverage3
2.558737,0.09765625,4.8828125,2.9296875
