max_fitness,coverage1,coverage2,coverage3
-0.1576533,2.6367188,4.8828125,1.8554688
