max_fitness,coverage1,coverage2,coverage3
-9.642233,0.1953125,4.8828125,1.0742188
