max_fitness,coverage1,coverage2,coverage3
0.76033974,4.8828125,4.3945312,3.8085938
