max_fitness,coverage1,coverage2,coverage3
0.0006283927,4.8828125,1.953125,3.2226562
