max_fitness,coverage1,coverage2,coverage3
5.1785626,3.7109375,4.8828125,3.515625
