max_fitness,coverage1,coverage2,coverage3
1.3206242,3.8085938,3.4179688,1.953125
