max_fitness,coverage1,coverage2,coverage3
3.4565704,0.29296875,3.125,3.6132812
