max_fitness,coverage1,coverage2,coverage3
1.3239731,0.09765625,2.2460938,1.2695312
