max_fitness,coverage1,coverage2,coverage3
0.11940039,0.1953125,2.34375,2.8320312
