max_fitness,coverage1,coverage2,coverage3
0.43592986,3.6132812,2.8320312,2.9296875
