max_fitness,coverage1,coverage2,coverage3
0.4075946,2.5390625,2.1484375,3.6132812
