max_fitness,coverage1,coverage2,coverage3
2.7231922,0.68359375,2.8320312,3.2226562
