max_fitness,coverage1,coverage2,coverage3
-9.921359,3.515625,1.953125,2.2460938
