max_fitness,coverage1,coverage2,coverage3
2.5034761,3.7109375,4.8828125,2.1484375
