max_fitness,coverage1,coverage2,coverage3
-3.5215402,0.1953125,1.8554688,2.5390625
