max_fitness,coverage1,coverage2,coverage3
6.221679,3.90625,2.2460938,1.3671875
