max_fitness,coverage1,coverage2,coverage3
-1.5536544,0.78125,2.8320312,3.7109375
