max_fitness,coverage1,coverage2,coverage3
2.1366637,3.4179688,1.4648438,1.0742188
