max_fitness,coverage1,coverage2,coverage3
-0.020269422,4.8828125,2.34375,3.3203125
