max_fitness,coverage1,coverage2,coverage3
-0.055030033,0.09765625,4.8828125,0.78125
