max_fitness,coverage1,coverage2,coverage3
0.18454257,0.29296875,2.9296875,3.125
