max_fitness,coverage1,coverage2,coverage3
0.05289519,0.5859375,4.8828125,1.2695312
