max_fitness,coverage1,coverage2,coverage3
0.4510422,0.1953125,2.2460938,1.5625
