max_fitness,coverage1,coverage2,coverage3
8.585647,0.48828125,0.5859375,2.2460938
