max_fitness,coverage1,coverage2,coverage3
0.26247188,0.9765625,2.5390625,3.0273438
