max_fitness,coverage1,coverage2,coverage3
2.495943,3.3203125,4.8828125,1.3671875
