max_fitness,coverage1,coverage2,coverage3
2.3855865,4.1015625,3.8085938,2.6367188
