max_fitness,coverage1,coverage2,coverage3
1.610694,0.390625,3.515625,1.6601562
