max_fitness,coverage1,coverage2,coverage3
0.77725464,1.6601562,4.8828125,1.7578125
