max_fitness,coverage1,coverage2,coverage3
1.6626341,3.515625,2.2460938,2.8320312
