max_fitness,coverage1,coverage2,coverage3
1.0304261,4.296875,3.3203125,2.2460938
