max_fitness,coverage1,coverage2,coverage3
-1.6227609,0.1953125,2.5390625,2.734375
