max_fitness,coverage1,coverage2,coverage3
1.8416463,3.125,1.4648438,1.6601562
