max_fitness,coverage1,coverage2,coverage3
4.363453,4.8828125,2.0507812,0.78125
