max_fitness,coverage1,coverage2,coverage3
1.533171,3.125,1.3671875,1.0742188
