max_fitness,coverage1,coverage2,coverage3
1.5449544,0.390625,2.34375,3.2226562
