max_fitness,coverage1,coverage2,coverage3
-0.5026455,0.09765625,4.8828125,3.125
