max_fitness,coverage1,coverage2,coverage3
1.9326717,4.8828125,0.5859375,1.171875
