max_fitness,coverage1,coverage2,coverage3
3.5087032,0.09765625,0.9765625,2.8320312
