max_fitness,coverage1,coverage2,coverage3
-13.592293,0.68359375,2.8320312,2.2460938
