max_fitness,coverage1,coverage2,coverage3
-1.5098822,4.8828125,1.953125,2.6367188
