max_fitness,coverage1,coverage2,coverage3
-2.6676996,4.8828125,1.2695312,1.171875
