max_fitness,coverage1,coverage2,coverage3
1.8898934,3.7109375,4.8828125,3.4179688
