max_fitness,coverage1,coverage2,coverage3
0.43130046,3.4179688,4.8828125,0.68359375
