max_fitness,coverage1,coverage2,coverage3
0.79968244,4.8828125,2.34375,1.2695312
