max_fitness,coverage1,coverage2,coverage3
1.7651482,3.4179688,4.8828125,1.8554688
