max_fitness,coverage1,coverage2,coverage3
6.2205963,4.8828125,4.7851562,1.5625
