max_fitness,coverage1,coverage2,coverage3
2.7863019,4.8828125,2.6367188,4.0039062
