max_fitness,coverage1,coverage2,coverage3
1.4728653,0.68359375,2.8320312,2.734375
