max_fitness,coverage1,coverage2,coverage3
5.448089,4.8828125,3.125,3.8085938
