max_fitness,coverage1,coverage2,coverage3
0.73399377,0.68359375,4.8828125,2.5390625
