max_fitness,coverage1,coverage2,coverage3
1.3960054,2.734375,2.0507812,2.2460938
