max_fitness,coverage1,coverage2,coverage3
2.550865,4.1992188,4.1992188,3.0273438
