max_fitness,coverage1,coverage2,coverage3
-1.0112654,0.48828125,0.68359375,3.3203125
