max_fitness,coverage1,coverage2,coverage3
1.6396849,0.68359375,4.8828125,3.8085938
