max_fitness,coverage1,coverage2,coverage3
0.6958376,4.296875,4.0039062,1.6601562
