max_fitness,coverage1,coverage2,coverage3
0.9726115,2.2460938,4.8828125,0.87890625
