max_fitness,coverage1,coverage2,coverage3
8.300772,4.8828125,4.4921875,3.2226562
