max_fitness,coverage1,coverage2,coverage3
1.1654931,0.390625,2.34375,4.296875
