max_fitness,coverage1,coverage2,coverage3
1.1557144,4.8828125,4.7851562,1.0742188
