max_fitness,coverage1,coverage2,coverage3
1.8620797,0.5859375,2.0507812,2.734375
