max_fitness,coverage1,coverage2,coverage3
2.4930968,0.09765625,2.2460938,1.953125
