max_fitness,coverage1,coverage2,coverage3
0.37261045,3.515625,1.953125,2.4414062
