max_fitness,coverage1,coverage2,coverage3
0.30929753,3.125,2.9296875,1.4648438
