max_fitness,coverage1,coverage2,coverage3
-1.4412218,4.8828125,1.3671875,2.5390625
