max_fitness,coverage1,coverage2,coverage3
6.283433,4.8828125,4.5898438,2.5390625
