max_fitness,coverage1,coverage2,coverage3
3.0426428,0.29296875,3.8085938,3.0273438
