max_fitness,coverage1,coverage2,coverage3
3.302039,0.1953125,2.8320312,2.734375
