max_fitness,coverage1,coverage2,coverage3
0.4435735,0.48828125,4.8828125,3.2226562
