max_fitness,coverage1,coverage2,coverage3
3.8663297,1.4648438,4.8828125,3.6132812
