max_fitness,coverage1,coverage2,coverage3
1.7234503,0.48828125,0.5859375,2.734375
