max_fitness,coverage1,coverage2,coverage3
0.124183595,4.8828125,1.8554688,0.68359375
