max_fitness,coverage1,coverage2,coverage3
-1.4686886,4.8828125,2.1484375,3.4179688
