max_fitness,coverage1,coverage2,coverage3
2.8893719,4.8828125,4.296875,1.5625
