max_fitness,coverage1,coverage2,coverage3
6.0649915,4.8828125,3.0273438,3.3203125
