max_fitness,coverage1,coverage2,coverage3
0.54669464,0.09765625,1.7578125,1.3671875
