max_fitness,coverage1,coverage2,coverage3
1.3729503,4.4921875,3.4179688,2.4414062
