max_fitness,coverage1,coverage2,coverage3
1.0566642,4.8828125,1.6601562,0.5859375
