max_fitness,coverage1,coverage2,coverage3
2.4182317,4.1992188,4.1992188,2.9296875
