max_fitness,coverage1,coverage2,coverage3
5.4443073,4.8828125,2.2460938,3.4179688
