max_fitness,coverage1,coverage2,coverage3
9.130081,4.8828125,1.953125,1.7578125
