max_fitness,coverage1,coverage2,coverage3
-9.288021,0.1953125,2.4414062,2.9296875
