max_fitness,coverage1,coverage2,coverage3
3.8285584,3.515625,1.3671875,0.87890625
