max_fitness,coverage1,coverage2,coverage3
6.5481343,0.390625,3.4179688,2.6367188
