max_fitness,coverage1,coverage2,coverage3
0.8493627,3.4179688,4.8828125,1.4648438
