max_fitness,coverage1,coverage2,coverage3
0.6629644,0.09765625,3.8085938,1.171875
