max_fitness,coverage1,coverage2,coverage3
1.1156216,3.515625,4.8828125,1.0742188
