max_fitness,coverage1,coverage2,coverage3
3.4870849,2.5390625,2.5390625,1.8554688
