max_fitness,coverage1,coverage2,coverage3
0.48523226,3.515625,1.3671875,1.171875
