max_fitness,coverage1,coverage2,coverage3
4.413334,0.87890625,4.8828125,2.2460938
