max_fitness,coverage1,coverage2,coverage3
3.140452,2.34375,1.7578125,2.2460938
