max_fitness,coverage1,coverage2,coverage3
9.151375,0.09765625,3.515625,1.7578125
