max_fitness,coverage1,coverage2,coverage3
-1.4500233,4.8828125,1.3671875,2.2460938
