max_fitness,coverage1,coverage2,coverage3
0.5079406,0.48828125,4.8828125,3.7109375
