max_fitness,coverage1,coverage2,coverage3
2.7324104,0.48828125,0.5859375,2.734375
