max_fitness,coverage1,coverage2,coverage3
2.2469647,0.09765625,4.8828125,3.125
