max_fitness,coverage1,coverage2,coverage3
0.05607039,0.29296875,2.4414062,3.2226562
