max_fitness,coverage1,coverage2,coverage3
0.78734255,0.29296875,3.8085938,2.2460938
