max_fitness,coverage1,coverage2,coverage3
4.481924,4.8828125,0.78125,1.7578125
