max_fitness,coverage1,coverage2,coverage3
0.23894441,4.5898438,3.3203125,3.0273438
