max_fitness,coverage1,coverage2,coverage3
8.670155,2.734375,2.0507812,2.4414062
