max_fitness,coverage1,coverage2,coverage3
0.44336304,3.6132812,2.8320312,2.734375
