max_fitness,coverage1,coverage2,coverage3
5.114774,0.48828125,4.8828125,3.3203125
