max_fitness,coverage1,coverage2,coverage3
6.632185,3.4179688,4.8828125,3.8085938
