max_fitness,coverage1,coverage2,coverage3
0.45821112,2.8320312,1.3671875,1.6601562
