max_fitness,coverage1,coverage2,coverage3
3.7071922,1.3671875,3.0273438,1.5625
