max_fitness,coverage1,coverage2,coverage3
-0.0035366928,4.8828125,1.953125,2.6367188
