max_fitness,coverage1,coverage2,coverage3
-11.9537115,0.09765625,4.8828125,1.4648438
