max_fitness,coverage1,coverage2,coverage3
0.78860635,0.5859375,2.734375,2.0507812
