max_fitness,coverage1,coverage2,coverage3
0.79397684,3.90625,3.90625,2.6367188
