max_fitness,coverage1,coverage2,coverage3
-0.011343504,0.48828125,2.9296875,3.125
