max_fitness,coverage1,coverage2,coverage3
5.5936913,0.48828125,2.8320312,1.6601562
