max_fitness,coverage1,coverage2,coverage3
2.7041285,4.8828125,3.2226562,2.6367188
