max_fitness,coverage1,coverage2,coverage3
8.515316,0.48828125,0.5859375,2.5390625
