max_fitness,coverage1,coverage2,coverage3
6.3225226,0.68359375,2.8320312,3.4179688
