max_fitness,coverage1,coverage2,coverage3
1.2865907,0.390625,0.78125,1.953125
