max_fitness,coverage1,coverage2,coverage3
3.8678029,4.5898438,3.4179688,2.8320312
