max_fitness,coverage1,coverage2,coverage3
-1.4584413,4.8828125,3.0273438,3.0273438
