max_fitness,coverage1,coverage2,coverage3
5.7842407,2.5390625,4.8828125,3.4179688
