max_fitness,coverage1,coverage2,coverage3
-8.780871,4.8828125,2.9296875,3.2226562
