max_fitness,coverage1,coverage2,coverage3
0.17890263,0.5859375,2.0507812,1.2695312
