max_fitness,coverage1,coverage2,coverage3
4.1608562,4.8828125,4.5898438,3.0273438
