max_fitness,coverage1,coverage2,coverage3
0.4853465,1.3671875,3.0273438,1.8554688
