max_fitness,coverage1,coverage2,coverage3
0.58853847,4.0039062,4.8828125,3.4179688
