max_fitness,coverage1,coverage2,coverage3
-11.327748,3.515625,2.0507812,1.6601562
