max_fitness,coverage1,coverage2,coverage3
0.77663964,2.6367188,3.0273438,0.78125
