max_fitness,coverage1,coverage2,coverage3
2.1889117,3.515625,1.953125,2.6367188
