max_fitness,coverage1,coverage2,coverage3
-0.18636715,4.8828125,3.8085938,3.7109375
