max_fitness,coverage1,coverage2,coverage3
4.184838,0.78125,4.8828125,1.7578125
