max_fitness,coverage1,coverage2,coverage3
-0.21657403,3.8085938,4.8828125,2.6367188
