max_fitness,coverage1,coverage2,coverage3
8.813034,3.6132812,4.8828125,3.3203125
