max_fitness,coverage1,coverage2,coverage3
2.7908442,0.1953125,2.5390625,3.4179688
