max_fitness,coverage1,coverage2,coverage3
3.6084938,0.1953125,1.7578125,3.0273438
