max_fitness,coverage1,coverage2,coverage3
4.3750668,1.6601562,2.734375,3.2226562
