max_fitness,coverage1,coverage2,coverage3
-1.5749464,4.8828125,1.3671875,3.3203125
