max_fitness,coverage1,coverage2,coverage3
8.832435,4.3945312,4.8828125,3.3203125
