max_fitness,coverage1,coverage2,coverage3
1.7897203,4.8828125,2.0507812,1.171875
