max_fitness,coverage1,coverage2,coverage3
0.02794856,4.8828125,4.296875,1.953125
