max_fitness,coverage1,coverage2,coverage3
2.6077023,3.3203125,4.8828125,1.8554688
