max_fitness,coverage1,coverage2,coverage3
1.0716072,0.1953125,1.7578125,2.1484375
