max_fitness,coverage1,coverage2,coverage3
-0.36532626,4.8828125,3.90625,2.9296875
