max_fitness,coverage1,coverage2,coverage3
0.82166266,4.1015625,3.125,3.2226562
