max_fitness,coverage1,coverage2,coverage3
0.98335284,3.8085938,4.8828125,1.0742188
