max_fitness,coverage1,coverage2,coverage3
3.0036438,0.87890625,4.8828125,2.34375
