max_fitness,coverage1,coverage2,coverage3
4.203442,0.29296875,1.5625,1.3671875
