max_fitness,coverage1,coverage2,coverage3
2.5804327,0.1953125,4.8828125,3.515625
