max_fitness,coverage1,coverage2,coverage3
1.8304579,3.90625,3.6132812,2.0507812
