max_fitness,coverage1,coverage2,coverage3
-1.4334517,0.390625,3.515625,3.3203125
