max_fitness,coverage1,coverage2,coverage3
0.12010314,0.5859375,4.8828125,0.87890625
