max_fitness,coverage1,coverage2,coverage3
2.9635513,4.8828125,3.0273438,4.1015625
