max_fitness,coverage1,coverage2,coverage3
-1.6624141,3.125,1.3671875,3.8085938
