max_fitness,coverage1,coverage2,coverage3
-3.402882,2.9296875,2.34375,1.953125
