max_fitness,coverage1,coverage2,coverage3
2.6704032,4.1015625,2.4414062,2.8320312
