max_fitness,coverage1,coverage2,coverage3
-2.016925,4.296875,3.90625,2.4414062
