max_fitness,coverage1,coverage2,coverage3
0.44570726,2.6367188,1.7578125,1.5625
