max_fitness,coverage1,coverage2,coverage3
4.1468287,4.6875,2.4414062,3.90625
