max_fitness,coverage1,coverage2,coverage3
6.004202,0.1953125,3.6132812,3.0273438
