max_fitness,coverage1,coverage2,coverage3
6.32542,0.5859375,3.2226562,3.0273438
