max_fitness,coverage1,coverage2,coverage3
-1.402859,2.734375,4.8828125,3.3203125
