max_fitness,coverage1,coverage2,coverage3
0.4037052,4.5898438,3.4179688,1.6601562
