max_fitness,coverage1,coverage2,coverage3
1.5364867,4.8828125,2.2460938,1.953125
