max_fitness,coverage1,coverage2,coverage3
5.1131463,3.515625,4.8828125,2.734375
