max_fitness,coverage1,coverage2,coverage3
1.744284,3.515625,2.0507812,2.4414062
