max_fitness,coverage1,coverage2,coverage3
1.6391875,0.390625,3.125,1.0742188
