max_fitness,coverage1,coverage2,coverage3
2.1286616,4.8828125,4.4921875,2.8320312
