max_fitness,coverage1,coverage2,coverage3
8.793247,0.09765625,3.515625,2.0507812
