max_fitness,coverage1,coverage2,coverage3
-10.205372,0.29296875,3.125,2.8320312
