max_fitness,coverage1,coverage2,coverage3
6.632185,2.34375,2.0507812,3.3203125
