max_fitness,coverage1,coverage2,coverage3
1.2459906,3.125,1.4648438,0.5859375
