max_fitness,coverage1,coverage2,coverage3
8.247043,2.6367188,1.4648438,2.8320312
