max_fitness,coverage1,coverage2,coverage3
0.3089481,0.48828125,2.8320312,1.4648438
