max_fitness,coverage1,coverage2,coverage3
1.339501,0.1953125,3.125,1.0742188
