max_fitness,coverage1,coverage2,coverage3
8.91379,0.29296875,4.8828125,3.3203125
