max_fitness,coverage1,coverage2,coverage3
-0.0037990878,4.8828125,3.0273438,0.68359375
