max_fitness,coverage1,coverage2,coverage3
1.3111615,2.8320312,2.2460938,1.5625
