max_fitness,coverage1,coverage2,coverage3
4.645042,0.5859375,2.734375,2.9296875
