max_fitness,coverage1,coverage2,coverage3
4.575116,2.0507812,4.8828125,2.5390625
