max_fitness,coverage1,coverage2,coverage3
8.701637,2.8320312,1.8554688,2.2460938
