max_fitness,coverage1,coverage2,coverage3
-9.681614,0.1953125,4.8828125,3.0273438
