max_fitness,coverage1,coverage2,coverage3
-11.664759,0.390625,3.515625,2.1484375
