max_fitness,coverage1,coverage2,coverage3
0.79601055,1.4648438,1.7578125,1.2695312
