max_fitness,coverage1,coverage2,coverage3
4.7534337,4.8828125,3.6132812,4.296875
