max_fitness,coverage1,coverage2,coverage3
2.3656747,4.0039062,4.8828125,1.8554688
