max_fitness,coverage1,coverage2,coverage3
0.20647015,3.515625,1.953125,1.5625
