max_fitness,coverage1,coverage2,coverage3
0.2940727,4.8828125,3.8085938,2.6367188
