max_fitness,coverage1,coverage2,coverage3
0.40158558,3.8085938,2.5390625,3.0273438
