max_fitness,coverage1,coverage2,coverage3
0.06335543,4.7851562,4.296875,2.6367188
