max_fitness,coverage1,coverage2,coverage3
1.0932977,0.390625,2.34375,1.8554688
