max_fitness,coverage1,coverage2,coverage3
4.5019107,3.515625,2.6367188,1.8554688
