max_fitness,coverage1,coverage2,coverage3
1.8137271,0.78125,3.0273438,1.7578125
