max_fitness,coverage1,coverage2,coverage3
8.428281,3.125,1.4648438,2.8320312
