max_fitness,coverage1,coverage2,coverage3
-1.4378483,4.8828125,1.2695312,2.6367188
