max_fitness,coverage1,coverage2,coverage3
1.6391554,0.78125,2.8320312,2.2460938
