max_fitness,coverage1,coverage2,coverage3
1.4980673,4.8828125,2.6367188,1.2695312
