max_fitness,coverage1,coverage2,coverage3
1.4024211,4.296875,3.90625,2.9296875
