max_fitness,coverage1,coverage2,coverage3
3.4343536,0.68359375,2.5390625,3.3203125
