max_fitness,coverage1,coverage2,coverage3
0.26033422,0.29296875,1.5625,0.87890625
