max_fitness,coverage1,coverage2,coverage3
0.94870293,4.6875,2.8320312,3.7109375
