max_fitness,coverage1,coverage2,coverage3
0.7483991,3.7109375,4.8828125,2.4414062
