max_fitness,coverage1,coverage2,coverage3
7.6705403,4.8828125,2.4414062,3.3203125
