max_fitness,coverage1,coverage2,coverage3
5.342075,4.8828125,1.3671875,2.6367188
