max_fitness,coverage1,coverage2,coverage3
2.3968208,4.5898438,3.4179688,3.125
