max_fitness,coverage1,coverage2,coverage3
-11.365289,0.1953125,3.125,2.4414062
