max_fitness,coverage1,coverage2,coverage3
1.572257,0.390625,2.4414062,3.2226562
