max_fitness,coverage1,coverage2,coverage3
1.3350775,0.68359375,2.9296875,2.9296875
