max_fitness,coverage1,coverage2,coverage3
0.7993278,0.390625,2.6367188,1.0742188
