max_fitness,coverage1,coverage2,coverage3
2.9444902,0.09765625,3.0273438,1.4648438
