max_fitness,coverage1,coverage2,coverage3
2.8832743,2.8320312,1.8554688,1.6601562
