max_fitness,coverage1,coverage2,coverage3
4.5060654,0.29296875,4.8828125,3.6132812
