max_fitness,coverage1,coverage2,coverage3
-11.382492,4.8828125,0.87890625,0.87890625
