max_fitness,coverage1,coverage2,coverage3
2.395869,0.1953125,2.8320312,3.125
