max_fitness,coverage1,coverage2,coverage3
0.9344256,4.296875,4.0039062,2.4414062
