max_fitness,coverage1,coverage2,coverage3
-1.4193928,4.8828125,1.3671875,2.0507812
