max_fitness,coverage1,coverage2,coverage3
8.131657,3.125,1.3671875,2.6367188
