max_fitness,coverage1,coverage2,coverage3
0.8282341,1.3671875,3.0273438,4.1015625
