max_fitness,coverage1,coverage2,coverage3
2.1052628,2.5390625,2.1484375,2.34375
