max_fitness,coverage1,coverage2,coverage3
1.6323401,0.87890625,4.8828125,3.7109375
