max_fitness,coverage1,coverage2,coverage3
1.5643973,0.1953125,2.1484375,2.1484375
