max_fitness,coverage1,coverage2,coverage3
2.0843077,0.48828125,1.7578125,0.87890625
