max_fitness,coverage1,coverage2,coverage3
5.221602,0.29296875,4.8828125,2.8320312
