max_fitness,coverage1,coverage2,coverage3
1.3574246,0.5859375,4.8828125,3.125
