max_fitness,coverage1,coverage2,coverage3
-0.017294798,2.8320312,1.3671875,1.5625
