max_fitness,coverage1,coverage2,coverage3
-1.8429165,2.4414062,1.8554688,2.4414062
