max_fitness,coverage1,coverage2,coverage3
0.059941277,4.8828125,3.4179688,2.1484375
