max_fitness,coverage1,coverage2,coverage3
4.6895494,2.734375,1.953125,2.1484375
