max_fitness,coverage1,coverage2,coverage3
-9.668278,0.1953125,4.8828125,2.6367188
