max_fitness,coverage1,coverage2,coverage3
6.7443724,0.29296875,3.125,4.0039062
