max_fitness,coverage1,coverage2,coverage3
8.24881,0.29296875,3.3203125,2.8320312
