max_fitness,coverage1,coverage2,coverage3
4.5613246,0.09765625,4.8828125,2.0507812
