max_fitness,coverage1,coverage2,coverage3
1.0614702,0.390625,1.953125,1.5625
