max_fitness,coverage1,coverage2,coverage3
2.43433,4.3945312,4.8828125,1.3671875
