max_fitness,coverage1,coverage2,coverage3
7.986039,4.8828125,2.34375,3.3203125
