max_fitness,coverage1,coverage2,coverage3
-1.1844367,0.48828125,0.5859375,2.734375
