max_fitness,coverage1,coverage2,coverage3
1.9943756,4.3945312,4.8828125,2.2460938
