max_fitness,coverage1,coverage2,coverage3
-0.4247711,3.3203125,4.8828125,2.34375
