max_fitness,coverage1,coverage2,coverage3
3.1861875,0.5859375,2.734375,1.5625
