max_fitness,coverage1,coverage2,coverage3
7.147295,4.8828125,3.4179688,3.515625
