max_fitness,coverage1,coverage2,coverage3
-1.4046513,0.09765625,3.8085938,3.7109375
