max_fitness,coverage1,coverage2,coverage3
1.7781961,4.3945312,3.90625,2.734375
