max_fitness,coverage1,coverage2,coverage3
1.7832241,3.515625,2.5390625,1.5625
