max_fitness,coverage1,coverage2,coverage3
2.7958002,4.8828125,2.1484375,3.2226562
