max_fitness,coverage1,coverage2,coverage3
2.3924382,3.90625,2.2460938,2.0507812
