max_fitness,coverage1,coverage2,coverage3
1.7272747,4.8828125,2.734375,1.2695312
