max_fitness,coverage1,coverage2,coverage3
4.909741,2.1484375,4.8828125,2.4414062
