max_fitness,coverage1,coverage2,coverage3
1.2470838,3.4179688,4.8828125,1.0742188
