max_fitness,coverage1,coverage2,coverage3
0.53919935,4.8828125,4.5898438,3.125
