max_fitness,coverage1,coverage2,coverage3
0.48280504,4.1015625,3.90625,2.34375
