max_fitness,coverage1,coverage2,coverage3
5.9821014,4.8828125,0.9765625,2.0507812
