max_fitness,coverage1,coverage2,coverage3
-0.107728064,4.8828125,3.3203125,3.4179688
