max_fitness,coverage1,coverage2,coverage3
7.670016,4.1992188,3.4179688,3.2226562
