max_fitness,coverage1,coverage2,coverage3
-12.159993,4.8828125,3.0273438,1.8554688
