max_fitness,coverage1,coverage2,coverage3
7.6663365,3.125,1.3671875,2.734375
