max_fitness,coverage1,coverage2,coverage3
-0.5672738,4.8828125,1.6601562,3.515625
