max_fitness,coverage1,coverage2,coverage3
4.913729,4.296875,4.0039062,2.0507812
