max_fitness,coverage1,coverage2,coverage3
-1.6319039,0.09765625,3.3203125,2.734375
