max_fitness,coverage1,coverage2,coverage3
3.830149,0.1953125,1.8554688,2.1484375
