max_fitness,coverage1,coverage2,coverage3
0.26036245,0.390625,2.6367188,0.9765625
