max_fitness,coverage1,coverage2,coverage3
0.38330904,2.734375,2.34375,1.3671875
