max_fitness,coverage1,coverage2,coverage3
3.3982666,0.5859375,4.8828125,1.171875
