max_fitness,coverage1,coverage2,coverage3
-1.6262165,0.390625,2.4414062,3.7109375
