max_fitness,coverage1,coverage2,coverage3
0.17911085,1.953125,2.0507812,1.6601562
