max_fitness,coverage1,coverage2,coverage3
-11.393505,0.68359375,2.8320312,2.34375
