max_fitness,coverage1,coverage2,coverage3
3.6016855,3.4179688,4.8828125,2.5390625
