max_fitness,coverage1,coverage2,coverage3
0.6497549,2.5390625,2.4414062,1.0742188
