max_fitness,coverage1,coverage2,coverage3
-11.203446,2.34375,1.7578125,3.3203125
