max_fitness,coverage1,coverage2,coverage3
0.6296749,0.5859375,4.8828125,1.5625
