max_fitness,coverage1,coverage2,coverage3
7.4552217,0.68359375,4.8828125,3.0273438
