max_fitness,coverage1,coverage2,coverage3
0.38438895,0.5859375,2.734375,3.2226562
