max_fitness,coverage1,coverage2,coverage3
0.3930995,3.125,1.4648438,4.0039062
