max_fitness,coverage1,coverage2,coverage3
4.4905443,4.8828125,3.3203125,2.0507812
