max_fitness,coverage1,coverage2,coverage3
1.8207152,4.8828125,4.296875,2.2460938
