max_fitness,coverage1,coverage2,coverage3
2.647696,0.5859375,4.8828125,2.5390625
