max_fitness,coverage1,coverage2,coverage3
-1.4862818,2.8320312,1.8554688,3.4179688
