max_fitness,coverage1,coverage2,coverage3
0.9649559,2.5390625,2.1484375,2.1484375
