max_fitness,coverage1,coverage2,coverage3
6.2389073,4.1015625,4.8828125,2.6367188
