max_fitness,coverage1,coverage2,coverage3
2.9268486,4.8828125,4.7851562,3.3203125
