max_fitness,coverage1,coverage2,coverage3
0.10766086,3.90625,3.6132812,1.6601562
