max_fitness,coverage1,coverage2,coverage3
3.3074007,0.29296875,1.5625,3.515625
