max_fitness,coverage1,coverage2,coverage3
-1.1823031,0.1953125,1.5625,3.3203125
