max_fitness,coverage1,coverage2,coverage3
0.6777743,4.296875,3.515625,2.0507812
