max_fitness,coverage1,coverage2,coverage3
-1.4190286,0.29296875,4.8828125,3.3203125
