max_fitness,coverage1,coverage2,coverage3
0.093782224,4.8828125,2.4414062,1.2695312
