max_fitness,coverage1,coverage2,coverage3
0.63614976,4.1992188,3.4179688,2.1484375
