max_fitness,coverage1,coverage2,coverage3
1.9648918,3.6132812,4.8828125,1.8554688
