max_fitness,coverage1,coverage2,coverage3
0.32026163,0.87890625,4.8828125,1.0742188
