max_fitness,coverage1,coverage2,coverage3
-13.550798,0.390625,3.515625,1.8554688
