max_fitness,coverage1,coverage2,coverage3
0.25022388,4.8828125,2.9296875,2.34375
