max_fitness,coverage1,coverage2,coverage3
0.11714131,4.8828125,1.3671875,2.4414062
