max_fitness,coverage1,coverage2,coverage3
2.8801138,0.68359375,2.8320312,1.953125
