max_fitness,coverage1,coverage2,coverage3
-1.5063413,4.8828125,4.5898438,3.6132812
