max_fitness,coverage1,coverage2,coverage3
0.45099396,3.4179688,4.8828125,0.9765625
