max_fitness,coverage1,coverage2,coverage3
8.248762,0.09765625,4.8828125,4.5898438
