max_fitness,coverage1,coverage2,coverage3
6.534207,4.1992188,4.1992188,2.4414062
