max_fitness,coverage1,coverage2,coverage3
-13.345176,0.09765625,3.3203125,1.6601562
