max_fitness,coverage1,coverage2,coverage3
-3.1163015,0.390625,0.78125,1.3671875
