max_fitness,coverage1,coverage2,coverage3
2.213926,1.7578125,4.8828125,1.8554688
