max_fitness,coverage1,coverage2,coverage3
-12.765489,0.9765625,2.5390625,2.2460938
