max_fitness,coverage1,coverage2,coverage3
8.610112,0.09765625,3.515625,2.2460938
