max_fitness,coverage1,coverage2,coverage3
0.15179041,0.1953125,1.5625,1.2695312
