max_fitness,coverage1,coverage2,coverage3
-10.5117655,1.6601562,4.8828125,2.6367188
