max_fitness,coverage1,coverage2,coverage3
-14.744266,3.515625,2.6367188,2.34375
