max_fitness,coverage1,coverage2,coverage3
2.787579,2.1484375,4.8828125,2.2460938
