max_fitness,coverage1,coverage2,coverage3
2.806096,3.4179688,4.8828125,2.1484375
