max_fitness,coverage1,coverage2,coverage3
2.4701931,1.3671875,3.0273438,3.3203125
