max_fitness,coverage1,coverage2,coverage3
-1.3699961,0.9765625,3.3203125,3.4179688
