max_fitness,coverage1,coverage2,coverage3
6.723231,2.34375,4.8828125,2.9296875
