max_fitness,coverage1,coverage2,coverage3
4.0679803,2.734375,4.8828125,3.2226562
