max_fitness,coverage1,coverage2,coverage3
-2.1744473,0.1953125,2.34375,2.6367188
