max_fitness,coverage1,coverage2,coverage3
0.7117306,0.29296875,3.125,2.0507812
