max_fitness,coverage1,coverage2,coverage3
0.18242326,0.29296875,2.4414062,2.1484375
