max_fitness,coverage1,coverage2,coverage3
0.6932202,1.4648438,4.8828125,1.5625
