max_fitness,coverage1,coverage2,coverage3
2.6141999,3.8085938,4.8828125,1.7578125
