max_fitness,coverage1,coverage2,coverage3
1.9162201,0.78125,2.8320312,2.734375
