max_fitness,coverage1,coverage2,coverage3
0.8139766,3.2226562,2.4414062,1.3671875
