max_fitness,coverage1,coverage2,coverage3
0.77127415,2.5390625,1.3671875,1.2695312
