max_fitness,coverage1,coverage2,coverage3
2.4581807,2.5390625,2.1484375,3.4179688
