max_fitness,coverage1,coverage2,coverage3
3.7994747,2.9296875,1.5625,2.0507812
