max_fitness,coverage1,coverage2,coverage3
0.9735139,0.1953125,2.1484375,1.4648438
