max_fitness,coverage1,coverage2,coverage3
0.25856698,0.390625,4.5898438,0.9765625
