max_fitness,coverage1,coverage2,coverage3
3.8051972,4.1992188,4.8828125,2.9296875
