max_fitness,coverage1,coverage2,coverage3
4.9746213,0.390625,1.8554688,2.0507812
