max_fitness,coverage1,coverage2,coverage3
-0.8743108,2.6367188,4.8828125,3.3203125
