max_fitness,coverage1,coverage2,coverage3
1.0039138,4.3945312,3.90625,2.2460938
