max_fitness,coverage1,coverage2,coverage3
0.71882236,0.390625,2.34375,2.0507812
