max_fitness,coverage1,coverage2,coverage3
2.8677046,0.09765625,3.515625,2.6367188
