max_fitness,coverage1,coverage2,coverage3
0.52278316,0.5859375,3.125,1.2695312
