max_fitness,coverage1,coverage2,coverage3
0.40635636,4.8828125,2.8320312,0.78125
