max_fitness,coverage1,coverage2,coverage3
0.5250554,4.8828125,3.0273438,1.3671875
