max_fitness,coverage1,coverage2,coverage3
0.23209138,4.8828125,3.0273438,1.0742188
