max_fitness,coverage1,coverage2,coverage3
2.4971092,0.29296875,3.90625,3.4179688
