max_fitness,coverage1,coverage2,coverage3
-11.011017,4.8828125,2.6367188,2.1484375
