max_fitness,coverage1,coverage2,coverage3
7.437189,3.8085938,4.8828125,1.5625
