max_fitness,coverage1,coverage2,coverage3
3.9745977,4.0039062,4.8828125,2.8320312
