max_fitness,coverage1,coverage2,coverage3
0.15749735,2.6367188,4.8828125,1.0742188
