max_fitness,coverage1,coverage2,coverage3
1.2051258,3.0273438,2.6367188,0.9765625
