max_fitness,coverage1,coverage2,coverage3
-0.9855866,0.1953125,2.5390625,3.0273438
