max_fitness,coverage1,coverage2,coverage3
0.44192812,4.4921875,3.4179688,1.6601562
