max_fitness,coverage1,coverage2,coverage3
-1.4350681,4.0039062,4.8828125,3.515625
