max_fitness,coverage1,coverage2,coverage3
5.0136757,0.5859375,4.8828125,3.90625
