max_fitness,coverage1,coverage2,coverage3
-2.2017894,0.390625,4.8828125,1.8554688
