max_fitness,coverage1,coverage2,coverage3
1.9377254,3.515625,4.8828125,1.171875
