max_fitness,coverage1,coverage2,coverage3
5.424335,0.09765625,3.515625,2.0507812
