max_fitness,coverage1,coverage2,coverage3
1.8843588,0.1953125,1.5625,1.2695312
