max_fitness,coverage1,coverage2,coverage3
3.350041,0.87890625,4.8828125,1.7578125
