max_fitness,coverage1,coverage2,coverage3
8.285875,2.2460938,4.8828125,2.34375
