max_fitness,coverage1,coverage2,coverage3
3.632349,2.2460938,4.8828125,1.171875
