max_fitness,coverage1,coverage2,coverage3
0.41446722,0.09765625,3.3203125,1.0742188
