max_fitness,coverage1,coverage2,coverage3
2.4265704,2.34375,2.0507812,3.6132812
