max_fitness,coverage1,coverage2,coverage3
3.824806,4.8828125,3.3203125,2.2460938
