max_fitness,coverage1,coverage2,coverage3
-2.775564,2.6367188,4.8828125,2.734375
