max_fitness,coverage1,coverage2,coverage3
4.5341635,2.5390625,1.3671875,1.7578125
