max_fitness,coverage1,coverage2,coverage3
-1.4131775,0.68359375,2.8320312,3.7109375
