max_fitness,coverage1,coverage2,coverage3
1.4745867,0.29296875,3.90625,2.1484375
