max_fitness,coverage1,coverage2,coverage3
1.7858307,0.9765625,2.5390625,2.4414062
