max_fitness,coverage1,coverage2,coverage3
0.042459507,0.09765625,1.953125,1.0742188
