max_fitness,coverage1,coverage2,coverage3
-1.4120997,0.48828125,4.8828125,3.6132812
