max_fitness,coverage1,coverage2,coverage3
1.8766098,0.87890625,4.8828125,2.1484375
