max_fitness,coverage1,coverage2,coverage3
0.6765813,3.90625,4.8828125,2.8320312
