max_fitness,coverage1,coverage2,coverage3
2.3902528,1.953125,2.0507812,2.2460938
