max_fitness,coverage1,coverage2,coverage3
1.7386086,3.0273438,1.953125,2.34375
