max_fitness,coverage1,coverage2,coverage3
3.3261716,3.6132812,4.8828125,2.5390625
