max_fitness,coverage1,coverage2,coverage3
3.4413965,0.09765625,3.7109375,3.4179688
