max_fitness,coverage1,coverage2,coverage3
8.939085,0.390625,0.78125,2.2460938
