max_fitness,coverage1,coverage2,coverage3
1.9120185,0.09765625,3.515625,2.2460938
