max_fitness,coverage1,coverage2,coverage3
4.0801177,3.4179688,4.8828125,1.7578125
