max_fitness,coverage1,coverage2,coverage3
3.5596588,4.8828125,0.78125,0.390625
