max_fitness,coverage1,coverage2,coverage3
0.006025251,3.6132812,1.6601562,3.7109375
