max_fitness,coverage1,coverage2,coverage3
3.5724323,4.8828125,1.3671875,2.0507812
