max_fitness,coverage1,coverage2,coverage3
5.0642586,4.296875,3.90625,2.1484375
