max_fitness,coverage1,coverage2,coverage3
2.5161538,4.8828125,3.0273438,4.0039062
