max_fitness,coverage1,coverage2,coverage3
3.1736577,0.1953125,4.0039062,2.0507812
