max_fitness,coverage1,coverage2,coverage3
-3.071408,0.390625,1.8554688,3.7109375
