max_fitness,coverage1,coverage2,coverage3
1.5162584,3.90625,3.90625,2.1484375
