max_fitness,coverage1,coverage2,coverage3
-10.616207,1.4648438,4.8828125,2.34375
