max_fitness,coverage1,coverage2,coverage3
-0.13968678,4.8828125,1.6601562,1.0742188
