max_fitness,coverage1,coverage2,coverage3
1.6703839,1.6601562,2.734375,1.5625
