max_fitness,coverage1,coverage2,coverage3
0.050372772,4.8828125,1.6601562,0.68359375
