max_fitness,coverage1,coverage2,coverage3
2.9814987,3.7109375,4.8828125,3.515625
