max_fitness,coverage1,coverage2,coverage3
0.13565901,0.48828125,4.8828125,3.90625
