max_fitness,coverage1,coverage2,coverage3
2.4351108,3.8085938,2.5390625,2.6367188
