max_fitness,coverage1,coverage2,coverage3
0.25917003,0.68359375,2.8320312,3.4179688
