max_fitness,coverage1,coverage2,coverage3
1.7694999,4.8828125,2.0507812,1.6601562
