max_fitness,coverage1,coverage2,coverage3
-2.3580604,0.48828125,0.68359375,2.8320312
