max_fitness,coverage1,coverage2,coverage3
5.0247416,4.8828125,3.0273438,3.90625
