max_fitness,coverage1,coverage2,coverage3
3.8001227,0.5859375,3.2226562,3.2226562
