max_fitness,coverage1,coverage2,coverage3
4.580827,2.6367188,4.8828125,4.3945312
