max_fitness,coverage1,coverage2,coverage3
0.75716937,4.8828125,0.5859375,0.87890625
