max_fitness,coverage1,coverage2,coverage3
1.8579526,2.8320312,4.8828125,1.953125
