max_fitness,coverage1,coverage2,coverage3
-4.301239,0.5859375,2.734375,1.953125
