max_fitness,coverage1,coverage2,coverage3
2.2131357,2.9296875,1.5625,3.3203125
