max_fitness,coverage1,coverage2,coverage3
0.10175551,3.8085938,2.5390625,2.734375
