max_fitness,coverage1,coverage2,coverage3
0.93578815,4.5898438,3.4179688,3.515625
