max_fitness,coverage1,coverage2,coverage3
0.20006414,2.9296875,2.6367188,1.171875
