max_fitness,coverage1,coverage2,coverage3
5.823462,2.34375,2.34375,2.8320312
