max_fitness,coverage1,coverage2,coverage3
-1.4648544,3.515625,1.953125,2.9296875
