max_fitness,coverage1,coverage2,coverage3
2.2194266,0.390625,1.953125,3.515625
