max_fitness,coverage1,coverage2,coverage3
0.6274993,0.29296875,2.9296875,0.87890625
