max_fitness,coverage1,coverage2,coverage3
-1.4431382,0.390625,0.78125,2.8320312
