max_fitness,coverage1,coverage2,coverage3
2.1550038,4.8828125,2.6367188,3.0273438
