max_fitness,coverage1,coverage2,coverage3
4.583233,2.6367188,4.8828125,1.2695312
