max_fitness,coverage1,coverage2,coverage3
3.5766418,4.8828125,1.2695312,1.4648438
