max_fitness,coverage1,coverage2,coverage3
3.0169437,3.515625,4.8828125,2.34375
