max_fitness,coverage1,coverage2,coverage3
2.4729831,4.3945312,4.8828125,1.6601562
