max_fitness,coverage1,coverage2,coverage3
0.23044671,2.8320312,2.6367188,1.953125
