max_fitness,coverage1,coverage2,coverage3
2.9398022,1.3671875,3.0273438,3.4179688
