max_fitness,coverage1,coverage2,coverage3
0.16064906,4.8828125,1.2695312,1.8554688
