max_fitness,coverage1,coverage2,coverage3
0.45847398,2.9296875,2.6367188,0.9765625
