max_fitness,coverage1,coverage2,coverage3
2.9460254,0.390625,3.2226562,1.4648438
