max_fitness,coverage1,coverage2,coverage3
1.3555423,0.5859375,4.8828125,1.953125
