max_fitness,coverage1,coverage2,coverage3
6.4452205,1.6601562,2.734375,3.8085938
