max_fitness,coverage1,coverage2,coverage3
4.4155126,4.8828125,2.9296875,3.4179688
