max_fitness,coverage1,coverage2,coverage3
8.762624,2.9296875,4.8828125,2.5390625
