max_fitness,coverage1,coverage2,coverage3
0.45214078,4.1015625,3.125,2.1484375
