max_fitness,coverage1,coverage2,coverage3
0.08568836,2.0507812,4.8828125,1.0742188
