max_fitness,coverage1,coverage2,coverage3
1.8289651,0.1953125,4.0039062,2.734375
