max_fitness,coverage1,coverage2,coverage3
-0.35338897,3.125,1.3671875,2.8320312
