max_fitness,coverage1,coverage2,coverage3
2.3011677,4.3945312,3.90625,3.0273438
