max_fitness,coverage1,coverage2,coverage3
2.660002,3.4179688,4.8828125,2.2460938
