max_fitness,coverage1,coverage2,coverage3
1.7606596,4.8828125,4.4921875,2.2460938
