max_fitness,coverage1,coverage2,coverage3
7.024814,4.8828125,1.7578125,1.5625
