max_fitness,coverage1,coverage2,coverage3
0.11453349,3.2226562,2.4414062,1.3671875
