max_fitness,coverage1,coverage2,coverage3
2.3718717,0.48828125,0.68359375,3.3203125
