max_fitness,coverage1,coverage2,coverage3
0.96832544,4.8828125,3.2226562,2.5390625
