max_fitness,coverage1,coverage2,coverage3
6.257586,4.8828125,2.734375,3.0273438
