max_fitness,coverage1,coverage2,coverage3
3.5852933,0.09765625,2.6367188,2.1484375
