max_fitness,coverage1,coverage2,coverage3
-1.6013281,3.8085938,4.8828125,2.34375
