max_fitness,coverage1,coverage2,coverage3
3.2752469,4.296875,3.90625,1.8554688
