max_fitness,coverage1,coverage2,coverage3
-0.13210693,0.48828125,4.8828125,2.0507812
