max_fitness,coverage1,coverage2,coverage3
-12.1651745,0.09765625,3.7109375,2.6367188
