max_fitness,coverage1,coverage2,coverage3
-11.769425,4.3945312,4.8828125,1.953125
