max_fitness,coverage1,coverage2,coverage3
2.410368,2.6367188,3.0273438,1.4648438
