max_fitness,coverage1,coverage2,coverage3
3.9178004,0.390625,4.8828125,2.5390625
