max_fitness,coverage1,coverage2,coverage3
4.772311,0.09765625,3.515625,2.2460938
