max_fitness,coverage1,coverage2,coverage3
2.5903192,2.6367188,2.6367188,3.4179688
