max_fitness,coverage1,coverage2,coverage3
4.4764447,4.8828125,0.48828125,0.5859375
