max_fitness,coverage1,coverage2,coverage3
5.2684793,2.6367188,1.6601562,2.5390625
