max_fitness,coverage1,coverage2,coverage3
-10.953517,2.5390625,1.7578125,2.6367188
