max_fitness,coverage1,coverage2,coverage3
5.756122,4.1992188,4.1992188,2.8320312
