max_fitness,coverage1,coverage2,coverage3
4.9130864,1.7578125,4.8828125,3.2226562
