max_fitness,coverage1,coverage2,coverage3
2.4030242,4.0039062,4.8828125,2.6367188
