max_fitness,coverage1,coverage2,coverage3
1.614341,3.90625,2.2460938,1.2695312
