max_fitness,coverage1,coverage2,coverage3
3.8097234,0.09765625,1.953125,3.0273438
