max_fitness,coverage1,coverage2,coverage3
0.07634592,0.5859375,4.8828125,1.8554688
