max_fitness,coverage1,coverage2,coverage3
5.1297264,4.3945312,4.8828125,1.4648438
