max_fitness,coverage1,coverage2,coverage3
0.7838379,1.5625,4.8828125,4.1015625
