max_fitness,coverage1,coverage2,coverage3
2.6091788,0.09765625,3.515625,1.8554688
