max_fitness,coverage1,coverage2,coverage3
4.8043103,4.8828125,3.0273438,3.0273438
