max_fitness,coverage1,coverage2,coverage3
6.15414,4.1992188,4.1992188,2.0507812
