max_fitness,coverage1,coverage2,coverage3
0.5544805,0.1953125,2.5390625,1.3671875
