max_fitness,coverage1,coverage2,coverage3
-1.0255963,2.1484375,1.4648438,2.34375
