max_fitness,coverage1,coverage2,coverage3
4.5294695,0.390625,2.8320312,3.2226562
