max_fitness,coverage1,coverage2,coverage3
1.7330681,4.8828125,3.125,2.1484375
