max_fitness,coverage1,coverage2,coverage3
3.8226802,0.68359375,2.8320312,3.4179688
