max_fitness,coverage1,coverage2,coverage3
2.7842696,4.7851562,4.296875,2.4414062
