max_fitness,coverage1,coverage2,coverage3
-12.902637,0.390625,4.8828125,1.2695312
