max_fitness,coverage1,coverage2,coverage3
-2.6372702,0.5859375,4.8828125,4.0039062
