max_fitness,coverage1,coverage2,coverage3
-0.3293072,0.78125,2.8320312,3.0273438
