max_fitness,coverage1,coverage2,coverage3
6.95349,0.29296875,4.8828125,3.6132812
