max_fitness,coverage1,coverage2,coverage3
-13.726872,0.09765625,4.8828125,1.171875
