max_fitness,coverage1,coverage2,coverage3
5.203979,3.125,1.3671875,1.7578125
