max_fitness,coverage1,coverage2,coverage3
1.7660352,0.68359375,4.8828125,3.515625
