max_fitness,coverage1,coverage2,coverage3
4.6534257,4.5898438,3.3203125,2.9296875
