max_fitness,coverage1,coverage2,coverage3
0.0042241244,3.125,2.6367188,1.953125
