max_fitness,coverage1,coverage2,coverage3
0.15396254,3.515625,3.125,1.4648438
