max_fitness,coverage1,coverage2,coverage3
1.2632706,0.5859375,3.515625,2.8320312
