max_fitness,coverage1,coverage2,coverage3
0.093149275,4.8828125,3.0273438,4.296875
