max_fitness,coverage1,coverage2,coverage3
5.72543,2.8320312,4.8828125,2.8320312
