max_fitness,coverage1,coverage2,coverage3
-2.67941,2.734375,2.0507812,1.7578125
