max_fitness,coverage1,coverage2,coverage3
0.5981866,0.78125,4.8828125,2.0507812
