max_fitness,coverage1,coverage2,coverage3
0.6763755,4.1015625,4.8828125,1.2695312
