max_fitness,coverage1,coverage2,coverage3
1.0510855,4.8828125,2.9296875,1.953125
