max_fitness,coverage1,coverage2,coverage3
-0.5000248,1.3671875,3.0273438,3.4179688
