max_fitness,coverage1,coverage2,coverage3
3.7583396,2.6367188,1.4648438,2.2460938
