max_fitness,coverage1,coverage2,coverage3
4.5401893,2.34375,1.7578125,2.9296875
