max_fitness,coverage1,coverage2,coverage3
4.7623034,4.8828125,3.125,3.515625
