max_fitness,coverage1,coverage2,coverage3
-1.2142125,0.09765625,2.2460938,3.7109375
