max_fitness,coverage1,coverage2,coverage3
-1.6790068,0.5859375,3.125,3.3203125
