max_fitness,coverage1,coverage2,coverage3
2.8813012,4.3945312,4.8828125,2.1484375
