max_fitness,coverage1,coverage2,coverage3
7.0796275,0.09765625,4.8828125,3.4179688
