max_fitness,coverage1,coverage2,coverage3
0.3309703,0.390625,2.6367188,1.8554688
