max_fitness,coverage1,coverage2,coverage3
1.7010694,4.1015625,3.8085938,2.4414062
