max_fitness,coverage1,coverage2,coverage3
-12.30909,0.78125,2.8320312,2.8320312
