max_fitness,coverage1,coverage2,coverage3
5.5536585,2.6367188,1.7578125,2.2460938
