max_fitness,coverage1,coverage2,coverage3
1.9149797,4.0039062,3.515625,2.34375
