max_fitness,coverage1,coverage2,coverage3
0.24535614,4.8828125,4.3945312,3.3203125
