max_fitness,coverage1,coverage2,coverage3
1.0167825,1.2695312,1.953125,2.1484375
