max_fitness,coverage1,coverage2,coverage3
4.3026595,0.5859375,4.8828125,2.8320312
