max_fitness,coverage1,coverage2,coverage3
-10.23545,4.1015625,2.4414062,2.734375
