max_fitness,coverage1,coverage2,coverage3
7.3753777,4.296875,4.0039062,2.2460938
