max_fitness,coverage1,coverage2,coverage3
2.8215885,3.90625,3.90625,2.5390625
