max_fitness,coverage1,coverage2,coverage3
5.529272,3.7109375,2.5390625,3.2226562
