max_fitness,coverage1,coverage2,coverage3
0.3896764,0.5859375,2.734375,1.171875
