max_fitness,coverage1,coverage2,coverage3
4.665982,4.1992188,3.4179688,2.0507812
