max_fitness,coverage1,coverage2,coverage3
5.85105,4.8828125,2.34375,3.2226562
