max_fitness,coverage1,coverage2,coverage3
0.75896055,4.8828125,3.90625,2.0507812
