max_fitness,coverage1,coverage2,coverage3
0.51175827,0.1953125,4.8828125,2.8320312
