max_fitness,coverage1,coverage2,coverage3
1.5668333,0.390625,2.6367188,1.953125
