max_fitness,coverage1,coverage2,coverage3
0.40827084,0.78125,4.8828125,1.5625
