max_fitness,coverage1,coverage2,coverage3
3.8156662,0.1953125,2.8320312,1.8554688
