max_fitness,coverage1,coverage2,coverage3
8.844799,0.09765625,4.8828125,2.734375
