max_fitness,coverage1,coverage2,coverage3
1.318319,0.87890625,4.8828125,1.3671875
