max_fitness,coverage1,coverage2,coverage3
0.0842869,1.4648438,4.8828125,1.5625
