max_fitness,coverage1,coverage2,coverage3
1.8057784,4.6875,2.8320312,3.6132812
