max_fitness,coverage1,coverage2,coverage3
-0.31347755,4.8828125,1.7578125,3.4179688
