max_fitness,coverage1,coverage2,coverage3
2.845644,4.1992188,4.8828125,2.9296875
