max_fitness,coverage1,coverage2,coverage3
1.0635785,0.87890625,4.8828125,4.1015625
