max_fitness,coverage1,coverage2,coverage3
0.11187812,4.8828125,1.2695312,0.390625
