max_fitness,coverage1,coverage2,coverage3
4.022839,4.8828125,1.953125,0.9765625
