max_fitness,coverage1,coverage2,coverage3
2.7253015,2.4414062,1.8554688,2.734375
