max_fitness,coverage1,coverage2,coverage3
3.8959632,4.8828125,3.0273438,2.8320312
