max_fitness,coverage1,coverage2,coverage3
0.96462107,2.6367188,2.5390625,0.87890625
