max_fitness,coverage1,coverage2,coverage3
1.0344707,4.8828125,3.3203125,1.5625
