max_fitness,coverage1,coverage2,coverage3
0.1999265,0.390625,2.34375,2.734375
