max_fitness,coverage1,coverage2,coverage3
3.3934069,3.125,1.3671875,1.8554688
