max_fitness,coverage1,coverage2,coverage3
-0.22749713,4.8828125,4.7851562,2.734375
