max_fitness,coverage1,coverage2,coverage3
-3.098075,0.390625,4.8828125,1.3671875
