max_fitness,coverage1,coverage2,coverage3
7.9762764,0.09765625,2.6367188,3.3203125
