max_fitness,coverage1,coverage2,coverage3
-0.49642795,4.8828125,0.87890625,2.4414062
