max_fitness,coverage1,coverage2,coverage3
0.39781994,4.8828125,1.3671875,1.0742188
