max_fitness,coverage1,coverage2,coverage3
9.038875,3.515625,1.953125,2.1484375
