max_fitness,coverage1,coverage2,coverage3
0.95295894,4.8828125,3.3203125,4.1992188
