max_fitness,coverage1,coverage2,coverage3
2.5198412,4.8828125,0.9765625,1.0742188
