max_fitness,coverage1,coverage2,coverage3
3.4816926,0.390625,2.8320312,2.0507812
