max_fitness,coverage1,coverage2,coverage3
0.45155734,0.9765625,3.3203125,1.4648438
