max_fitness,coverage1,coverage2,coverage3
2.152284,0.09765625,2.1484375,3.8085938
