max_fitness,coverage1,coverage2,coverage3
1.059607,0.1953125,4.8828125,2.2460938
