max_fitness,coverage1,coverage2,coverage3
6.903015,4.296875,3.90625,2.9296875
