max_fitness,coverage1,coverage2,coverage3
1.3309265,1.7578125,1.0742188,0.87890625
