max_fitness,coverage1,coverage2,coverage3
1.6877964,2.5390625,2.4414062,0.9765625
