max_fitness,coverage1,coverage2,coverage3
2.9664235,0.1953125,3.2226562,2.1484375
