max_fitness,coverage1,coverage2,coverage3
0.39268208,0.29296875,4.8828125,2.9296875
