max_fitness,coverage1,coverage2,coverage3
0.57053185,4.8828125,1.7578125,1.2695312
