max_fitness,coverage1,coverage2,coverage3
7.875291,0.1953125,3.4179688,3.6132812
