max_fitness,coverage1,coverage2,coverage3
7.862709,3.3203125,1.8554688,3.4179688
