max_fitness,coverage1,coverage2,coverage3
0.36041835,4.8828125,3.0273438,1.4648438
