max_fitness,coverage1,coverage2,coverage3
1.8870728,2.5390625,2.5390625,1.953125
