max_fitness,coverage1,coverage2,coverage3
1.2821825,1.4648438,4.8828125,1.953125
