max_fitness,coverage1,coverage2,coverage3
0.52699286,4.8828125,3.0273438,4.1992188
