max_fitness,coverage1,coverage2,coverage3
1.9751837,4.8828125,2.6367188,2.5390625
