max_fitness,coverage1,coverage2,coverage3
0.4913403,0.09765625,2.6367188,1.3671875
