max_fitness,coverage1,coverage2,coverage3
2.397659,2.4414062,1.8554688,3.0273438
