max_fitness,coverage1,coverage2,coverage3
1.9172997,0.68359375,4.8828125,3.3203125
