max_fitness,coverage1,coverage2,coverage3
5.1083684,2.8320312,4.8828125,1.171875
