max_fitness,coverage1,coverage2,coverage3
1.0131435,4.1015625,4.1015625,2.6367188
