max_fitness,coverage1,coverage2,coverage3
1.6192547,4.8828125,3.6132812,2.9296875
