max_fitness,coverage1,coverage2,coverage3
2.3091943,0.1953125,4.8828125,1.8554688
