max_fitness,coverage1,coverage2,coverage3
2.7016559,3.90625,3.90625,1.953125
