max_fitness,coverage1,coverage2,coverage3
1.8551213,4.8828125,2.6367188,2.1484375
