max_fitness,coverage1,coverage2,coverage3
2.2167563,0.5859375,2.734375,3.7109375
