max_fitness,coverage1,coverage2,coverage3
2.8929312,3.4179688,1.4648438,2.9296875
