max_fitness,coverage1,coverage2,coverage3
-1.4091493,0.390625,4.5898438,3.4179688
