max_fitness,coverage1,coverage2,coverage3
1.5097766,0.9765625,3.0273438,1.953125
