max_fitness,coverage1,coverage2,coverage3
2.1107335,3.2226562,2.4414062,1.2695312
