max_fitness,coverage1,coverage2,coverage3
2.3999465,4.8828125,4.296875,1.5625
