max_fitness,coverage1,coverage2,coverage3
-11.726938,3.515625,4.8828125,2.1484375
