max_fitness,coverage1,coverage2,coverage3
0.83505297,0.29296875,2.9296875,3.7109375
