max_fitness,coverage1,coverage2,coverage3
4.488483,3.515625,2.6367188,0.9765625
