max_fitness,coverage1,coverage2,coverage3
1.8391843,4.8828125,3.125,3.8085938
