max_fitness,coverage1,coverage2,coverage3
7.789327,0.09765625,1.953125,3.90625
