max_fitness,coverage1,coverage2,coverage3
0.057076927,1.5625,4.8828125,0.87890625
