max_fitness,coverage1,coverage2,coverage3
3.42376,2.9296875,4.8828125,2.34375
