max_fitness,coverage1,coverage2,coverage3
2.4417984,0.29296875,3.125,3.6132812
