max_fitness,coverage1,coverage2,coverage3
3.654373,3.125,1.4648438,0.87890625
