max_fitness,coverage1,coverage2,coverage3
4.318021,2.734375,2.0507812,1.5625
