max_fitness,coverage1,coverage2,coverage3
1.2706926,0.390625,3.125,1.6601562
