max_fitness,coverage1,coverage2,coverage3
0.6911644,3.90625,3.6132812,1.7578125
