max_fitness,coverage1,coverage2,coverage3
-1.415172,0.1953125,3.4179688,3.8085938
