max_fitness,coverage1,coverage2,coverage3
1.859522,0.5859375,2.734375,2.734375
