max_fitness,coverage1,coverage2,coverage3
1.2932916,1.6601562,2.734375,1.2695312
