max_fitness,coverage1,coverage2,coverage3
0.9329525,3.515625,2.5390625,0.87890625
