max_fitness,coverage1,coverage2,coverage3
3.2756004,4.296875,3.3203125,2.9296875
