max_fitness,coverage1,coverage2,coverage3
1.0469302,0.390625,2.34375,2.6367188
