max_fitness,coverage1,coverage2,coverage3
0.07199809,0.29296875,1.7578125,0.5859375
