max_fitness,coverage1,coverage2,coverage3
0.29699117,4.8828125,1.7578125,1.171875
