max_fitness,coverage1,coverage2,coverage3
1.5530742,0.390625,2.34375,1.7578125
