max_fitness,coverage1,coverage2,coverage3
6.7941313,4.8828125,3.8085938,3.125
