max_fitness,coverage1,coverage2,coverage3
2.7258108,3.515625,2.5390625,2.5390625
