max_fitness,coverage1,coverage2,coverage3
1.8957286,1.3671875,2.0507812,1.6601562
