max_fitness,coverage1,coverage2,coverage3
2.4629955,4.8828125,0.87890625,1.3671875
