max_fitness,coverage1,coverage2,coverage3
1.2215364,4.1015625,2.4414062,1.0742188
