max_fitness,coverage1,coverage2,coverage3
1.6114861,4.8828125,2.6367188,3.515625
