max_fitness,coverage1,coverage2,coverage3
1.5775218,0.29296875,3.125,2.734375
