max_fitness,coverage1,coverage2,coverage3
4.2384048,0.1953125,3.4179688,1.953125
