max_fitness,coverage1,coverage2,coverage3
1.8686972,3.8085938,4.8828125,1.5625
