max_fitness,coverage1,coverage2,coverage3
0.12080784,0.09765625,1.5625,1.6601562
