max_fitness,coverage1,coverage2,coverage3
8.938824,2.6367188,1.4648438,1.7578125
