max_fitness,coverage1,coverage2,coverage3
2.5698986,2.9296875,2.34375,2.1484375
