max_fitness,coverage1,coverage2,coverage3
1.484432,1.4648438,1.7578125,1.953125
