max_fitness,coverage1,coverage2,coverage3
-1.5470637,4.8828125,1.3671875,2.8320312
