max_fitness,coverage1,coverage2,coverage3
-0.39173308,4.3945312,3.90625,2.9296875
