max_fitness,coverage1,coverage2,coverage3
1.3720961,2.6367188,2.2460938,1.171875
