max_fitness,coverage1,coverage2,coverage3
1.563218,3.515625,4.8828125,1.953125
