max_fitness,coverage1,coverage2,coverage3
4.7057605,0.390625,4.5898438,2.734375
