max_fitness,coverage1,coverage2,coverage3
0.2302536,0.68359375,4.8828125,1.3671875
