max_fitness,coverage1,coverage2,coverage3
2.1370118,0.5859375,2.9296875,3.515625
