max_fitness,coverage1,coverage2,coverage3
7.3635974,0.48828125,1.7578125,3.125
