max_fitness,coverage1,coverage2,coverage3
1.8224379,3.515625,1.3671875,2.1484375
