max_fitness,coverage1,coverage2,coverage3
8.769432,0.5859375,2.9296875,2.5390625
