max_fitness,coverage1,coverage2,coverage3
4.6668053,4.8828125,4.4921875,3.2226562
