max_fitness,coverage1,coverage2,coverage3
8.142217,3.3203125,2.34375,2.734375
