max_fitness,coverage1,coverage2,coverage3
-8.533953,2.8320312,4.8828125,2.34375
