max_fitness,coverage1,coverage2,coverage3
2.3288176,4.8828125,1.3671875,0.5859375
