max_fitness,coverage1,coverage2,coverage3
0.28579965,2.5390625,2.4414062,0.78125
