max_fitness,coverage1,coverage2,coverage3
2.0960226,4.8828125,1.7578125,1.8554688
