max_fitness,coverage1,coverage2,coverage3
0.13236782,3.2226562,1.3671875,3.515625
