max_fitness,coverage1,coverage2,coverage3
2.237508,4.1992188,4.1992188,1.5625
