max_fitness,coverage1,coverage2,coverage3
0.64233077,0.09765625,1.953125,1.4648438
