max_fitness,coverage1,coverage2,coverage3
0.12046733,4.8828125,4.7851562,2.6367188
