max_fitness,coverage1,coverage2,coverage3
1.6915524,0.1953125,2.5390625,2.8320312
