max_fitness,coverage1,coverage2,coverage3
1.3562653,4.8828125,0.78125,0.48828125
