max_fitness,coverage1,coverage2,coverage3
6.8141546,3.515625,4.8828125,2.1484375
