max_fitness,coverage1,coverage2,coverage3
2.2402399,4.0039062,3.515625,2.6367188
