max_fitness,coverage1,coverage2,coverage3
0.18491276,0.68359375,4.8828125,2.34375
