max_fitness,coverage1,coverage2,coverage3
0.3574711,0.29296875,4.8828125,2.8320312
