max_fitness,coverage1,coverage2,coverage3
0.199513,3.7109375,2.5390625,2.1484375
