max_fitness,coverage1,coverage2,coverage3
8.861689,3.3203125,4.8828125,2.6367188
