max_fitness,coverage1,coverage2,coverage3
1.4124432,4.0039062,3.515625,2.1484375
