max_fitness,coverage1,coverage2,coverage3
3.050655,4.8828125,3.125,3.3203125
