max_fitness,coverage1,coverage2,coverage3
0.7902796,0.5859375,2.0507812,1.3671875
