max_fitness,coverage1,coverage2,coverage3
0.39969417,3.3203125,4.8828125,2.1484375
