max_fitness,coverage1,coverage2,coverage3
0.6025807,0.1953125,3.125,3.6132812
