max_fitness,coverage1,coverage2,coverage3
1.6935463,1.3671875,3.0273438,2.2460938
