max_fitness,coverage1,coverage2,coverage3
3.1197445,2.4414062,2.5390625,2.5390625
