max_fitness,coverage1,coverage2,coverage3
6.750445,3.515625,1.953125,2.9296875
