max_fitness,coverage1,coverage2,coverage3
0.58947444,3.90625,4.8828125,1.3671875
