max_fitness,coverage1,coverage2,coverage3
1.8296205,0.29296875,3.125,3.4179688
