max_fitness,coverage1,coverage2,coverage3
-2.1288445,0.09765625,1.5625,2.4414062
