max_fitness,coverage1,coverage2,coverage3
1.0727874,4.8828125,3.8085938,1.6601562
