max_fitness,coverage1,coverage2,coverage3
5.011393,0.1953125,3.125,1.7578125
