max_fitness,coverage1,coverage2,coverage3
3.7426856,0.87890625,4.8828125,2.0507812
