max_fitness,coverage1,coverage2,coverage3
1.500028,4.8828125,4.7851562,2.6367188
