max_fitness,coverage1,coverage2,coverage3
0.4681921,4.1992188,4.8828125,1.4648438
