max_fitness,coverage1,coverage2,coverage3
1.9738339,4.1992188,3.7109375,2.0507812
