max_fitness,coverage1,coverage2,coverage3
2.813202,2.6367188,4.8828125,1.7578125
