max_fitness,coverage1,coverage2,coverage3
0.81347644,4.8828125,2.34375,1.953125
