max_fitness,coverage1,coverage2,coverage3
1.9700875,0.1953125,3.2226562,2.2460938
