max_fitness,coverage1,coverage2,coverage3
1.0462172,0.29296875,1.7578125,1.7578125
