max_fitness,coverage1,coverage2,coverage3
0.09599378,0.1953125,3.4179688,1.953125
