max_fitness,coverage1,coverage2,coverage3
2.7625892,1.4648438,4.8828125,3.0273438
