max_fitness,coverage1,coverage2,coverage3
1.5201868,4.8828125,1.7578125,0.87890625
