max_fitness,coverage1,coverage2,coverage3
0.6067676,0.1953125,3.6132812,1.4648438
