max_fitness,coverage1,coverage2,coverage3
1.5197713,3.2226562,2.4414062,1.5625
