max_fitness,coverage1,coverage2,coverage3
2.3266704,4.8828125,3.125,3.0273438
