max_fitness,coverage1,coverage2,coverage3
0.09739135,3.125,1.3671875,2.1484375
