max_fitness,coverage1,coverage2,coverage3
0.72465974,4.4921875,3.4179688,2.734375
