max_fitness,coverage1,coverage2,coverage3
2.5618074,2.4414062,1.8554688,2.2460938
