max_fitness,coverage1,coverage2,coverage3
3.350041,4.8828125,4.7851562,2.0507812
