max_fitness,coverage1,coverage2,coverage3
2.3375325,3.7109375,2.5390625,2.9296875
