max_fitness,coverage1,coverage2,coverage3
1.0346624,4.6875,2.4414062,2.734375
