max_fitness,coverage1,coverage2,coverage3
-0.5000248,1.5625,4.8828125,3.6132812
