max_fitness,coverage1,coverage2,coverage3
0.15208483,4.8828125,2.0507812,2.9296875
