max_fitness,coverage1,coverage2,coverage3
0.42962182,0.48828125,0.68359375,1.0742188
