max_fitness,coverage1,coverage2,coverage3
-2.6205943,0.390625,4.8828125,2.0507812
