max_fitness,coverage1,coverage2,coverage3
2.2167563,0.87890625,4.8828125,3.4179688
