max_fitness,coverage1,coverage2,coverage3
0.69838506,0.29296875,3.125,2.1484375
