max_fitness,coverage1,coverage2,coverage3
6.590416,0.5859375,3.125,2.2460938
