max_fitness,coverage1,coverage2,coverage3
2.870007,0.1953125,3.125,2.6367188
