max_fitness,coverage1,coverage2,coverage3
0.24140325,3.0273438,2.6367188,1.0742188
