max_fitness,coverage1,coverage2,coverage3
1.9956566,3.90625,3.6132812,1.953125
