max_fitness,coverage1,coverage2,coverage3
0.75112873,2.2460938,4.8828125,1.6601562
