max_fitness,coverage1,coverage2,coverage3
5.0500436,3.3203125,4.8828125,2.734375
