max_fitness,coverage1,coverage2,coverage3
3.3492422,0.48828125,1.7578125,1.2695312
