max_fitness,coverage1,coverage2,coverage3
1.3266574,3.3203125,0.9765625,0.9765625
