max_fitness,coverage1,coverage2,coverage3
1.4774629,3.7109375,4.8828125,1.8554688
