max_fitness,coverage1,coverage2,coverage3
5.4901266,0.29296875,2.2460938,3.515625
