max_fitness,coverage1,coverage2,coverage3
2.6922164,4.8828125,4.5898438,3.7109375
