max_fitness,coverage1,coverage2,coverage3
-0.00623773,0.9765625,1.2695312,1.4648438
