max_fitness,coverage1,coverage2,coverage3
0.33919263,4.8828125,3.0273438,1.2695312
