max_fitness,coverage1,coverage2,coverage3
0.7139524,1.2695312,1.953125,2.5390625
