max_fitness,coverage1,coverage2,coverage3
0.6876774,4.5898438,3.4179688,2.0507812
