max_fitness,coverage1,coverage2,coverage3
-1.3734195,2.34375,4.8828125,4.0039062
