max_fitness,coverage1,coverage2,coverage3
0.5058889,0.1953125,3.515625,1.3671875
