max_fitness,coverage1,coverage2,coverage3
2.5523515,4.8828125,2.2460938,2.8320312
