max_fitness,coverage1,coverage2,coverage3
0.15960835,4.8828125,3.125,2.34375
