max_fitness,coverage1,coverage2,coverage3
0.04276614,0.48828125,0.5859375,0.5859375
