max_fitness,coverage1,coverage2,coverage3
3.8586211,3.90625,3.90625,2.734375
