max_fitness,coverage1,coverage2,coverage3
6.595922,0.1953125,4.0039062,3.125
