max_fitness,coverage1,coverage2,coverage3
-0.33132422,0.87890625,4.8828125,3.3203125
