max_fitness,coverage1,coverage2,coverage3
-1.5951993,0.48828125,1.7578125,3.0273438
