max_fitness,coverage1,coverage2,coverage3
-1.4000193,3.7109375,4.8828125,3.8085938
