max_fitness,coverage1,coverage2,coverage3
2.0019207,3.8085938,4.8828125,2.0507812
