max_fitness,coverage1,coverage2,coverage3
0.091496,4.8828125,0.5859375,2.34375
