max_fitness,coverage1,coverage2,coverage3
0.5507775,0.29296875,4.8828125,2.0507812
