max_fitness,coverage1,coverage2,coverage3
3.5166922,0.5859375,2.734375,2.0507812
