max_fitness,coverage1,coverage2,coverage3
1.7234422,0.29296875,2.2460938,3.7109375
