max_fitness,coverage1,coverage2,coverage3
2.59336,3.7109375,2.734375,2.6367188
