max_fitness,coverage1,coverage2,coverage3
2.668132,4.8828125,3.125,2.0507812
