max_fitness,coverage1,coverage2,coverage3
0.31448445,0.1953125,1.7578125,2.0507812
