max_fitness,coverage1,coverage2,coverage3
1.6936482,0.09765625,1.5625,3.2226562
