max_fitness,coverage1,coverage2,coverage3
6.098534,0.1953125,4.8828125,3.8085938
