max_fitness,coverage1,coverage2,coverage3
4.858637,1.3671875,3.0273438,2.34375
