max_fitness,coverage1,coverage2,coverage3
0.5549429,2.6367188,2.5390625,1.3671875
