max_fitness,coverage1,coverage2,coverage3
2.7102127,4.8828125,3.8085938,3.7109375
