max_fitness,coverage1,coverage2,coverage3
-1.7582365,0.5859375,2.734375,3.515625
