max_fitness,coverage1,coverage2,coverage3
6.5040884,4.8828125,3.3203125,3.2226562
