max_fitness,coverage1,coverage2,coverage3
1.3923142,4.8828125,1.953125,1.8554688
