max_fitness,coverage1,coverage2,coverage3
4.422035,0.78125,2.8320312,3.515625
