max_fitness,coverage1,coverage2,coverage3
1.0977162,3.515625,1.953125,2.1484375
