max_fitness,coverage1,coverage2,coverage3
2.7625892,4.8828125,4.296875,3.0273438
