max_fitness,coverage1,coverage2,coverage3
3.4574296,1.5625,4.8828125,1.6601562
