max_fitness,coverage1,coverage2,coverage3
-0.014022056,2.4414062,1.6601562,1.5625
