max_fitness,coverage1,coverage2,coverage3
-11.396205,4.8828125,3.125,2.6367188
