max_fitness,coverage1,coverage2,coverage3
2.4741852,0.48828125,0.5859375,2.6367188
