max_fitness,coverage1,coverage2,coverage3
1.0954759,0.09765625,1.5625,0.87890625
