max_fitness,coverage1,coverage2,coverage3
1.9681545,2.34375,2.0507812,1.7578125
