max_fitness,coverage1,coverage2,coverage3
4.499814,0.29296875,4.8828125,3.6132812
