max_fitness,coverage1,coverage2,coverage3
1.4109513,0.390625,4.8828125,0.78125
