max_fitness,coverage1,coverage2,coverage3
2.2820363,3.4179688,4.8828125,2.5390625
