max_fitness,coverage1,coverage2,coverage3
2.8042192,0.09765625,4.8828125,1.7578125
