max_fitness,coverage1,coverage2,coverage3
8.460458,4.8828125,1.7578125,3.6132812
