max_fitness,coverage1,coverage2,coverage3
6.2010446,3.515625,2.0507812,1.171875
