max_fitness,coverage1,coverage2,coverage3
3.0798397,2.6367188,3.0273438,2.2460938
