max_fitness,coverage1,coverage2,coverage3
1.6365898,4.8828125,0.5859375,1.0742188
