max_fitness,coverage1,coverage2,coverage3
2.9073553,2.5390625,2.5390625,2.6367188
