max_fitness,coverage1,coverage2,coverage3
4.00851,4.1992188,4.8828125,2.1484375
