max_fitness,coverage1,coverage2,coverage3
2.455225,3.3203125,0.9765625,3.3203125
