max_fitness,coverage1,coverage2,coverage3
1.6281687,0.390625,3.515625,1.0742188
