max_fitness,coverage1,coverage2,coverage3
0.37338835,4.1015625,3.8085938,2.4414062
