max_fitness,coverage1,coverage2,coverage3
-1.4866999,1.3671875,2.0507812,3.90625
