max_fitness,coverage1,coverage2,coverage3
5.1323123,4.8828125,2.34375,2.4414062
