max_fitness,coverage1,coverage2,coverage3
-8.117971,0.5859375,4.8828125,2.9296875
