max_fitness,coverage1,coverage2,coverage3
5.72543,35.742188,7.03125,5.7617188
