max_fitness,coverage1,coverage2,coverage3
5.600899,4.0039062,3.6132812,2.34375
