max_fitness,coverage1,coverage2,coverage3
1.9798113,0.87890625,33.398438,12.5
