max_fitness,coverage1,coverage2,coverage3
-1.5369662,0.390625,2.8320312,3.4179688
