max_fitness,coverage1,coverage2,coverage3
6.398291,0.78125,18.652344,12.988281
