max_fitness,coverage1,coverage2,coverage3
3.9311445,13.574219,7.6171875,4.5898438
