max_fitness,coverage1,coverage2,coverage3
3.9480653,17.480469,8.0078125,6.0546875
