max_fitness,coverage1,coverage2,coverage3
1.036146,4.8828125,3.6132812,1.7578125
