max_fitness,coverage1,coverage2,coverage3
0.43367177,0.390625,3.2226562,1.8554688
