max_fitness,coverage1,coverage2,coverage3
0.39904213,4.4921875,3.90625,2.8320312
