max_fitness,coverage1,coverage2,coverage3
0.7162661,0.1953125,2.8320312,3.2226562
