max_fitness,coverage1,coverage2,coverage3
5.846056,4.8828125,2.8320312,2.34375
