max_fitness,coverage1,coverage2,coverage3
1.7553713,26.269531,10.15625,4.3945312
