max_fitness,coverage1,coverage2,coverage3
1.7524318,0.390625,3.4179688,3.125
