max_fitness,coverage1,coverage2,coverage3
-0.09751126,4.8828125,3.6132812,3.4179688
