max_fitness,coverage1,coverage2,coverage3
-2.947707,2.1484375,1.4648438,2.0507812
