max_fitness,coverage1,coverage2,coverage3
4.620171,0.78125,9.277344,25.488281
