max_fitness,coverage1,coverage2,coverage3
1.242326,12.109375,37.20703,4.5898438
