max_fitness,coverage1,coverage2,coverage3
4.711333,9.277344,8.7890625,12.988281
