max_fitness,coverage1,coverage2,coverage3
2.721217,9.1796875,10.3515625,13.574219
