max_fitness,coverage1,coverage2,coverage3
8.86523,0.68359375,2.5390625,3.125
