max_fitness,coverage1,coverage2,coverage3
1.3059357,29.003906,9.5703125,2.0507812
