max_fitness,coverage1,coverage2,coverage3
1.3238842,0.1953125,3.515625,1.4648438
