max_fitness,coverage1,coverage2,coverage3
7.164013,9.277344,8.7890625,17.578125
