max_fitness,coverage1,coverage2,coverage3
0.008762826,3.3203125,1.8554688,0.9765625
