max_fitness,coverage1,coverage2,coverage3
2.2779388,1.171875,36.621094,10.3515625
