max_fitness,coverage1,coverage2,coverage3
9.007317,0.5859375,10.449219,15.917969
