max_fitness,coverage1,coverage2,coverage3
2.054235,0.390625,3.2226562,2.6367188
