max_fitness,coverage1,coverage2,coverage3
4.2158017,15.234375,8.7890625,3.6132812
