max_fitness,coverage1,coverage2,coverage3
1.5206324,10.3515625,8.984375,14.355469
