max_fitness,coverage1,coverage2,coverage3
1.4457858,39.257812,11.035156,5.3710938
