max_fitness,coverage1,coverage2,coverage3
4.1348214,2.1484375,16.699219,11.71875
