max_fitness,coverage1,coverage2,coverage3
2.7052689,10.839844,10.839844,9.9609375
