max_fitness,coverage1,coverage2,coverage3
5.8162003,39.257812,11.035156,7.7148438
