max_fitness,coverage1,coverage2,coverage3
3.6305854,0.87890625,35.839844,11.230469
