max_fitness,coverage1,coverage2,coverage3
5.193185,0.1953125,4.8828125,2.34375
