max_fitness,coverage1,coverage2,coverage3
2.721217,39.257812,11.035156,5.5664062
