max_fitness,coverage1,coverage2,coverage3
5.614473,12.597656,35.253906,10.546875
