max_fitness,coverage1,coverage2,coverage3
0.5285283,0.5859375,2.9296875,1.3671875
