max_fitness,coverage1,coverage2,coverage3
4.6506953,10.839844,9.9609375,8.3984375
