max_fitness,coverage1,coverage2,coverage3
2.50057,1.3671875,12.207031,20.117188
