max_fitness,coverage1,coverage2,coverage3
3.1955597,12.792969,37.01172,6.640625
