max_fitness,coverage1,coverage2,coverage3
7.9101486,1.4648438,56.347656,15.332031
