max_fitness,coverage1,coverage2,coverage3
1.5568103,22.851562,10.546875,4.9804688
