max_fitness,coverage1,coverage2,coverage3
10.471333,35.64453,8.886719,8.59375
