max_fitness,coverage1,coverage2,coverage3
5.91041,16.308594,8.3984375,6.1523438
