max_fitness,coverage1,coverage2,coverage3
6.5526423,1.171875,53.90625,5.9570312
