max_fitness,coverage1,coverage2,coverage3
-1.6365552,2.8320312,4.8828125,3.90625
