max_fitness,coverage1,coverage2,coverage3
5.223177,0.1953125,1.5625,2.2460938
