max_fitness,coverage1,coverage2,coverage3
1.9463873,34.570312,10.839844,5.5664062
