max_fitness,coverage1,coverage2,coverage3
1.8621714,10.9375,8.59375,12.207031
