max_fitness,coverage1,coverage2,coverage3
2.122098,1.7578125,16.40625,17.1875
