max_fitness,coverage1,coverage2,coverage3
8.432856,13.574219,7.6171875,4.5898438
