max_fitness,coverage1,coverage2,coverage3
0.34336814,0.390625,1.8554688,1.8554688
