max_fitness,coverage1,coverage2,coverage3
1.7519047,3.8085938,2.5390625,2.0507812
