max_fitness,coverage1,coverage2,coverage3
5.223177,0.390625,4.8828125,3.0273438
