max_fitness,coverage1,coverage2,coverage3
0.8765203,4.1015625,3.90625,1.7578125
