max_fitness,coverage1,coverage2,coverage3
8.927672,1.2695312,15.332031,19.53125
