max_fitness,coverage1,coverage2,coverage3
6.4154096,1.5625,15.722656,21.582031
