max_fitness,coverage1,coverage2,coverage3
2.289115,0.390625,3.515625,3.3203125
