max_fitness,coverage1,coverage2,coverage3
2.8106124,0.48828125,53.027344,4.9804688
