max_fitness,coverage1,coverage2,coverage3
0.098879054,2.5390625,1.3671875,1.3671875
