max_fitness,coverage1,coverage2,coverage3
0.5635688,4.296875,3.90625,1.4648438
