max_fitness,coverage1,coverage2,coverage3
3.830149,0.78125,35.058594,9.472656
