max_fitness,coverage1,coverage2,coverage3
1.2284454,2.8320312,4.8828125,1.7578125
