max_fitness,coverage1,coverage2,coverage3
4.632574,4.8828125,0.78125,1.2695312
