max_fitness,coverage1,coverage2,coverage3
6.0151443,1.7578125,52.734375,8.496094
