max_fitness,coverage1,coverage2,coverage3
6.9492283,1.8554688,11.71875,23.828125
