max_fitness,coverage1,coverage2,coverage3
2.2124877,35.64453,8.886719,5.5664062
