max_fitness,coverage1,coverage2,coverage3
3.59859,2.4414062,1.6601562,2.8320312
