max_fitness,coverage1,coverage2,coverage3
3.4004662,0.5859375,57.32422,8.886719
