max_fitness,coverage1,coverage2,coverage3
8.457518,3.4179688,4.8828125,3.0273438
