max_fitness,coverage1,coverage2,coverage3
1.2383473,5.078125,3.90625,3.3203125
