max_fitness,coverage1,coverage2,coverage3
6.1387105,1.171875,53.90625,7.8125
