max_fitness,coverage1,coverage2,coverage3
2.3166857,0.87890625,36.621094,12.207031
