max_fitness,coverage1,coverage2,coverage3
-13.791787,4.8828125,1.6601562,1.7578125
