max_fitness,coverage1,coverage2,coverage3
2.9491386,0.390625,3.4179688,2.5390625
