max_fitness,coverage1,coverage2,coverage3
2.9672334,4.1015625,3.8085938,1.3671875
