max_fitness,coverage1,coverage2,coverage3
5.848008,0.9765625,54.003906,14.160156
