max_fitness,coverage1,coverage2,coverage3
1.5908153,3.0273438,4.8828125,3.125
