max_fitness,coverage1,coverage2,coverage3
-1.4379851,0.29296875,3.90625,4.0039062
