max_fitness,coverage1,coverage2,coverage3
3.3160653,34.570312,10.839844,2.4414062
