max_fitness,coverage1,coverage2,coverage3
4.421194,35.64453,8.886719,3.0273438
