max_fitness,coverage1,coverage2,coverage3
-1.7016106,4.8828125,2.8320312,2.2460938
