max_fitness,coverage1,coverage2,coverage3
4.8925405,4.4921875,3.90625,2.734375
