max_fitness,coverage1,coverage2,coverage3
-0.4879869,0.09765625,2.6367188,0.48828125
