max_fitness,coverage1,coverage2,coverage3
1.8880361,0.390625,1.8554688,1.953125
