max_fitness,coverage1,coverage2,coverage3
3.556469,0.87890625,11.5234375,20.507812
