max_fitness,coverage1,coverage2,coverage3
1.5576323,4.8828125,0.9765625,2.0507812
