max_fitness,coverage1,coverage2,coverage3
1.8534688,1.7578125,16.40625,11.71875
