max_fitness,coverage1,coverage2,coverage3
0.04341359,0.390625,4.8828125,0.9765625
