max_fitness,coverage1,coverage2,coverage3
8.528138,1.0742188,53.320312,8.0078125
