max_fitness,coverage1,coverage2,coverage3
2.2397394,0.09765625,1.5625,1.7578125
