max_fitness,coverage1,coverage2,coverage3
-1.4906901,0.68359375,2.9296875,3.125
