max_fitness,coverage1,coverage2,coverage3
2.870694,26.269531,10.15625,3.2226562
