max_fitness,coverage1,coverage2,coverage3
1.8496045,1.8554688,11.71875,18.652344
