max_fitness,coverage1,coverage2,coverage3
4.6316285,0.9765625,55.566406,13.769531
