max_fitness,coverage1,coverage2,coverage3
2.504334,5.3710938,3.6132812,3.2226562
