max_fitness,coverage1,coverage2,coverage3
2.702686,0.68359375,57.32422,8.0078125
