max_fitness,coverage1,coverage2,coverage3
5.775289,0.78125,35.058594,11.71875
