max_fitness,coverage1,coverage2,coverage3
0.123468295,0.09765625,2.6367188,3.4179688
