max_fitness,coverage1,coverage2,coverage3
2.1266959,12.109375,37.20703,6.640625
