max_fitness,coverage1,coverage2,coverage3
1.9012977,22.851562,10.546875,4.8828125
