max_fitness,coverage1,coverage2,coverage3
4.3916245,30.957031,10.15625,3.0273438
