max_fitness,coverage1,coverage2,coverage3
5.8870997,0.5859375,56.25,13.0859375
