max_fitness,coverage1,coverage2,coverage3
4.873308,0.9765625,55.566406,4.3945312
