max_fitness,coverage1,coverage2,coverage3
3.8923225,0.390625,4.5898438,1.2695312
