max_fitness,coverage1,coverage2,coverage3
1.0107838,14.84375,37.695312,4.4921875
