max_fitness,coverage1,coverage2,coverage3
1.6579056,0.78125,36.621094,9.667969
