max_fitness,coverage1,coverage2,coverage3
4.974065,2.1484375,1.4648438,2.4414062
