max_fitness,coverage1,coverage2,coverage3
1.9857813,0.78125,36.621094,10.644531
