max_fitness,coverage1,coverage2,coverage3
0.76619714,0.29296875,3.90625,1.3671875
