max_fitness,coverage1,coverage2,coverage3
1.725964,10.9375,8.59375,15.4296875
