max_fitness,coverage1,coverage2,coverage3
-8.176606,0.68359375,2.5390625,2.6367188
