max_fitness,coverage1,coverage2,coverage3
2.7414708,1.4648438,56.347656,6.0546875
