max_fitness,coverage1,coverage2,coverage3
4.876433,0.68359375,54.785156,10.058594
