max_fitness,coverage1,coverage2,coverage3
2.3873043,4.1992188,3.7109375,2.4414062
