max_fitness,coverage1,coverage2,coverage3
-0.4692132,0.09765625,1.7578125,3.2226562
