max_fitness,coverage1,coverage2,coverage3
2.6723697,1.2695312,15.332031,10.7421875
