max_fitness,coverage1,coverage2,coverage3
4.4280915,17.1875,7.7148438,1.953125
