max_fitness,coverage1,coverage2,coverage3
1.5900438,12.792969,37.01172,5.859375
