max_fitness,coverage1,coverage2,coverage3
4.7726755,0.68359375,15.8203125,5.078125
