max_fitness,coverage1,coverage2,coverage3
1.2917641,4.8828125,3.8085938,2.5390625
