max_fitness,coverage1,coverage2,coverage3
2.8059423,16.308594,8.3984375,5.7617188
