max_fitness,coverage1,coverage2,coverage3
4.4995832,0.9765625,55.566406,7.2265625
