max_fitness,coverage1,coverage2,coverage3
2.6880646,1.5625,15.722656,10.253906
