max_fitness,coverage1,coverage2,coverage3
5.004794,0.87890625,11.5234375,31.542969
