max_fitness,coverage1,coverage2,coverage3
2.220612,9.863281,9.667969,15.136719
