max_fitness,coverage1,coverage2,coverage3
0.08728741,0.1953125,3.2226562,1.2695312
