max_fitness,coverage1,coverage2,coverage3
5.91041,4.8828125,3.4179688,3.515625
