max_fitness,coverage1,coverage2,coverage3
1.6967939,13.574219,36.42578,10.253906
