max_fitness,coverage1,coverage2,coverage3
1.5708982,33.789062,8.3984375,6.3476562
