max_fitness,coverage1,coverage2,coverage3
7.2791224,0.78125,18.652344,21.777344
