max_fitness,coverage1,coverage2,coverage3
6.5652056,1.7578125,53.710938,9.082031
