max_fitness,coverage1,coverage2,coverage3
3.823365,0.78125,11.71875,17.871094
