max_fitness,coverage1,coverage2,coverage3
4.0538116,1.8554688,11.71875,27.441406
