max_fitness,coverage1,coverage2,coverage3
6.110896,0.1953125,3.125,1.6601562
