max_fitness,coverage1,coverage2,coverage3
1.1845073,30.957031,10.15625,2.2460938
