max_fitness,coverage1,coverage2,coverage3
-1.4419608,2.5390625,1.171875,2.9296875
