max_fitness,coverage1,coverage2,coverage3
2.2619927,3.7109375,2.734375,3.0273438
