max_fitness,coverage1,coverage2,coverage3
0.71727157,4.1992188,3.7109375,1.7578125
