max_fitness,coverage1,coverage2,coverage3
6.110896,0.68359375,15.917969,9.277344
