max_fitness,coverage1,coverage2,coverage3
2.114881,10.3515625,8.984375,14.453125
