max_fitness,coverage1,coverage2,coverage3
-11.940601,0.1953125,4.8828125,3.0273438
