max_fitness,coverage1,coverage2,coverage3
9.381478,11.328125,36.132812,11.230469
