max_fitness,coverage1,coverage2,coverage3
2.479594,2.9296875,1.5625,1.0742188
