max_fitness,coverage1,coverage2,coverage3
1.533667,2.5390625,1.171875,0.78125
