max_fitness,coverage1,coverage2,coverage3
5.9821014,34.570312,10.839844,7.9101562
