max_fitness,coverage1,coverage2,coverage3
3.0950096,12.3046875,35.546875,9.277344
