max_fitness,coverage1,coverage2,coverage3
1.0130916,4.8828125,3.8085938,2.6367188
