max_fitness,coverage1,coverage2,coverage3
9.264524,0.78125,55.078125,5.5664062
