max_fitness,coverage1,coverage2,coverage3
3.3372378,0.5859375,56.25,7.7148438
