max_fitness,coverage1,coverage2,coverage3
2.3497808,0.1953125,2.6367188,3.0273438
