max_fitness,coverage1,coverage2,coverage3
3.0753336,39.257812,11.035156,7.8125
