max_fitness,coverage1,coverage2,coverage3
3.8080454,12.109375,37.20703,2.4414062
