max_fitness,coverage1,coverage2,coverage3
2.8510277,0.1953125,3.3203125,2.8320312
