max_fitness,coverage1,coverage2,coverage3
9.455297,2.2460938,15.8203125,26.367188
