max_fitness,coverage1,coverage2,coverage3
1.1204323,4.6875,2.8320312,3.8085938
