max_fitness,coverage1,coverage2,coverage3
8.457518,13.574219,36.42578,10.253906
