max_fitness,coverage1,coverage2,coverage3
1.8880361,0.87890625,11.5234375,22.460938
