max_fitness,coverage1,coverage2,coverage3
5.7404485,30.957031,10.15625,6.8359375
