max_fitness,coverage1,coverage2,coverage3
0.37397704,4.0039062,3.6132812,1.5625
