max_fitness,coverage1,coverage2,coverage3
8.0198345,0.87890625,57.617188,12.890625
