max_fitness,coverage1,coverage2,coverage3
4.419862,0.78125,52.34375,4.9804688
