max_fitness,coverage1,coverage2,coverage3
8.043631,0.5859375,10.449219,33.398438
