max_fitness,coverage1,coverage2,coverage3
6.6723175,1.3671875,12.207031,19.238281
