max_fitness,coverage1,coverage2,coverage3
6.4473095,1.3671875,54.19922,8.0078125
