max_fitness,coverage1,coverage2,coverage3
0.18785949,4.8828125,2.8320312,1.7578125
