max_fitness,coverage1,coverage2,coverage3
0.40566632,4.8828125,2.6367188,1.6601562
