max_fitness,coverage1,coverage2,coverage3
6.7443724,0.9765625,38.57422,16.699219
