max_fitness,coverage1,coverage2,coverage3
5.189531,1.7578125,53.710938,9.082031
