max_fitness,coverage1,coverage2,coverage3
3.0236554,0.48828125,53.027344,6.0546875
