max_fitness,coverage1,coverage2,coverage3
3.123069,12.109375,37.20703,6.0546875
