max_fitness,coverage1,coverage2,coverage3
3.5596588,41.210938,9.277344,2.0507812
