max_fitness,coverage1,coverage2,coverage3
2.0378995,4.8828125,3.3203125,2.5390625
