max_fitness,coverage1,coverage2,coverage3
2.207461,0.9765625,16.699219,12.011719
