max_fitness,coverage1,coverage2,coverage3
4.036564,1.6601562,9.1796875,20.703125
