max_fitness,coverage1,coverage2,coverage3
3.485223,11.230469,34.960938,4.296875
