max_fitness,coverage1,coverage2,coverage3
3.903307,1.8554688,11.71875,15.234375
