max_fitness,coverage1,coverage2,coverage3
4.37825,10.839844,10.839844,14.941406
