max_fitness,coverage1,coverage2,coverage3
-2.2087333,0.29296875,3.125,3.4179688
