max_fitness,coverage1,coverage2,coverage3
2.868056,0.5859375,57.421875,8.0078125
