max_fitness,coverage1,coverage2,coverage3
2.9198763,0.87890625,18.164062,13.4765625
