max_fitness,coverage1,coverage2,coverage3
0.67590934,0.390625,3.515625,2.5390625
