max_fitness,coverage1,coverage2,coverage3
2.5629492,4.4921875,3.90625,2.1484375
