max_fitness,coverage1,coverage2,coverage3
1.5692637,4.296875,3.515625,2.8320312
