max_fitness,coverage1,coverage2,coverage3
-2.6908033,4.8828125,1.953125,3.0273438
