max_fitness,coverage1,coverage2,coverage3
1.5295591,0.1953125,4.0039062,2.8320312
