max_fitness,coverage1,coverage2,coverage3
0.04506218,2.734375,4.8828125,1.7578125
