max_fitness,coverage1,coverage2,coverage3
3.8855455,9.863281,9.667969,16.210938
