max_fitness,coverage1,coverage2,coverage3
8.716496,0.68359375,2.9296875,3.4179688
