max_fitness,coverage1,coverage2,coverage3
0.25054953,0.1953125,4.0039062,1.953125
