max_fitness,coverage1,coverage2,coverage3
2.3271508,0.78125,52.34375,3.7109375
