max_fitness,coverage1,coverage2,coverage3
1.6452094,3.7109375,2.734375,2.8320312
