max_fitness,coverage1,coverage2,coverage3
1.2876476,0.87890625,57.617188,5.6640625
