max_fitness,coverage1,coverage2,coverage3
1.2557049,4.8828125,1.8554688,0.78125
