max_fitness,coverage1,coverage2,coverage3
1.0117692,34.570312,10.839844,2.2460938
