max_fitness,coverage1,coverage2,coverage3
1.8319929,1.7578125,16.40625,18.066406
