max_fitness,coverage1,coverage2,coverage3
2.979242,26.269531,10.15625,2.4414062
