max_fitness,coverage1,coverage2,coverage3
5.5247726,2.4414062,16.699219,19.824219
