max_fitness,coverage1,coverage2,coverage3
3.3999233,0.87890625,57.617188,7.03125
