max_fitness,coverage1,coverage2,coverage3
0.04114877,1.2695312,1.953125,3.8085938
