max_fitness,coverage1,coverage2,coverage3
6.269719,9.863281,9.667969,17.285156
