max_fitness,coverage1,coverage2,coverage3
1.8166976,4.0039062,3.3203125,2.9296875
