max_fitness,coverage1,coverage2,coverage3
2.5575302,0.68359375,10.546875,13.0859375
