max_fitness,coverage1,coverage2,coverage3
8.86523,2.4414062,16.699219,29.003906
