max_fitness,coverage1,coverage2,coverage3
9.052979,1.171875,53.90625,9.9609375
