max_fitness,coverage1,coverage2,coverage3
4.8110714,39.257812,11.035156,9.277344
