max_fitness,coverage1,coverage2,coverage3
2.4437907,2.4414062,1.6601562,0.9765625
