max_fitness,coverage1,coverage2,coverage3
3.7822602,16.308594,8.3984375,6.9335938
