max_fitness,coverage1,coverage2,coverage3
6.9492283,1.0742188,39.257812,14.0625
