max_fitness,coverage1,coverage2,coverage3
-2.45737,4.8828125,1.2695312,1.6601562
