max_fitness,coverage1,coverage2,coverage3
4.632574,41.210938,9.277344,9.5703125
