max_fitness,coverage1,coverage2,coverage3
1.391522,0.5859375,10.449219,11.035156
