max_fitness,coverage1,coverage2,coverage3
2.0645385,10.839844,34.765625,5.1757812
