max_fitness,coverage1,coverage2,coverage3
-0.14592381,4.8828125,1.2695312,0.9765625
