max_fitness,coverage1,coverage2,coverage3
1.9000669,0.87890625,36.621094,11.328125
