max_fitness,coverage1,coverage2,coverage3
0.32620832,0.390625,4.8828125,4.4921875
