max_fitness,coverage1,coverage2,coverage3
0.22614186,2.8320312,4.8828125,0.78125
