max_fitness,coverage1,coverage2,coverage3
6.270284,0.68359375,10.546875,31.835938
