max_fitness,coverage1,coverage2,coverage3
4.301566,0.68359375,10.546875,19.335938
