max_fitness,coverage1,coverage2,coverage3
4.131681,1.2695312,15.332031,26.074219
