max_fitness,coverage1,coverage2,coverage3
4.0876822,0.5859375,57.421875,8.691406
