max_fitness,coverage1,coverage2,coverage3
0.9660283,0.29296875,3.125,2.0507812
