max_fitness,coverage1,coverage2,coverage3
6.95349,0.9765625,55.566406,16.015625
