max_fitness,coverage1,coverage2,coverage3
3.2177138,26.269531,10.15625,5.859375
