max_fitness,coverage1,coverage2,coverage3
2.0227747,11.425781,10.9375,15.917969
