max_fitness,coverage1,coverage2,coverage3
3.3434358,10.3515625,8.984375,14.746094
