max_fitness,coverage1,coverage2,coverage3
0.8648161,0.29296875,3.90625,1.6601562
