max_fitness,coverage1,coverage2,coverage3
4.0538116,5.078125,3.90625,4.0039062
