max_fitness,coverage1,coverage2,coverage3
2.6102612,3.8085938,2.5390625,3.4179688
