max_fitness,coverage1,coverage2,coverage3
2.5066087,1.6601562,9.1796875,13.964844
