max_fitness,coverage1,coverage2,coverage3
3.0594492,0.68359375,57.32422,7.6171875
