max_fitness,coverage1,coverage2,coverage3
1.7522994,41.210938,9.277344,5.7617188
