max_fitness,coverage1,coverage2,coverage3
4.5341635,11.425781,10.9375,12.597656
