max_fitness,coverage1,coverage2,coverage3
4.0278206,0.9765625,54.003906,12.207031
