max_fitness,coverage1,coverage2,coverage3
1.0822194,16.308594,8.3984375,4.4921875
