max_fitness,coverage1,coverage2,coverage3
1.4936657,4.1015625,3.90625,1.3671875
