max_fitness,coverage1,coverage2,coverage3
-9.818746,4.8828125,2.734375,3.2226562
