max_fitness,coverage1,coverage2,coverage3
3.6470754,1.6601562,9.1796875,25.585938
