max_fitness,coverage1,coverage2,coverage3
1.4750584,0.390625,4.5898438,2.34375
