max_fitness,coverage1,coverage2,coverage3
5.824992,0.09765625,1.7578125,3.7109375
