max_fitness,coverage1,coverage2,coverage3
2.4720364,0.9765625,16.699219,9.472656
