max_fitness,coverage1,coverage2,coverage3
8.879813,0.48828125,53.027344,6.1523438
