max_fitness,coverage1,coverage2,coverage3
4.5992846,1.0742188,39.257812,17.675781
