max_fitness,coverage1,coverage2,coverage3
4.402908,0.78125,35.44922,9.667969
