max_fitness,coverage1,coverage2,coverage3
3.2141542,0.68359375,2.5390625,1.8554688
