max_fitness,coverage1,coverage2,coverage3
3.523828,9.1796875,10.3515625,12.5
