max_fitness,coverage1,coverage2,coverage3
3.824806,5.3710938,3.6132812,2.6367188
