max_fitness,coverage1,coverage2,coverage3
4.7442555,0.9765625,38.57422,8.886719
