max_fitness,coverage1,coverage2,coverage3
0.084803715,0.09765625,3.0273438,1.6601562
