max_fitness,coverage1,coverage2,coverage3
4.8035765,0.9765625,16.699219,6.7382812
