max_fitness,coverage1,coverage2,coverage3
4.804881,1.0742188,51.26953,6.0546875
