max_fitness,coverage1,coverage2,coverage3
6.2206755,2.4414062,1.6601562,1.171875
