max_fitness,coverage1,coverage2,coverage3
6.0431223,0.78125,9.277344,20.019531
