max_fitness,coverage1,coverage2,coverage3
3.8993192,4.8828125,3.8085938,3.8085938
