max_fitness,coverage1,coverage2,coverage3
3.3715653,22.851562,10.546875,3.125
