max_fitness,coverage1,coverage2,coverage3
4.643996,1.3671875,12.207031,31.640625
