max_fitness,coverage1,coverage2,coverage3
6.7443724,0.87890625,11.71875,33.59375
