max_fitness,coverage1,coverage2,coverage3
6.36961,0.68359375,57.32422,8.691406
