max_fitness,coverage1,coverage2,coverage3
3.9304862,0.1953125,2.6367188,1.953125
