max_fitness,coverage1,coverage2,coverage3
2.7332566,0.87890625,35.839844,10.644531
