max_fitness,coverage1,coverage2,coverage3
-0.3585719,3.3203125,1.8554688,2.734375
