max_fitness,coverage1,coverage2,coverage3
4.254878,20.898438,8.496094,3.6132812
