max_fitness,coverage1,coverage2,coverage3
5.1051645,0.78125,17.578125,14.941406
