max_fitness,coverage1,coverage2,coverage3
6.7078085,1.171875,36.621094,16.699219
