max_fitness,coverage1,coverage2,coverage3
-11.204122,0.1953125,1.5625,3.2226562
