max_fitness,coverage1,coverage2,coverage3
1.2628157,4.8828125,0.78125,0.48828125
