max_fitness,coverage1,coverage2,coverage3
-10.487783,0.09765625,1.7578125,2.734375
