max_fitness,coverage1,coverage2,coverage3
6.3574295,0.5859375,56.25,13.964844
