max_fitness,coverage1,coverage2,coverage3
9.295302,2.2460938,15.8203125,36.035156
