max_fitness,coverage1,coverage2,coverage3
2.0026126,20.898438,8.496094,4.6875
