max_fitness,coverage1,coverage2,coverage3
4.196918,0.78125,18.554688,18.457031
