max_fitness,coverage1,coverage2,coverage3
3.8169968,35.64453,8.886719,6.1523438
