max_fitness,coverage1,coverage2,coverage3
2.017526,2.2460938,15.8203125,20.117188
