max_fitness,coverage1,coverage2,coverage3
4.297972,0.78125,17.578125,16.40625
