max_fitness,coverage1,coverage2,coverage3
2.476117,1.7578125,53.710938,13.4765625
