max_fitness,coverage1,coverage2,coverage3
4.5674057,0.5859375,10.449219,25.585938
