max_fitness,coverage1,coverage2,coverage3
2.0642836,0.78125,35.44922,4.5898438
