max_fitness,coverage1,coverage2,coverage3
4.7412567,0.1953125,3.125,3.515625
