max_fitness,coverage1,coverage2,coverage3
5.9355516,0.09765625,4.8828125,1.953125
