max_fitness,coverage1,coverage2,coverage3
1.478518,10.839844,34.765625,2.9296875
