max_fitness,coverage1,coverage2,coverage3
4.8703537,0.1953125,2.8320312,3.8085938
