max_fitness,coverage1,coverage2,coverage3
2.1028981,41.210938,9.277344,4.7851562
