max_fitness,coverage1,coverage2,coverage3
8.876766,9.1796875,10.3515625,12.6953125
