max_fitness,coverage1,coverage2,coverage3
2.6403284,2.8320312,4.8828125,2.734375
