max_fitness,coverage1,coverage2,coverage3
0.59511006,2.4414062,2.2460938,1.2695312
