max_fitness,coverage1,coverage2,coverage3
4.018324,17.1875,7.7148438,5.7617188
