max_fitness,coverage1,coverage2,coverage3
2.3628306,0.29296875,4.8828125,3.90625
