max_fitness,coverage1,coverage2,coverage3
-10.460254,0.5859375,2.9296875,2.1484375
