max_fitness,coverage1,coverage2,coverage3
0.62340677,2.4414062,1.6601562,1.2695312
