max_fitness,coverage1,coverage2,coverage3
5.878073,0.78125,55.078125,4.4921875
