max_fitness,coverage1,coverage2,coverage3
2.7984083,35.64453,8.886719,4.6875
