max_fitness,coverage1,coverage2,coverage3
-3.1542144,0.48828125,4.8828125,2.9296875
