max_fitness,coverage1,coverage2,coverage3
0.6815601,2.8320312,4.8828125,0.68359375
