max_fitness,coverage1,coverage2,coverage3
2.2644186,0.9765625,8.7890625,6.8359375
