max_fitness,coverage1,coverage2,coverage3
3.4972582,12.3046875,35.546875,10.253906
