max_fitness,coverage1,coverage2,coverage3
4.858231,11.328125,36.132812,4.1015625
