max_fitness,coverage1,coverage2,coverage3
6.2207575,0.48828125,53.027344,11.425781
