max_fitness,coverage1,coverage2,coverage3
1.2750373,3.8085938,2.5390625,2.34375
