max_fitness,coverage1,coverage2,coverage3
9.031323,1.6601562,16.210938,18.945312
