max_fitness,coverage1,coverage2,coverage3
0.49285603,4.1015625,4.1015625,1.6601562
