max_fitness,coverage1,coverage2,coverage3
0.7568006,2.6367188,1.6601562,1.0742188
