max_fitness,coverage1,coverage2,coverage3
1.8289651,0.9765625,16.699219,14.453125
