max_fitness,coverage1,coverage2,coverage3
2.9270697,0.9765625,36.035156,9.9609375
