max_fitness,coverage1,coverage2,coverage3
8.697581,3.0273438,4.8828125,1.6601562
