max_fitness,coverage1,coverage2,coverage3
9.169237,1.6601562,4.8828125,3.6132812
