max_fitness,coverage1,coverage2,coverage3
-0.28253183,3.4179688,4.8828125,3.125
