max_fitness,coverage1,coverage2,coverage3
9.073084,1.0742188,7.421875,18.554688
