max_fitness,coverage1,coverage2,coverage3
4.5570526,0.1953125,1.8554688,1.7578125
