max_fitness,coverage1,coverage2,coverage3
1.0107838,41.210938,9.277344,4.3945312
