max_fitness,coverage1,coverage2,coverage3
1.6490475,13.574219,7.6171875,4.296875
