max_fitness,coverage1,coverage2,coverage3
1.7724054,22.851562,10.546875,6.0546875
