max_fitness,coverage1,coverage2,coverage3
3.8204262,0.78125,58.88672,7.9101562
