max_fitness,coverage1,coverage2,coverage3
1.3392369,0.29296875,2.2460938,1.7578125
