max_fitness,coverage1,coverage2,coverage3
6.243494,12.792969,37.01172,10.058594
