max_fitness,coverage1,coverage2,coverage3
8.623091,0.68359375,54.785156,8.984375
