max_fitness,coverage1,coverage2,coverage3
9.169237,39.257812,11.035156,9.667969
