max_fitness,coverage1,coverage2,coverage3
5.644404,1.7578125,52.734375,9.765625
