max_fitness,coverage1,coverage2,coverage3
-15.9018755,0.1953125,4.8828125,1.6601562
