max_fitness,coverage1,coverage2,coverage3
7.4404335,0.9765625,36.035156,13.8671875
