max_fitness,coverage1,coverage2,coverage3
3.2568552,0.390625,3.2226562,1.171875
