max_fitness,coverage1,coverage2,coverage3
1.027943,4.0039062,2.9296875,3.3203125
