max_fitness,coverage1,coverage2,coverage3
1.0167825,1.6601562,4.8828125,2.34375
