max_fitness,coverage1,coverage2,coverage3
4.203422,1.3671875,16.015625,6.9335938
