max_fitness,coverage1,coverage2,coverage3
0.9007265,0.09765625,1.7578125,2.1484375
