max_fitness,coverage1,coverage2,coverage3
8.248762,0.78125,36.621094,15.4296875
