max_fitness,coverage1,coverage2,coverage3
4.6631384,0.87890625,33.398438,14.84375
