max_fitness,coverage1,coverage2,coverage3
3.395632,4.1992188,3.7109375,2.1484375
