max_fitness,coverage1,coverage2,coverage3
1.921772,11.230469,34.960938,6.8359375
