max_fitness,coverage1,coverage2,coverage3
8.482486,0.87890625,57.617188,11.816406
