max_fitness,coverage1,coverage2,coverage3
4.258928,0.78125,58.88672,8.300781
