max_fitness,coverage1,coverage2,coverage3
4.7896442,3.3203125,1.8554688,3.125
