max_fitness,coverage1,coverage2,coverage3
5.2357407,0.87890625,35.839844,12.3046875
