max_fitness,coverage1,coverage2,coverage3
8.2502,0.5859375,10.449219,29.394531
