max_fitness,coverage1,coverage2,coverage3
5.555058,0.87890625,11.71875,19.53125
