max_fitness,coverage1,coverage2,coverage3
4.9264,0.87890625,57.617188,4.3945312
