max_fitness,coverage1,coverage2,coverage3
0.85113657,0.1953125,1.5625,2.1484375
