max_fitness,coverage1,coverage2,coverage3
2.5871334,22.851562,10.546875,5.2734375
