max_fitness,coverage1,coverage2,coverage3
3.2076805,4.296875,3.515625,3.0273438
