max_fitness,coverage1,coverage2,coverage3
3.2463229,0.78125,17.578125,14.84375
