max_fitness,coverage1,coverage2,coverage3
5.1365924,0.78125,58.88672,7.7148438
