max_fitness,coverage1,coverage2,coverage3
9.136922,1.0742188,51.26953,10.546875
