max_fitness,coverage1,coverage2,coverage3
3.3893356,1.0742188,7.421875,27.34375
