max_fitness,coverage1,coverage2,coverage3
3.9995675,4.8828125,1.7578125,2.2460938
