max_fitness,coverage1,coverage2,coverage3
1.3691878,0.29296875,2.2460938,1.8554688
