max_fitness,coverage1,coverage2,coverage3
4.4881916,0.87890625,35.839844,10.15625
