max_fitness,coverage1,coverage2,coverage3
1.322332,0.78125,36.621094,7.9101562
