max_fitness,coverage1,coverage2,coverage3
2.6555564,0.78125,18.554688,16.113281
