max_fitness,coverage1,coverage2,coverage3
5.25427,10.839844,10.839844,23.144531
