max_fitness,coverage1,coverage2,coverage3
0.9041842,0.1953125,3.3203125,2.34375
