max_fitness,coverage1,coverage2,coverage3
2.104242,14.2578125,6.9335938,4.4921875
