max_fitness,coverage1,coverage2,coverage3
4.168159,0.390625,4.8828125,1.5625
