max_fitness,coverage1,coverage2,coverage3
4.452806,0.68359375,54.785156,4.1015625
