max_fitness,coverage1,coverage2,coverage3
0.33780256,4.8828125,3.4179688,1.8554688
