max_fitness,coverage1,coverage2,coverage3
1.4094241,2.1484375,13.574219,19.335938
