max_fitness,coverage1,coverage2,coverage3
4.481924,41.210938,9.277344,6.1523438
