max_fitness,coverage1,coverage2,coverage3
6.354196,0.78125,17.578125,8.984375
