max_fitness,coverage1,coverage2,coverage3
0.29607,0.5859375,2.9296875,1.4648438
