max_fitness,coverage1,coverage2,coverage3
3.28159,0.78125,58.88672,6.8359375
