max_fitness,coverage1,coverage2,coverage3
1.7197052,0.48828125,1.953125,2.5390625
