max_fitness,coverage1,coverage2,coverage3
0.6234366,3.0273438,4.8828125,1.171875
