max_fitness,coverage1,coverage2,coverage3
7.5267234,2.1484375,13.574219,29.882812
