max_fitness,coverage1,coverage2,coverage3
4.915101,0.5859375,57.32422,5.9570312
