max_fitness,coverage1,coverage2,coverage3
0.14364894,4.1015625,3.8085938,1.7578125
