max_fitness,coverage1,coverage2,coverage3
3.2856643,1.3671875,16.015625,19.140625
