max_fitness,coverage1,coverage2,coverage3
5.9821014,2.5390625,1.3671875,2.8320312
