max_fitness,coverage1,coverage2,coverage3
0.8517586,0.1953125,3.2226562,1.4648438
