max_fitness,coverage1,coverage2,coverage3
2.4437907,36.132812,10.9375,2.0507812
