max_fitness,coverage1,coverage2,coverage3
4.3875103,12.207031,38.671875,5.9570312
