max_fitness,coverage1,coverage2,coverage3
2.7848866,0.5859375,10.449219,23.828125
