max_fitness,coverage1,coverage2,coverage3
5.5718756,1.7578125,52.734375,11.71875
