max_fitness,coverage1,coverage2,coverage3
4.136911,0.78125,55.078125,9.082031
