max_fitness,coverage1,coverage2,coverage3
-3.534388,2.4414062,2.2460938,2.6367188
