max_fitness,coverage1,coverage2,coverage3
9.033268,35.64453,8.886719,6.7382812
