max_fitness,coverage1,coverage2,coverage3
5.377447,2.1484375,16.699219,27.832031
