max_fitness,coverage1,coverage2,coverage3
0.77638566,36.132812,10.9375,3.90625
