max_fitness,coverage1,coverage2,coverage3
0.8838339,2.8320312,4.8828125,0.9765625
