max_fitness,coverage1,coverage2,coverage3
2.3787024,13.574219,7.6171875,1.8554688
