max_fitness,coverage1,coverage2,coverage3
0.88929653,4.1992188,1.953125,2.34375
