max_fitness,coverage1,coverage2,coverage3
10.471333,11.328125,36.132812,10.9375
