max_fitness,coverage1,coverage2,coverage3
2.0493927,3.4179688,4.8828125,3.0273438
