max_fitness,coverage1,coverage2,coverage3
2.3838613,0.5859375,57.421875,5.2734375
