max_fitness,coverage1,coverage2,coverage3
4.5799813,1.171875,18.164062,5.2734375
