max_fitness,coverage1,coverage2,coverage3
-4.030439,0.390625,1.8554688,2.34375
