max_fitness,coverage1,coverage2,coverage3
5.7095714,4.8828125,3.125,2.734375
