max_fitness,coverage1,coverage2,coverage3
4.104899,0.390625,3.4179688,1.7578125
