max_fitness,coverage1,coverage2,coverage3
1.8265247,3.8085938,2.5390625,2.8320312
