max_fitness,coverage1,coverage2,coverage3
4.853221,0.1953125,2.6367188,3.8085938
