max_fitness,coverage1,coverage2,coverage3
3.1761985,0.78125,18.554688,21.09375
