max_fitness,coverage1,coverage2,coverage3
1.8628322,29.003906,9.5703125,5.3710938
