max_fitness,coverage1,coverage2,coverage3
1.3059357,10.058594,8.984375,5.46875
