max_fitness,coverage1,coverage2,coverage3
1.9744114,13.574219,7.6171875,4.0039062
