max_fitness,coverage1,coverage2,coverage3
1.269939,1.2695312,1.953125,1.0742188
