max_fitness,coverage1,coverage2,coverage3
1.8249296,4.8828125,3.125,2.0507812
