max_fitness,coverage1,coverage2,coverage3
5.9987497,1.171875,53.90625,7.5195312
