max_fitness,coverage1,coverage2,coverage3
3.5998297,10.3515625,8.984375,17.1875
