max_fitness,coverage1,coverage2,coverage3
2.0636048,12.3046875,35.546875,11.1328125
