max_fitness,coverage1,coverage2,coverage3
3.747262,0.68359375,15.917969,15.722656
