max_fitness,coverage1,coverage2,coverage3
4.7503424,1.5625,15.722656,20.605469
