max_fitness,coverage1,coverage2,coverage3
4.510435,0.87890625,11.71875,14.2578125
