max_fitness,coverage1,coverage2,coverage3
2.2030513,12.597656,35.253906,5.2734375
