max_fitness,coverage1,coverage2,coverage3
1.7774131,10.9375,8.59375,16.015625
