max_fitness,coverage1,coverage2,coverage3
3.20975,10.15625,11.035156,13.378906
