max_fitness,coverage1,coverage2,coverage3
0.44640473,4.0039062,2.9296875,3.6132812
