max_fitness,coverage1,coverage2,coverage3
1.0369467,14.84375,37.695312,2.5390625
