max_fitness,coverage1,coverage2,coverage3
4.79072,0.68359375,54.785156,7.03125
