max_fitness,coverage1,coverage2,coverage3
-1.3792709,0.68359375,2.5390625,2.8320312
