max_fitness,coverage1,coverage2,coverage3
5.148439,17.1875,7.7148438,4.7851562
