max_fitness,coverage1,coverage2,coverage3
4.2266297,4.8828125,3.4179688,1.5625
