max_fitness,coverage1,coverage2,coverage3
2.0931048,0.87890625,36.621094,10.644531
