max_fitness,coverage1,coverage2,coverage3
1.9126142,35.742188,7.03125,4.7851562
