max_fitness,coverage1,coverage2,coverage3
6.2206755,10.15625,11.035156,7.6171875
