max_fitness,coverage1,coverage2,coverage3
0.7665078,2.4414062,2.2460938,0.87890625
