max_fitness,coverage1,coverage2,coverage3
0.106747955,0.1953125,3.125,0.78125
