max_fitness,coverage1,coverage2,coverage3
-9.941868,0.29296875,2.2460938,3.2226562
