max_fitness,coverage1,coverage2,coverage3
3.3881607,0.9765625,36.035156,10.3515625
