max_fitness,coverage1,coverage2,coverage3
7.3236456,0.68359375,15.917969,19.335938
