max_fitness,coverage1,coverage2,coverage3
3.694795,0.9765625,16.699219,13.671875
