max_fitness,coverage1,coverage2,coverage3
0.6173626,4.1015625,3.8085938,2.734375
