max_fitness,coverage1,coverage2,coverage3
0.098528825,4.8828125,3.125,1.953125
