max_fitness,coverage1,coverage2,coverage3
3.2463229,0.09765625,2.6367188,2.6367188
