max_fitness,coverage1,coverage2,coverage3
2.7052689,11.328125,36.132812,6.3476562
