max_fitness,coverage1,coverage2,coverage3
4.974065,10.3515625,8.984375,17.089844
