max_fitness,coverage1,coverage2,coverage3
5.4297986,1.0742188,51.26953,14.746094
