max_fitness,coverage1,coverage2,coverage3
8.822191,1.0742188,51.26953,11.230469
