max_fitness,coverage1,coverage2,coverage3
1.5284312,4.6875,2.8320312,3.4179688
