max_fitness,coverage1,coverage2,coverage3
6.595922,0.68359375,57.32422,10.7421875
