max_fitness,coverage1,coverage2,coverage3
0.38265097,0.29296875,3.90625,2.9296875
