max_fitness,coverage1,coverage2,coverage3
1.510785,2.6367188,1.6601562,1.6601562
