max_fitness,coverage1,coverage2,coverage3
8.393914,0.09765625,2.6367188,3.125
