max_fitness,coverage1,coverage2,coverage3
4.2143846,4.8828125,2.6367188,2.734375
