max_fitness,coverage1,coverage2,coverage3
4.1014977,1.0742188,7.421875,19.53125
