max_fitness,coverage1,coverage2,coverage3
4.0166373,2.4414062,16.699219,20.214844
