max_fitness,coverage1,coverage2,coverage3
5.113723,29.003906,9.5703125,7.8125
