max_fitness,coverage1,coverage2,coverage3
9.01279,0.9765625,36.035156,11.1328125
