max_fitness,coverage1,coverage2,coverage3
2.8299131,4.296875,3.515625,3.4179688
