max_fitness,coverage1,coverage2,coverage3
4.949942,0.87890625,11.71875,24.511719
