max_fitness,coverage1,coverage2,coverage3
1.0207521,39.257812,11.035156,4.7851562
