max_fitness,coverage1,coverage2,coverage3
6.1457815,26.269531,10.15625,6.640625
