max_fitness,coverage1,coverage2,coverage3
1.8418483,9.277344,8.7890625,12.109375
