max_fitness,coverage1,coverage2,coverage3
3.6483624,1.171875,53.90625,10.449219
