max_fitness,coverage1,coverage2,coverage3
6.2040195,1.7578125,53.710938,13.964844
