max_fitness,coverage1,coverage2,coverage3
1.6480527,2.6367188,1.6601562,1.8554688
