max_fitness,coverage1,coverage2,coverage3
6.379654,9.1796875,10.3515625,7.2265625
