max_fitness,coverage1,coverage2,coverage3
3.8191495,11.328125,36.132812,7.7148438
