max_fitness,coverage1,coverage2,coverage3
-8.89726,4.8828125,2.8320312,2.1484375
