max_fitness,coverage1,coverage2,coverage3
7.66751,0.87890625,18.164062,17.96875
