max_fitness,coverage1,coverage2,coverage3
1.566381,0.78125,15.4296875,11.621094
