max_fitness,coverage1,coverage2,coverage3
8.716496,1.7578125,52.734375,10.058594
