max_fitness,coverage1,coverage2,coverage3
4.318216,1.171875,53.90625,11.5234375
