max_fitness,coverage1,coverage2,coverage3
5.6081314,0.9765625,16.699219,12.109375
