max_fitness,coverage1,coverage2,coverage3
6.2692556,0.9765625,8.7890625,17.773438
