max_fitness,coverage1,coverage2,coverage3
2.9457002,12.3046875,35.546875,9.1796875
