max_fitness,coverage1,coverage2,coverage3
4.947765,4.1992188,1.953125,2.9296875
