max_fitness,coverage1,coverage2,coverage3
1.5815696,0.1953125,3.125,1.4648438
