max_fitness,coverage1,coverage2,coverage3
8.697581,12.109375,37.20703,7.1289062
