max_fitness,coverage1,coverage2,coverage3
4.5992846,1.8554688,11.71875,35.839844
