max_fitness,coverage1,coverage2,coverage3
2.7261777,0.1953125,4.8828125,3.515625
