max_fitness,coverage1,coverage2,coverage3
0.7065082,4.0039062,3.6132812,2.2460938
