max_fitness,coverage1,coverage2,coverage3
1.4321938,13.574219,36.42578,2.5390625
