max_fitness,coverage1,coverage2,coverage3
1.4839667,12.597656,35.253906,4.5898438
