max_fitness,coverage1,coverage2,coverage3
6.5652056,17.480469,8.0078125,3.90625
