max_fitness,coverage1,coverage2,coverage3
5.3420362,2.6367188,1.6601562,1.4648438
