max_fitness,coverage1,coverage2,coverage3
3.7589936,1.0742188,7.421875,21.484375
