max_fitness,coverage1,coverage2,coverage3
5.4448347,1.171875,18.164062,13.378906
