max_fitness,coverage1,coverage2,coverage3
1.5497438,13.574219,36.42578,6.5429688
