max_fitness,coverage1,coverage2,coverage3
-0.4487125,0.1953125,3.515625,2.34375
