max_fitness,coverage1,coverage2,coverage3
1.8815037,0.5859375,57.32422,12.6953125
