max_fitness,coverage1,coverage2,coverage3
8.671798,0.87890625,18.164062,21.484375
