max_fitness,coverage1,coverage2,coverage3
1.5109205,1.2695312,1.953125,1.4648438
