max_fitness,coverage1,coverage2,coverage3
4.2137995,2.4414062,16.699219,7.3242188
