max_fitness,coverage1,coverage2,coverage3
9.028244,2.6367188,4.8828125,2.2460938
