max_fitness,coverage1,coverage2,coverage3
1.9228142,0.1953125,3.3203125,2.9296875
