max_fitness,coverage1,coverage2,coverage3
6.530427,10.839844,10.839844,10.546875
