max_fitness,coverage1,coverage2,coverage3
5.488092,14.2578125,6.9335938,4.7851562
