max_fitness,coverage1,coverage2,coverage3
1.8628322,2.8320312,4.8828125,2.6367188
