max_fitness,coverage1,coverage2,coverage3
0.57184553,2.9296875,1.5625,1.5625
