max_fitness,coverage1,coverage2,coverage3
-1.2655913,4.8828125,3.4179688,4.0039062
