max_fitness,coverage1,coverage2,coverage3
0.52688664,4.8828125,2.9296875,4.1015625
