max_fitness,coverage1,coverage2,coverage3
3.362652,34.570312,10.839844,6.8359375
