max_fitness,coverage1,coverage2,coverage3
13.116078,2.4414062,16.699219,32.714844
