max_fitness,coverage1,coverage2,coverage3
5.067076,1.3671875,54.19922,9.082031
