max_fitness,coverage1,coverage2,coverage3
5.223177,1.171875,36.621094,11.621094
