max_fitness,coverage1,coverage2,coverage3
3.3770194,2.4414062,2.2460938,0.87890625
