max_fitness,coverage1,coverage2,coverage3
4.1141977,4.1992188,3.7109375,2.734375
