max_fitness,coverage1,coverage2,coverage3
4.033849,0.68359375,15.917969,15.234375
