max_fitness,coverage1,coverage2,coverage3
0.626336,4.8828125,1.2695312,0.9765625
