max_fitness,coverage1,coverage2,coverage3
3.5509493,4.8828125,1.6601562,1.2695312
