max_fitness,coverage1,coverage2,coverage3
1.813277,14.84375,37.695312,5.6640625
