max_fitness,coverage1,coverage2,coverage3
5.1083684,14.84375,37.695312,6.4453125
