max_fitness,coverage1,coverage2,coverage3
-0.061241493,0.68359375,2.9296875,3.8085938
