max_fitness,coverage1,coverage2,coverage3
4.405971,1.4648438,56.347656,4.296875
