max_fitness,coverage1,coverage2,coverage3
3.3172839,0.78125,15.4296875,15.0390625
