max_fitness,coverage1,coverage2,coverage3
6.5954914,2.2460938,15.8203125,22.558594
