max_fitness,coverage1,coverage2,coverage3
3.599829,0.390625,4.5898438,2.2460938
