max_fitness,coverage1,coverage2,coverage3
2.0444417,4.8828125,1.8554688,2.2460938
