max_fitness,coverage1,coverage2,coverage3
9.169237,9.1796875,10.3515625,18.066406
