max_fitness,coverage1,coverage2,coverage3
0.3965088,2.6367188,1.6601562,0.87890625
