max_fitness,coverage1,coverage2,coverage3
0.6120445,3.0273438,4.8828125,1.4648438
