max_fitness,coverage1,coverage2,coverage3
9.269472,1.2695312,15.332031,28.710938
