max_fitness,coverage1,coverage2,coverage3
0.22207972,0.390625,1.8554688,2.2460938
