max_fitness,coverage1,coverage2,coverage3
9.033268,2.9296875,1.5625,1.8554688
