max_fitness,coverage1,coverage2,coverage3
6.9620805,0.68359375,54.785156,11.328125
