max_fitness,coverage1,coverage2,coverage3
3.9077199,1.6601562,9.1796875,23.144531
