max_fitness,coverage1,coverage2,coverage3
5.42919,0.1953125,4.8828125,4.1015625
