max_fitness,coverage1,coverage2,coverage3
9.443,1.7578125,53.710938,10.253906
