max_fitness,coverage1,coverage2,coverage3
-9.168231,0.29296875,4.8828125,3.2226562
