max_fitness,coverage1,coverage2,coverage3
1.7090304,17.480469,8.0078125,6.0546875
