max_fitness,coverage1,coverage2,coverage3
9.085025,1.4648438,56.347656,8.7890625
