max_fitness,coverage1,coverage2,coverage3
5.5247726,0.68359375,2.5390625,3.8085938
