max_fitness,coverage1,coverage2,coverage3
2.6923823,1.0742188,51.26953,8.984375
