max_fitness,coverage1,coverage2,coverage3
3.7822602,4.8828125,3.4179688,2.6367188
