max_fitness,coverage1,coverage2,coverage3
3.516516,2.734375,4.8828125,2.4414062
