max_fitness,coverage1,coverage2,coverage3
1.991472,26.269531,10.15625,4.5898438
