max_fitness,coverage1,coverage2,coverage3
5.187442,0.78125,18.652344,13.4765625
