max_fitness,coverage1,coverage2,coverage3
10.211435,10.839844,10.839844,23.632812
