max_fitness,coverage1,coverage2,coverage3
1.5281857,14.84375,37.695312,7.2265625
