max_fitness,coverage1,coverage2,coverage3
5.516784,1.0742188,53.320312,9.765625
