max_fitness,coverage1,coverage2,coverage3
1.3066272,34.570312,10.839844,5.3710938
