max_fitness,coverage1,coverage2,coverage3
-1.5209816,0.5859375,2.9296875,3.2226562
