max_fitness,coverage1,coverage2,coverage3
1.3238842,0.87890625,18.164062,8.496094
