max_fitness,coverage1,coverage2,coverage3
-8.8253355,4.8828125,3.8085938,3.4179688
