max_fitness,coverage1,coverage2,coverage3
1.3891867,13.574219,7.6171875,5.46875
