max_fitness,coverage1,coverage2,coverage3
9.264524,0.68359375,15.8203125,12.890625
