max_fitness,coverage1,coverage2,coverage3
2.7767184,1.3671875,54.19922,6.5429688
