max_fitness,coverage1,coverage2,coverage3
0.11851786,0.1953125,2.2460938,1.3671875
