max_fitness,coverage1,coverage2,coverage3
1.7722877,2.1484375,13.574219,16.894531
