max_fitness,coverage1,coverage2,coverage3
3.1172009,0.78125,11.71875,19.921875
