max_fitness,coverage1,coverage2,coverage3
0.08491007,4.8828125,2.9296875,2.5390625
