max_fitness,coverage1,coverage2,coverage3
4.0976763,0.78125,52.34375,5.2734375
