max_fitness,coverage1,coverage2,coverage3
5.552774,0.78125,18.652344,18.261719
