max_fitness,coverage1,coverage2,coverage3
9.838224,1.6601562,16.210938,30.859375
