max_fitness,coverage1,coverage2,coverage3
1.3980993,4.8828125,2.8320312,2.2460938
