max_fitness,coverage1,coverage2,coverage3
1.5875499,9.277344,8.7890625,13.4765625
