max_fitness,coverage1,coverage2,coverage3
6.0289173,0.1953125,2.8320312,3.6132812
