max_fitness,coverage1,coverage2,coverage3
5.7349906,13.574219,36.42578,10.546875
