max_fitness,coverage1,coverage2,coverage3
2.4456763,0.87890625,35.839844,13.0859375
