max_fitness,coverage1,coverage2,coverage3
9.295302,1.7578125,53.710938,17.96875
