max_fitness,coverage1,coverage2,coverage3
1.5889499,4.5898438,3.3203125,2.5390625
