max_fitness,coverage1,coverage2,coverage3
2.7739558,4.8828125,2.734375,3.8085938
