max_fitness,coverage1,coverage2,coverage3
1.123498,4.1992188,1.953125,2.1484375
