max_fitness,coverage1,coverage2,coverage3
4.7684994,0.9765625,8.7890625,23.4375
