max_fitness,coverage1,coverage2,coverage3
4.9046307,0.29296875,2.4414062,3.0273438
