max_fitness,coverage1,coverage2,coverage3
7.9762764,0.78125,17.578125,24.414062
