max_fitness,coverage1,coverage2,coverage3
3.9101768,30.957031,10.15625,6.4453125
