max_fitness,coverage1,coverage2,coverage3
0.97063005,33.789062,8.3984375,3.2226562
