max_fitness,coverage1,coverage2,coverage3
3.4972582,4.8828125,0.87890625,2.1484375
