max_fitness,coverage1,coverage2,coverage3
2.2302582,0.1953125,3.515625,2.0507812
