max_fitness,coverage1,coverage2,coverage3
2.0117786,4.4921875,3.90625,1.3671875
