max_fitness,coverage1,coverage2,coverage3
1.8296205,0.9765625,38.57422,12.988281
