max_fitness,coverage1,coverage2,coverage3
3.9220712,15.234375,8.7890625,5.078125
