max_fitness,coverage1,coverage2,coverage3
5.790585,0.87890625,35.839844,15.8203125
