max_fitness,coverage1,coverage2,coverage3
5.674097,0.1953125,2.2460938,3.6132812
