max_fitness,coverage1,coverage2,coverage3
3.347928,13.574219,36.42578,7.9101562
