max_fitness,coverage1,coverage2,coverage3
1.6665998,35.742188,7.03125,5.6640625
