max_fitness,coverage1,coverage2,coverage3
3.0332007,4.1015625,3.8085938,2.2460938
