max_fitness,coverage1,coverage2,coverage3
6.561916,0.87890625,33.398438,12.402344
