max_fitness,coverage1,coverage2,coverage3
6.270284,0.78125,35.058594,14.746094
