max_fitness,coverage1,coverage2,coverage3
2.0326161,4.8828125,0.9765625,2.5390625
