max_fitness,coverage1,coverage2,coverage3
6.0431223,0.1953125,2.6367188,2.9296875
