max_fitness,coverage1,coverage2,coverage3
6.269719,33.789062,8.3984375,9.472656
