max_fitness,coverage1,coverage2,coverage3
3.8993192,5.078125,3.90625,4.0039062
