max_fitness,coverage1,coverage2,coverage3
-3.8273346,0.1953125,3.515625,2.2460938
