max_fitness,coverage1,coverage2,coverage3
1.9532249,0.78125,35.44922,12.792969
