max_fitness,coverage1,coverage2,coverage3
0.31025997,3.7109375,2.734375,2.1484375
