max_fitness,coverage1,coverage2,coverage3
2.004202,4.6875,2.8320312,3.4179688
