max_fitness,coverage1,coverage2,coverage3
5.2357407,0.87890625,11.5234375,19.140625
