max_fitness,coverage1,coverage2,coverage3
1.6540914,1.171875,18.164062,12.597656
