max_fitness,coverage1,coverage2,coverage3
6.2206755,36.132812,10.9375,2.34375
