max_fitness,coverage1,coverage2,coverage3
4.1275387,0.48828125,53.027344,2.8320312
