max_fitness,coverage1,coverage2,coverage3
1.929047,0.68359375,15.917969,14.84375
