max_fitness,coverage1,coverage2,coverage3
3.59859,36.132812,10.9375,8.0078125
