max_fitness,coverage1,coverage2,coverage3
3.0946636,0.87890625,36.621094,10.644531
