max_fitness,coverage1,coverage2,coverage3
1.3116765,29.003906,9.5703125,4.4921875
