max_fitness,coverage1,coverage2,coverage3
3.15717,0.1953125,2.6367188,3.2226562
