max_fitness,coverage1,coverage2,coverage3
1.6016059,0.9765625,8.7890625,18.457031
