max_fitness,coverage1,coverage2,coverage3
1.2253058,9.1796875,10.3515625,7.03125
