max_fitness,coverage1,coverage2,coverage3
0.15737745,0.390625,3.2226562,1.5625
