max_fitness,coverage1,coverage2,coverage3
4.8331895,0.78125,35.44922,16.992188
