max_fitness,coverage1,coverage2,coverage3
5.840782,0.68359375,10.546875,34.179688
