max_fitness,coverage1,coverage2,coverage3
5.5736156,0.78125,9.277344,24.804688
