max_fitness,coverage1,coverage2,coverage3
1.5219138,20.898438,8.496094,5.3710938
