max_fitness,coverage1,coverage2,coverage3
3.3393526,5.078125,3.90625,4.1015625
