max_fitness,coverage1,coverage2,coverage3
3.7142892,0.9765625,16.699219,7.1289062
