max_fitness,coverage1,coverage2,coverage3
3.1275818,0.78125,52.34375,6.640625
