max_fitness,coverage1,coverage2,coverage3
4.196449,2.1484375,13.574219,19.433594
