max_fitness,coverage1,coverage2,coverage3
2.7069132,1.0742188,7.421875,25.390625
