max_fitness,coverage1,coverage2,coverage3
0.37397668,0.09765625,3.0273438,1.7578125
