max_fitness,coverage1,coverage2,coverage3
3.5976777,11.425781,10.9375,7.6171875
