max_fitness,coverage1,coverage2,coverage3
2.065644,9.1796875,10.3515625,14.746094
