max_fitness,coverage1,coverage2,coverage3
1.4127332,12.207031,38.671875,7.7148438
