max_fitness,coverage1,coverage2,coverage3
1.8257358,4.8828125,1.7578125,2.6367188
