max_fitness,coverage1,coverage2,coverage3
3.0684297,0.78125,52.34375,7.03125
