max_fitness,coverage1,coverage2,coverage3
1.8613402,39.257812,11.035156,5.9570312
