max_fitness,coverage1,coverage2,coverage3
4.8774495,0.78125,55.078125,3.4179688
