max_fitness,coverage1,coverage2,coverage3
5.7797256,0.09765625,0.9765625,3.7109375
