max_fitness,coverage1,coverage2,coverage3
0.784964,13.574219,7.6171875,3.2226562
