max_fitness,coverage1,coverage2,coverage3
5.8844604,0.5859375,56.25,9.667969
