max_fitness,coverage1,coverage2,coverage3
4.5799813,0.78125,58.88672,3.3203125
