max_fitness,coverage1,coverage2,coverage3
4.2022076,0.78125,18.652344,13.378906
