max_fitness,coverage1,coverage2,coverage3
4.046022,9.277344,8.7890625,8.300781
