max_fitness,coverage1,coverage2,coverage3
1.1393194,2.1484375,13.574219,12.3046875
