max_fitness,coverage1,coverage2,coverage3
4.628153,2.1484375,16.699219,19.824219
