max_fitness,coverage1,coverage2,coverage3
-0.5075545,4.8828125,1.2695312,2.5390625
