max_fitness,coverage1,coverage2,coverage3
2.3081028,5.3710938,3.6132812,3.515625
