max_fitness,coverage1,coverage2,coverage3
2.7177255,20.898438,8.496094,5.6640625
