max_fitness,coverage1,coverage2,coverage3
1.433957,10.058594,8.984375,12.207031
