max_fitness,coverage1,coverage2,coverage3
1.648177,15.234375,8.7890625,4.5898438
