max_fitness,coverage1,coverage2,coverage3
2.7345846,4.1992188,1.953125,3.125
