max_fitness,coverage1,coverage2,coverage3
2.061656,0.78125,55.078125,7.03125
