max_fitness,coverage1,coverage2,coverage3
5.824992,0.9765625,8.7890625,29.589844
