max_fitness,coverage1,coverage2,coverage3
1.2655627,9.277344,8.7890625,8.886719
