max_fitness,coverage1,coverage2,coverage3
8.898506,1.5625,15.722656,17.675781
