max_fitness,coverage1,coverage2,coverage3
5.6345286,4.8828125,3.8085938,2.6367188
