max_fitness,coverage1,coverage2,coverage3
2.7102776,1.0742188,53.320312,6.5429688
