max_fitness,coverage1,coverage2,coverage3
0.3745484,2.5390625,1.171875,0.29296875
