max_fitness,coverage1,coverage2,coverage3
7.2001905,1.3671875,54.19922,10.15625
