max_fitness,coverage1,coverage2,coverage3
6.5679893,2.2460938,15.8203125,15.234375
