max_fitness,coverage1,coverage2,coverage3
6.527506,11.328125,36.132812,5.6640625
