max_fitness,coverage1,coverage2,coverage3
5.415537,1.6601562,9.1796875,18.164062
