max_fitness,coverage1,coverage2,coverage3
6.5462174,4.8828125,3.125,4.0039062
