max_fitness,coverage1,coverage2,coverage3
1.719407,20.898438,8.496094,5.1757812
