max_fitness,coverage1,coverage2,coverage3
6.7078085,0.1953125,1.5625,3.90625
