max_fitness,coverage1,coverage2,coverage3
1.5241517,14.2578125,6.9335938,4.1992188
