max_fitness,coverage1,coverage2,coverage3
2.6374645,4.8828125,3.4179688,4.0039062
