max_fitness,coverage1,coverage2,coverage3
2.7742066,0.9765625,38.57422,8.496094
