max_fitness,coverage1,coverage2,coverage3
5.7095714,13.671875,6.7382812,4.1015625
