max_fitness,coverage1,coverage2,coverage3
3.10068,0.9765625,36.035156,11.035156
