max_fitness,coverage1,coverage2,coverage3
0.65628076,0.29296875,4.8828125,3.0273438
