max_fitness,coverage1,coverage2,coverage3
2.7700493,0.09765625,1.7578125,1.7578125
