max_fitness,coverage1,coverage2,coverage3
7.9943285,0.9765625,36.035156,16.113281
