max_fitness,coverage1,coverage2,coverage3
2.2287276,0.390625,3.4179688,3.6132812
