max_fitness,coverage1,coverage2,coverage3
2.1435678,4.8828125,2.6367188,3.3203125
