max_fitness,coverage1,coverage2,coverage3
1.9207139,1.3671875,54.19922,8.300781
