max_fitness,coverage1,coverage2,coverage3
2.4489145,13.574219,36.42578,6.640625
