max_fitness,coverage1,coverage2,coverage3
2.126008,1.7578125,52.734375,10.449219
