max_fitness,coverage1,coverage2,coverage3
-1.5369662,0.390625,4.8828125,2.8320312
