max_fitness,coverage1,coverage2,coverage3
2.507927,12.597656,35.253906,7.7148438
