max_fitness,coverage1,coverage2,coverage3
2.7436008,0.1953125,3.515625,2.5390625
