max_fitness,coverage1,coverage2,coverage3
4.487362,10.058594,8.984375,17.871094
