max_fitness,coverage1,coverage2,coverage3
1.7096254,4.296875,3.90625,2.0507812
