max_fitness,coverage1,coverage2,coverage3
4.3705835,34.570312,10.839844,5.9570312
