max_fitness,coverage1,coverage2,coverage3
2.4980335,0.1953125,2.2460938,2.5390625
