max_fitness,coverage1,coverage2,coverage3
9.09786,2.4414062,16.699219,24.316406
