max_fitness,coverage1,coverage2,coverage3
8.457518,30.957031,10.15625,8.886719
