max_fitness,coverage1,coverage2,coverage3
3.4681144,0.87890625,11.71875,19.433594
