max_fitness,coverage1,coverage2,coverage3
2.7030191,0.1953125,4.0039062,3.515625
