max_fitness,coverage1,coverage2,coverage3
5.674097,0.78125,11.71875,25.390625
