max_fitness,coverage1,coverage2,coverage3
1.6067225,0.78125,17.578125,13.671875
