max_fitness,coverage1,coverage2,coverage3
-3.993435,0.09765625,3.0273438,1.953125
