max_fitness,coverage1,coverage2,coverage3
3.967635,1.5625,15.722656,17.96875
