max_fitness,coverage1,coverage2,coverage3
3.7928991,0.87890625,11.5234375,11.035156
