max_fitness,coverage1,coverage2,coverage3
8.903488,2.1484375,13.574219,23.144531
