max_fitness,coverage1,coverage2,coverage3
1.936194,14.2578125,6.9335938,5.46875
