max_fitness,coverage1,coverage2,coverage3
4.720763,0.9765625,36.035156,7.03125
