max_fitness,coverage1,coverage2,coverage3
-12.938762,0.1953125,3.3203125,3.0273438
