max_fitness,coverage1,coverage2,coverage3
7.164013,35.742188,7.03125,5.859375
