max_fitness,coverage1,coverage2,coverage3
4.4978456,0.1953125,3.2226562,0.78125
