max_fitness,coverage1,coverage2,coverage3
1.441665,1.3671875,12.207031,10.15625
