max_fitness,coverage1,coverage2,coverage3
3.5413795,0.390625,3.2226562,3.3203125
