max_fitness,coverage1,coverage2,coverage3
5.4498,0.29296875,4.8828125,3.0273438
