max_fitness,coverage1,coverage2,coverage3
1.1660241,10.839844,9.9609375,7.9101562
