max_fitness,coverage1,coverage2,coverage3
5.101088,0.68359375,54.785156,10.546875
