max_fitness,coverage1,coverage2,coverage3
2.2438638,3.7109375,2.734375,2.4414062
