max_fitness,coverage1,coverage2,coverage3
0.70785457,4.8828125,3.4179688,1.953125
