max_fitness,coverage1,coverage2,coverage3
-9.948459,0.29296875,4.8828125,2.734375
