max_fitness,coverage1,coverage2,coverage3
3.9410644,0.68359375,57.32422,6.4453125
