max_fitness,coverage1,coverage2,coverage3
3.7145133,0.78125,35.44922,7.3242188
