max_fitness,coverage1,coverage2,coverage3
4.3004313,33.789062,8.3984375,5.5664062
