max_fitness,coverage1,coverage2,coverage3
3.4570622,1.171875,53.90625,7.421875
