max_fitness,coverage1,coverage2,coverage3
3.1135614,0.87890625,18.164062,6.0546875
