max_fitness,coverage1,coverage2,coverage3
-1.8551484,0.29296875,4.8828125,3.4179688
