max_fitness,coverage1,coverage2,coverage3
1.6057613,20.898438,8.496094,5.078125
