max_fitness,coverage1,coverage2,coverage3
3.6470754,1.171875,36.621094,13.183594
