max_fitness,coverage1,coverage2,coverage3
6.3059354,4.8828125,3.8085938,2.9296875
