max_fitness,coverage1,coverage2,coverage3
7.137177,0.5859375,4.8828125,2.6367188
