max_fitness,coverage1,coverage2,coverage3
1.0819504,0.09765625,2.6367188,1.4648438
