max_fitness,coverage1,coverage2,coverage3
3.2682755,33.789062,8.3984375,2.9296875
