max_fitness,coverage1,coverage2,coverage3
4.4978456,0.78125,18.652344,8.496094
