max_fitness,coverage1,coverage2,coverage3
2.8106124,0.390625,3.4179688,2.6367188
