max_fitness,coverage1,coverage2,coverage3
1.6483628,2.8320312,4.8828125,1.171875
