max_fitness,coverage1,coverage2,coverage3
4.62794,0.87890625,35.839844,7.3242188
