max_fitness,coverage1,coverage2,coverage3
5.071396,0.9765625,54.003906,13.28125
