max_fitness,coverage1,coverage2,coverage3
9.045549,17.480469,8.0078125,7.3242188
