max_fitness,coverage1,coverage2,coverage3
2.1216123,4.8828125,2.9296875,2.734375
