max_fitness,coverage1,coverage2,coverage3
5.544369,1.6601562,9.1796875,29.394531
