max_fitness,coverage1,coverage2,coverage3
2.1501837,36.132812,10.9375,4.4921875
