max_fitness,coverage1,coverage2,coverage3
8.769432,1.7578125,16.40625,18.554688
