max_fitness,coverage1,coverage2,coverage3
4.5730023,0.87890625,36.621094,14.2578125
