max_fitness,coverage1,coverage2,coverage3
2.0806441,39.257812,11.035156,6.8359375
