max_fitness,coverage1,coverage2,coverage3
3.0001938,0.78125,15.4296875,13.0859375
