max_fitness,coverage1,coverage2,coverage3
3.5945022,0.5859375,56.25,11.5234375
