max_fitness,coverage1,coverage2,coverage3
3.1701086,1.171875,36.621094,9.1796875
