max_fitness,coverage1,coverage2,coverage3
9.053585,1.7578125,53.710938,12.6953125
