max_fitness,coverage1,coverage2,coverage3
4.320311,0.5859375,4.8828125,2.0507812
