max_fitness,coverage1,coverage2,coverage3
3.4867678,0.78125,9.277344,21.484375
