max_fitness,coverage1,coverage2,coverage3
0.32748547,2.8320312,4.8828125,0.48828125
