max_fitness,coverage1,coverage2,coverage3
2.670287,16.308594,8.3984375,1.953125
