max_fitness,coverage1,coverage2,coverage3
5.6073647,4.0039062,2.9296875,3.0273438
