max_fitness,coverage1,coverage2,coverage3
2.3825593,4.1015625,3.90625,1.8554688
