max_fitness,coverage1,coverage2,coverage3
0.8861414,0.1953125,1.8554688,1.953125
