max_fitness,coverage1,coverage2,coverage3
6.4409995,0.68359375,15.917969,19.433594
