max_fitness,coverage1,coverage2,coverage3
9.455297,0.29296875,2.4414062,2.9296875
