max_fitness,coverage1,coverage2,coverage3
4.030429,0.9765625,54.003906,8.105469
