max_fitness,coverage1,coverage2,coverage3
4.9409313,1.7578125,16.40625,23.925781
