max_fitness,coverage1,coverage2,coverage3
0.30830908,0.68359375,2.9296875,2.0507812
