max_fitness,coverage1,coverage2,coverage3
7.092209,13.671875,6.7382812,4.7851562
