max_fitness,coverage1,coverage2,coverage3
5.824992,0.87890625,36.621094,15.917969
