max_fitness,coverage1,coverage2,coverage3
1.6242452,2.9296875,1.5625,1.3671875
