max_fitness,coverage1,coverage2,coverage3
6.534504,1.6601562,16.210938,13.574219
