max_fitness,coverage1,coverage2,coverage3
3.5829196,0.87890625,57.617188,9.277344
