max_fitness,coverage1,coverage2,coverage3
3.9432917,10.839844,34.765625,4.296875
