max_fitness,coverage1,coverage2,coverage3
1.7996179,11.328125,36.132812,6.7382812
