max_fitness,coverage1,coverage2,coverage3
0.53280115,0.48828125,4.8828125,2.1484375
