max_fitness,coverage1,coverage2,coverage3
2.3557053,1.0742188,7.421875,8.300781
