max_fitness,coverage1,coverage2,coverage3
10.473253,10.839844,10.839844,19.335938
