max_fitness,coverage1,coverage2,coverage3
8.848174,0.87890625,57.617188,8.105469
