max_fitness,coverage1,coverage2,coverage3
1.2806554,35.742188,7.03125,5.1757812
