max_fitness,coverage1,coverage2,coverage3
5.9447756,0.68359375,54.785156,6.8359375
