max_fitness,coverage1,coverage2,coverage3
6.62024,4.8828125,3.8085938,3.8085938
