max_fitness,coverage1,coverage2,coverage3
1.5625519,4.296875,3.515625,2.5390625
