max_fitness,coverage1,coverage2,coverage3
3.4228542,12.3046875,35.546875,5.3710938
