max_fitness,coverage1,coverage2,coverage3
3.3810155,0.29296875,2.2460938,2.4414062
