max_fitness,coverage1,coverage2,coverage3
4.7099686,1.7578125,52.734375,5.1757812
