max_fitness,coverage1,coverage2,coverage3
1.2834022,0.78125,17.578125,8.7890625
