max_fitness,coverage1,coverage2,coverage3
4.956785,0.48828125,53.027344,3.6132812
