max_fitness,coverage1,coverage2,coverage3
5.671137,0.68359375,15.917969,13.964844
