max_fitness,coverage1,coverage2,coverage3
5.5215764,0.1953125,4.0039062,2.8320312
