max_fitness,coverage1,coverage2,coverage3
1.2917641,22.851562,10.546875,4.3945312
