max_fitness,coverage1,coverage2,coverage3
1.1849079,41.210938,9.277344,2.4414062
