max_fitness,coverage1,coverage2,coverage3
1.4885854,0.87890625,33.398438,9.9609375
