max_fitness,coverage1,coverage2,coverage3
4.787184,0.68359375,57.32422,10.253906
