max_fitness,coverage1,coverage2,coverage3
2.5335047,0.78125,18.652344,7.3242188
