max_fitness,coverage1,coverage2,coverage3
2.238705,0.390625,1.8554688,2.1484375
