max_fitness,coverage1,coverage2,coverage3
3.9311445,2.4414062,16.699219,18.652344
