max_fitness,coverage1,coverage2,coverage3
8.393914,0.78125,17.578125,18.945312
