max_fitness,coverage1,coverage2,coverage3
3.7181008,0.78125,35.058594,5.7617188
