max_fitness,coverage1,coverage2,coverage3
3.845638,0.9765625,54.003906,11.328125
