max_fitness,coverage1,coverage2,coverage3
3.7629132,15.234375,8.7890625,2.5390625
