max_fitness,coverage1,coverage2,coverage3
1.9873928,17.480469,8.0078125,5.078125
