max_fitness,coverage1,coverage2,coverage3
2.5891838,2.734375,4.8828125,3.125
