max_fitness,coverage1,coverage2,coverage3
2.347396,2.5390625,1.3671875,2.4414062
