max_fitness,coverage1,coverage2,coverage3
4.3579583,0.68359375,15.917969,5.9570312
