max_fitness,coverage1,coverage2,coverage3
3.5044777,0.9765625,38.57422,14.355469
