max_fitness,coverage1,coverage2,coverage3
4.0912957,1.3671875,56.25,11.816406
