max_fitness,coverage1,coverage2,coverage3
3.9974663,0.78125,58.88672,5.6640625
