max_fitness,coverage1,coverage2,coverage3
3.2651453,3.8085938,2.5390625,2.734375
