max_fitness,coverage1,coverage2,coverage3
5.9380975,10.058594,8.984375,11.9140625
