max_fitness,coverage1,coverage2,coverage3
6.709851,0.9765625,16.699219,14.550781
