max_fitness,coverage1,coverage2,coverage3
-12.946141,2.8320312,4.8828125,1.3671875
