max_fitness,coverage1,coverage2,coverage3
4.3588176,4.4921875,3.90625,1.6601562
