max_fitness,coverage1,coverage2,coverage3
4.3976192,0.09765625,4.8828125,2.734375
