max_fitness,coverage1,coverage2,coverage3
2.2397394,4.296875,3.515625,1.8554688
