max_fitness,coverage1,coverage2,coverage3
5.8581457,0.68359375,15.8203125,11.1328125
