max_fitness,coverage1,coverage2,coverage3
9.05911,13.671875,6.7382812,4.4921875
