max_fitness,coverage1,coverage2,coverage3
3.4776907,4.8828125,2.9296875,3.4179688
