max_fitness,coverage1,coverage2,coverage3
4.7099686,0.68359375,2.9296875,1.953125
