max_fitness,coverage1,coverage2,coverage3
4.1516914,4.1992188,1.953125,1.7578125
