max_fitness,coverage1,coverage2,coverage3
2.0241902,12.792969,37.01172,7.6171875
