max_fitness,coverage1,coverage2,coverage3
3.2676063,0.87890625,11.71875,20.214844
