max_fitness,coverage1,coverage2,coverage3
4.8123198,0.5859375,10.449219,12.011719
