max_fitness,coverage1,coverage2,coverage3
7.5381937,17.1875,7.7148438,4.6875
