max_fitness,coverage1,coverage2,coverage3
1.0972681,0.1953125,1.5625,1.8554688
