max_fitness,coverage1,coverage2,coverage3
0.12628931,4.8828125,2.9296875,1.953125
