max_fitness,coverage1,coverage2,coverage3
6.7078085,0.390625,4.8828125,4.3945312
