max_fitness,coverage1,coverage2,coverage3
1.9693588,0.5859375,57.421875,5.46875
