max_fitness,coverage1,coverage2,coverage3
4.6769547,2.4414062,16.699219,21.875
