max_fitness,coverage1,coverage2,coverage3
6.379654,12.792969,37.01172,3.90625
