max_fitness,coverage1,coverage2,coverage3
3.8394175,1.171875,36.621094,8.3984375
