max_fitness,coverage1,coverage2,coverage3
6.5315423,0.68359375,15.8203125,16.601562
