max_fitness,coverage1,coverage2,coverage3
2.51045,0.1953125,3.515625,3.7109375
