max_fitness,coverage1,coverage2,coverage3
4.537894,0.78125,52.34375,6.5429688
