max_fitness,coverage1,coverage2,coverage3
8.809565,0.09765625,3.0273438,2.6367188
