max_fitness,coverage1,coverage2,coverage3
4.3916245,4.8828125,1.8554688,1.3671875
