max_fitness,coverage1,coverage2,coverage3
3.0610595,0.1953125,2.6367188,3.4179688
