max_fitness,coverage1,coverage2,coverage3
1.9735848,0.9765625,38.57422,10.3515625
