max_fitness,coverage1,coverage2,coverage3
0.33260357,4.8828125,1.953125,0.5859375
