max_fitness,coverage1,coverage2,coverage3
2.2751539,0.29296875,3.125,4.0039062
