max_fitness,coverage1,coverage2,coverage3
-2.9459405,3.0273438,4.8828125,2.8320312
