max_fitness,coverage1,coverage2,coverage3
0.48710644,2.1484375,1.4648438,2.734375
