max_fitness,coverage1,coverage2,coverage3
5.1872516,4.0039062,3.3203125,2.5390625
