max_fitness,coverage1,coverage2,coverage3
-1.4293083,0.29296875,4.8828125,3.7109375
