max_fitness,coverage1,coverage2,coverage3
2.3166857,0.09765625,1.7578125,2.6367188
