max_fitness,coverage1,coverage2,coverage3
4.7908506,1.3671875,56.25,4.5898438
