max_fitness,coverage1,coverage2,coverage3
1.1472839,2.5390625,1.3671875,1.4648438
