max_fitness,coverage1,coverage2,coverage3
0.35947317,4.1992188,1.953125,3.4179688
