max_fitness,coverage1,coverage2,coverage3
4.2584143,0.9765625,54.003906,6.1523438
