max_fitness,coverage1,coverage2,coverage3
1.8542575,5.3710938,3.6132812,2.734375
