max_fitness,coverage1,coverage2,coverage3
5.255494,0.390625,4.8828125,1.4648438
