max_fitness,coverage1,coverage2,coverage3
3.4972582,2.734375,4.8828125,3.7109375
