max_fitness,coverage1,coverage2,coverage3
4.481924,14.84375,37.695312,6.9335938
