max_fitness,coverage1,coverage2,coverage3
4.8959603,1.5625,15.722656,12.597656
