max_fitness,coverage1,coverage2,coverage3
3.0323923,12.207031,38.671875,10.058594
