max_fitness,coverage1,coverage2,coverage3
6.257586,0.48828125,1.953125,1.8554688
