max_fitness,coverage1,coverage2,coverage3
2.4367177,0.87890625,36.621094,4.0039062
