max_fitness,coverage1,coverage2,coverage3
6.9492283,0.1953125,2.8320312,3.4179688
