max_fitness,coverage1,coverage2,coverage3
1.5544604,9.863281,9.667969,13.28125
