max_fitness,coverage1,coverage2,coverage3
-11.154316,0.29296875,3.90625,2.9296875
