max_fitness,coverage1,coverage2,coverage3
3.6316445,2.1484375,16.699219,17.285156
