max_fitness,coverage1,coverage2,coverage3
3.94391,1.0742188,39.257812,11.9140625
