max_fitness,coverage1,coverage2,coverage3
5.6456394,1.8554688,11.71875,19.824219
