max_fitness,coverage1,coverage2,coverage3
7.9101486,1.2695312,15.332031,29.101562
