max_fitness,coverage1,coverage2,coverage3
3.2013795,1.3671875,16.015625,11.71875
