max_fitness,coverage1,coverage2,coverage3
-3.2269886,4.8828125,1.953125,2.4414062
