max_fitness,coverage1,coverage2,coverage3
1.675904,11.425781,10.9375,14.550781
