max_fitness,coverage1,coverage2,coverage3
3.7661822,0.68359375,10.546875,25.292969
