max_fitness,coverage1,coverage2,coverage3
0.44850096,2.5390625,1.171875,0.390625
