max_fitness,coverage1,coverage2,coverage3
6.0055213,1.6601562,16.210938,19.53125
