max_fitness,coverage1,coverage2,coverage3
6.5353436,0.78125,15.4296875,18.066406
