max_fitness,coverage1,coverage2,coverage3
1.5030915,10.9375,8.59375,14.355469
