max_fitness,coverage1,coverage2,coverage3
3.264956,17.1875,7.7148438,2.2460938
