max_fitness,coverage1,coverage2,coverage3
6.4154096,0.390625,2.8320312,3.0273438
