max_fitness,coverage1,coverage2,coverage3
4.03774,12.109375,37.20703,7.5195312
