max_fitness,coverage1,coverage2,coverage3
4.8989124,1.171875,18.164062,16.894531
