max_fitness,coverage1,coverage2,coverage3
5.555058,0.9765625,38.57422,12.890625
