max_fitness,coverage1,coverage2,coverage3
3.2693675,2.8320312,4.8828125,1.0742188
