max_fitness,coverage1,coverage2,coverage3
3.6731246,1.0742188,51.26953,13.769531
