max_fitness,coverage1,coverage2,coverage3
2.2237191,0.78125,35.44922,10.449219
