max_fitness,coverage1,coverage2,coverage3
5.384904,0.78125,18.554688,15.234375
