max_fitness,coverage1,coverage2,coverage3
-0.31202048,0.1953125,1.8554688,1.0742188
