max_fitness,coverage1,coverage2,coverage3
0.9783701,12.3046875,35.546875,5.7617188
