max_fitness,coverage1,coverage2,coverage3
1.7905943,14.2578125,6.9335938,3.6132812
