max_fitness,coverage1,coverage2,coverage3
2.6472106,4.0039062,3.6132812,2.6367188
