max_fitness,coverage1,coverage2,coverage3
1.6464802,33.789062,8.3984375,5.2734375
