max_fitness,coverage1,coverage2,coverage3
2.7519584,4.1015625,4.1015625,2.34375
