max_fitness,coverage1,coverage2,coverage3
2.4980335,0.78125,35.44922,12.207031
