max_fitness,coverage1,coverage2,coverage3
1.2603592,10.839844,34.765625,5.46875
