max_fitness,coverage1,coverage2,coverage3
0.116978884,4.8828125,3.4179688,1.4648438
