max_fitness,coverage1,coverage2,coverage3
4.0538116,0.1953125,2.8320312,4.1015625
