max_fitness,coverage1,coverage2,coverage3
5.7713847,0.87890625,36.621094,13.28125
