max_fitness,coverage1,coverage2,coverage3
-11.157208,0.390625,4.8828125,3.2226562
