max_fitness,coverage1,coverage2,coverage3
3.4168844,4.8828125,2.6367188,2.4414062
