max_fitness,coverage1,coverage2,coverage3
4.2246103,1.2695312,15.332031,18.261719
