max_fitness,coverage1,coverage2,coverage3
5.4780545,0.78125,58.88672,6.3476562
