max_fitness,coverage1,coverage2,coverage3
4.7323647,12.109375,37.20703,13.378906
