max_fitness,coverage1,coverage2,coverage3
8.716382,10.15625,11.035156,11.9140625
