max_fitness,coverage1,coverage2,coverage3
4.7896442,30.957031,10.15625,8.7890625
