max_fitness,coverage1,coverage2,coverage3
-1.489722,0.1953125,1.8554688,4.0039062
