max_fitness,coverage1,coverage2,coverage3
1.6976228,2.5390625,1.171875,1.0742188
