max_fitness,coverage1,coverage2,coverage3
5.148439,4.8828125,2.6367188,3.125
