max_fitness,coverage1,coverage2,coverage3
4.184277,12.207031,38.671875,7.5195312
