max_fitness,coverage1,coverage2,coverage3
-1.5456976,2.6367188,1.6601562,3.4179688
