max_fitness,coverage1,coverage2,coverage3
2.1216123,17.480469,8.0078125,4.296875
