max_fitness,coverage1,coverage2,coverage3
4.7063217,1.7578125,52.734375,8.59375
