max_fitness,coverage1,coverage2,coverage3
1.1062541,4.8828125,1.8554688,1.0742188
