max_fitness,coverage1,coverage2,coverage3
2.9885514,0.48828125,4.8828125,1.8554688
