max_fitness,coverage1,coverage2,coverage3
3.4813414,0.87890625,11.5234375,19.042969
