max_fitness,coverage1,coverage2,coverage3
-3.420213,0.29296875,2.4414062,1.8554688
