max_fitness,coverage1,coverage2,coverage3
5.377447,1.7578125,52.734375,13.769531
