max_fitness,coverage1,coverage2,coverage3
4.402908,0.78125,11.71875,17.089844
