max_fitness,coverage1,coverage2,coverage3
5.997448,4.8828125,1.2695312,2.0507812
