max_fitness,coverage1,coverage2,coverage3
-1.5888051,0.390625,4.8828125,4.1992188
