max_fitness,coverage1,coverage2,coverage3
1.5417886,4.1015625,4.1015625,1.8554688
