max_fitness,coverage1,coverage2,coverage3
3.135983,0.78125,18.652344,15.234375
