max_fitness,coverage1,coverage2,coverage3
1.1848963,3.125,1.3671875,0.87890625
