max_fitness,coverage1,coverage2,coverage3
9.001017,0.68359375,54.785156,7.8125
