max_fitness,coverage1,coverage2,coverage3
1.9191912,33.789062,8.3984375,6.25
