max_fitness,coverage1,coverage2,coverage3
3.3113346,0.87890625,36.621094,7.2265625
