max_fitness,coverage1,coverage2,coverage3
0.9289393,12.207031,38.671875,4.6875
