max_fitness,coverage1,coverage2,coverage3
9.764918,35.64453,8.886719,9.5703125
