max_fitness,coverage1,coverage2,coverage3
3.199046,0.390625,3.515625,2.9296875
