max_fitness,coverage1,coverage2,coverage3
9.838224,1.171875,53.90625,19.53125
