max_fitness,coverage1,coverage2,coverage3
4.970873,0.87890625,11.71875,21.972656
