max_fitness,coverage1,coverage2,coverage3
4.8110714,4.8828125,1.953125,2.6367188
