max_fitness,coverage1,coverage2,coverage3
-1.0487978,2.9296875,1.5625,1.171875
