max_fitness,coverage1,coverage2,coverage3
5.812305,16.308594,8.3984375,7.1289062
