max_fitness,coverage1,coverage2,coverage3
0.47417066,4.1015625,3.8085938,1.5625
