max_fitness,coverage1,coverage2,coverage3
2.8242254,10.3515625,8.984375,7.1289062
