max_fitness,coverage1,coverage2,coverage3
2.9760451,12.109375,37.20703,5.859375
