max_fitness,coverage1,coverage2,coverage3
0.18886034,2.8320312,4.8828125,0.9765625
