max_fitness,coverage1,coverage2,coverage3
2.0540397,0.68359375,2.5390625,3.0273438
