max_fitness,coverage1,coverage2,coverage3
6.5481343,0.68359375,15.917969,15.234375
