max_fitness,coverage1,coverage2,coverage3
4.3577943,3.0273438,4.8828125,3.2226562
