max_fitness,coverage1,coverage2,coverage3
2.4254935,10.839844,34.765625,8.3984375
