max_fitness,coverage1,coverage2,coverage3
1.8443145,0.09765625,0.9765625,3.4179688
