max_fitness,coverage1,coverage2,coverage3
5.5443287,10.839844,9.9609375,11.621094
