max_fitness,coverage1,coverage2,coverage3
6.709851,0.68359375,57.32422,8.7890625
