max_fitness,coverage1,coverage2,coverage3
3.2331202,0.9765625,8.7890625,19.140625
