max_fitness,coverage1,coverage2,coverage3
10.574609,2.2460938,15.8203125,28.320312
