max_fitness,coverage1,coverage2,coverage3
1.9011908,12.597656,35.253906,9.375
