max_fitness,coverage1,coverage2,coverage3
4.63051,0.1953125,3.515625,2.9296875
