max_fitness,coverage1,coverage2,coverage3
6.3574295,0.78125,18.554688,23.925781
