max_fitness,coverage1,coverage2,coverage3
4.4788704,5.3710938,3.6132812,3.4179688
