max_fitness,coverage1,coverage2,coverage3
4.6661687,10.3515625,8.984375,11.230469
