max_fitness,coverage1,coverage2,coverage3
4.4634585,4.8828125,3.125,1.8554688
