max_fitness,coverage1,coverage2,coverage3
0.22834122,4.8828125,3.4179688,1.4648438
