max_fitness,coverage1,coverage2,coverage3
2.3398821,10.3515625,8.984375,14.941406
