max_fitness,coverage1,coverage2,coverage3
1.1086038,5.3710938,3.6132812,3.2226562
