max_fitness,coverage1,coverage2,coverage3
2.567865,0.29296875,2.2460938,3.125
