max_fitness,coverage1,coverage2,coverage3
4.3266015,2.4414062,16.699219,28.515625
