max_fitness,coverage1,coverage2,coverage3
1.4637911,10.15625,11.035156,12.6953125
