max_fitness,coverage1,coverage2,coverage3
0.6974693,0.1953125,2.6367188,2.734375
