max_fitness,coverage1,coverage2,coverage3
1.701898,12.207031,38.671875,3.4179688
