max_fitness,coverage1,coverage2,coverage3
3.6377294,12.207031,38.671875,8.7890625
