max_fitness,coverage1,coverage2,coverage3
5.472603,0.68359375,54.785156,9.667969
