max_fitness,coverage1,coverage2,coverage3
10.497575,1.7578125,53.710938,15.917969
