max_fitness,coverage1,coverage2,coverage3
5.2684793,14.84375,37.695312,9.5703125
