max_fitness,coverage1,coverage2,coverage3
5.9526563,1.0742188,39.257812,14.2578125
