max_fitness,coverage1,coverage2,coverage3
-0.5168036,0.09765625,4.8828125,0.5859375
