max_fitness,coverage1,coverage2,coverage3
2.7275157,0.09765625,2.6367188,1.8554688
