max_fitness,coverage1,coverage2,coverage3
2.7436395,0.390625,1.8554688,2.34375
