max_fitness,coverage1,coverage2,coverage3
1.2197675,0.390625,3.2226562,2.1484375
