max_fitness,coverage1,coverage2,coverage3
-1.5757596,4.8828125,2.9296875,4.0039062
