max_fitness,coverage1,coverage2,coverage3
1.960891,0.78125,11.71875,17.773438
