max_fitness,coverage1,coverage2,coverage3
0.028215403,0.1953125,3.125,1.171875
