max_fitness,coverage1,coverage2,coverage3
7.7722244,4.8828125,1.7578125,3.7109375
