max_fitness,coverage1,coverage2,coverage3
1.3794562,3.3203125,1.8554688,1.171875
