max_fitness,coverage1,coverage2,coverage3
3.01715,0.78125,36.621094,9.765625
