max_fitness,coverage1,coverage2,coverage3
3.850313,0.87890625,33.398438,8.203125
