max_fitness,coverage1,coverage2,coverage3
6.709851,0.1953125,4.0039062,2.9296875
