max_fitness,coverage1,coverage2,coverage3
-13.001359,2.4414062,1.6601562,2.5390625
