max_fitness,coverage1,coverage2,coverage3
0.74806905,0.5859375,4.8828125,1.3671875
