max_fitness,coverage1,coverage2,coverage3
3.1376224,10.839844,9.9609375,14.0625
