max_fitness,coverage1,coverage2,coverage3
8.460317,1.0742188,7.421875,33.203125
