max_fitness,coverage1,coverage2,coverage3
2.5389056,0.87890625,33.398438,11.816406
