max_fitness,coverage1,coverage2,coverage3
4.6902647,0.5859375,2.9296875,1.8554688
