max_fitness,coverage1,coverage2,coverage3
1.6242452,35.64453,8.886719,5.3710938
