max_fitness,coverage1,coverage2,coverage3
0.8033535,4.5898438,3.3203125,2.2460938
