max_fitness,coverage1,coverage2,coverage3
1.3918195,4.0039062,2.9296875,3.2226562
