max_fitness,coverage1,coverage2,coverage3
2.6968322,11.328125,36.132812,7.421875
