max_fitness,coverage1,coverage2,coverage3
6.0762687,35.742188,7.03125,5.859375
