max_fitness,coverage1,coverage2,coverage3
3.0208483,11.425781,10.9375,16.40625
