max_fitness,coverage1,coverage2,coverage3
4.842544,0.78125,55.078125,3.515625
