max_fitness,coverage1,coverage2,coverage3
3.6250737,0.48828125,1.953125,0.9765625
