max_fitness,coverage1,coverage2,coverage3
-1.4897417,2.4414062,1.6601562,3.0273438
