max_fitness,coverage1,coverage2,coverage3
3.5283856,9.863281,9.667969,8.3984375
