max_fitness,coverage1,coverage2,coverage3
3.5256324,0.09765625,4.8828125,0.68359375
