max_fitness,coverage1,coverage2,coverage3
2.241719,0.1953125,2.8320312,4.1992188
