max_fitness,coverage1,coverage2,coverage3
5.9447756,0.1953125,4.8828125,1.7578125
