max_fitness,coverage1,coverage2,coverage3
2.6678367,0.29296875,3.125,2.8320312
