max_fitness,coverage1,coverage2,coverage3
4.448273,0.87890625,11.71875,10.7421875
