max_fitness,coverage1,coverage2,coverage3
0.08451039,4.8828125,0.9765625,1.2695312
