max_fitness,coverage1,coverage2,coverage3
1.4012728,1.6601562,4.8828125,1.2695312
