max_fitness,coverage1,coverage2,coverage3
-0.08689971,4.0039062,3.6132812,2.5390625
