max_fitness,coverage1,coverage2,coverage3
5.9821014,11.425781,10.9375,17.480469
