max_fitness,coverage1,coverage2,coverage3
2.7390475,0.5859375,56.25,8.203125
