max_fitness,coverage1,coverage2,coverage3
4.9781623,0.68359375,57.32422,8.300781
