max_fitness,coverage1,coverage2,coverage3
0.5853696,4.296875,3.515625,1.953125
