max_fitness,coverage1,coverage2,coverage3
-10.44836,0.1953125,3.2226562,2.2460938
