max_fitness,coverage1,coverage2,coverage3
2.635746,0.87890625,11.71875,13.574219
