max_fitness,coverage1,coverage2,coverage3
1.042498,0.87890625,35.839844,7.2265625
