max_fitness,coverage1,coverage2,coverage3
0.5564406,0.29296875,3.90625,1.3671875
