max_fitness,coverage1,coverage2,coverage3
1.2848853,4.1992188,3.7109375,1.3671875
