max_fitness,coverage1,coverage2,coverage3
2.711213,0.68359375,2.9296875,2.34375
