max_fitness,coverage1,coverage2,coverage3
4.2977524,0.1953125,4.0039062,3.6132812
