max_fitness,coverage1,coverage2,coverage3
0.42286536,2.1484375,1.4648438,0.87890625
