max_fitness,coverage1,coverage2,coverage3
0.8100667,10.3515625,8.984375,8.0078125
