max_fitness,coverage1,coverage2,coverage3
1.8541515,4.0039062,2.9296875,3.125
