max_fitness,coverage1,coverage2,coverage3
-0.114296444,4.8828125,0.87890625,1.171875
