max_fitness,coverage1,coverage2,coverage3
-1.4392093,2.5390625,1.3671875,3.8085938
