max_fitness,coverage1,coverage2,coverage3
3.3810155,1.3671875,12.207031,24.414062
