max_fitness,coverage1,coverage2,coverage3
3.8353002,29.003906,9.5703125,9.472656
