max_fitness,coverage1,coverage2,coverage3
2.7756238,4.0039062,2.9296875,3.4179688
