max_fitness,coverage1,coverage2,coverage3
-9.849663,4.8828125,1.953125,2.734375
