max_fitness,coverage1,coverage2,coverage3
1.7629347,9.1796875,10.3515625,13.8671875
