max_fitness,coverage1,coverage2,coverage3
6.110896,0.68359375,54.785156,4.9804688
