max_fitness,coverage1,coverage2,coverage3
5.9821014,12.207031,38.671875,9.9609375
