max_fitness,coverage1,coverage2,coverage3
-1.6105907,0.09765625,1.5625,3.6132812
