max_fitness,coverage1,coverage2,coverage3
2.4044702,0.1953125,3.125,1.953125
