max_fitness,coverage1,coverage2,coverage3
1.3863528,0.87890625,36.621094,8.496094
