max_fitness,coverage1,coverage2,coverage3
1.8877671,4.296875,3.515625,2.4414062
