max_fitness,coverage1,coverage2,coverage3
4.5287986,0.78125,18.652344,6.7382812
