max_fitness,coverage1,coverage2,coverage3
1.5533328,10.839844,9.9609375,14.84375
