max_fitness,coverage1,coverage2,coverage3
7.5267234,1.0742188,53.320312,10.058594
