max_fitness,coverage1,coverage2,coverage3
2.7760224,0.1953125,3.125,2.2460938
