max_fitness,coverage1,coverage2,coverage3
4.197355,1.3671875,16.015625,22.558594
