max_fitness,coverage1,coverage2,coverage3
1.776474,0.78125,35.44922,7.6171875
