max_fitness,coverage1,coverage2,coverage3
3.6294594,1.7578125,16.40625,11.230469
