max_fitness,coverage1,coverage2,coverage3
-3.0222445,4.8828125,1.953125,1.2695312
