max_fitness,coverage1,coverage2,coverage3
0.159031,2.6367188,1.6601562,1.171875
