max_fitness,coverage1,coverage2,coverage3
1.7981036,12.207031,38.671875,7.3242188
