max_fitness,coverage1,coverage2,coverage3
1.2454324,0.1953125,2.6367188,2.5390625
