max_fitness,coverage1,coverage2,coverage3
4.1399274,2.4414062,16.699219,14.355469
