max_fitness,coverage1,coverage2,coverage3
0.7139524,1.6601562,4.8828125,2.8320312
