max_fitness,coverage1,coverage2,coverage3
4.1348214,0.68359375,2.9296875,2.5390625
