max_fitness,coverage1,coverage2,coverage3
-0.15640819,4.8828125,3.4179688,2.9296875
