max_fitness,coverage1,coverage2,coverage3
2.057968,4.8828125,3.4179688,2.6367188
