max_fitness,coverage1,coverage2,coverage3
4.022839,11.230469,34.960938,6.3476562
