max_fitness,coverage1,coverage2,coverage3
1.8568814,34.570312,10.839844,7.3242188
