max_fitness,coverage1,coverage2,coverage3
-1.4381596,0.68359375,2.5390625,3.3203125
