max_fitness,coverage1,coverage2,coverage3
2.6235676,0.68359375,15.917969,8.496094
