max_fitness,coverage1,coverage2,coverage3
2.9078774,0.5859375,57.32422,3.125
