max_fitness,coverage1,coverage2,coverage3
3.357139,0.9765625,36.035156,6.1523438
