max_fitness,coverage1,coverage2,coverage3
2.5091178,0.78125,35.058594,10.3515625
