max_fitness,coverage1,coverage2,coverage3
0.6234366,4.8828125,1.953125,0.68359375
