max_fitness,coverage1,coverage2,coverage3
5.3420362,10.9375,8.59375,12.011719
