max_fitness,coverage1,coverage2,coverage3
0.54681784,4.8828125,2.8320312,1.5625
