max_fitness,coverage1,coverage2,coverage3
1.8047128,0.1953125,1.8554688,3.0273438
