max_fitness,coverage1,coverage2,coverage3
5.82119,0.5859375,57.32422,10.449219
