max_fitness,coverage1,coverage2,coverage3
8.365746,4.8828125,3.4179688,3.6132812
