max_fitness,coverage1,coverage2,coverage3
0.40709993,4.8828125,0.78125,2.0507812
