max_fitness,coverage1,coverage2,coverage3
7.164013,10.839844,34.765625,7.7148438
