max_fitness,coverage1,coverage2,coverage3
3.3117006,0.78125,18.554688,16.015625
