max_fitness,coverage1,coverage2,coverage3
9.073084,0.09765625,0.9765625,2.4414062
