max_fitness,coverage1,coverage2,coverage3
7.137177,1.7578125,16.40625,20.898438
