max_fitness,coverage1,coverage2,coverage3
4.580315,1.3671875,16.015625,13.0859375
