max_fitness,coverage1,coverage2,coverage3
1.6799614,1.2695312,15.332031,20.410156
