max_fitness,coverage1,coverage2,coverage3
4.086679,10.15625,11.035156,12.011719
