max_fitness,coverage1,coverage2,coverage3
8.365746,16.308594,8.3984375,6.5429688
