max_fitness,coverage1,coverage2,coverage3
2.320603,0.9765625,36.035156,6.9335938
