max_fitness,coverage1,coverage2,coverage3
1.9397322,3.0273438,4.8828125,0.9765625
