max_fitness,coverage1,coverage2,coverage3
2.7177374,34.375,6.9335938,2.9296875
