max_fitness,coverage1,coverage2,coverage3
1.0655372,4.4921875,3.90625,1.6601562
