max_fitness,coverage1,coverage2,coverage3
0.28939492,0.09765625,4.8828125,1.5625
