max_fitness,coverage1,coverage2,coverage3
0.25656226,3.3203125,1.8554688,0.68359375
