max_fitness,coverage1,coverage2,coverage3
6.7078085,1.6601562,9.1796875,34.66797
