max_fitness,coverage1,coverage2,coverage3
3.172608,10.839844,9.9609375,15.234375
