max_fitness,coverage1,coverage2,coverage3
1.0367831,30.957031,10.15625,4.1015625
