max_fitness,coverage1,coverage2,coverage3
3.179011,5.078125,3.90625,2.5390625
