max_fitness,coverage1,coverage2,coverage3
1.8771861,9.863281,9.667969,12.207031
