max_fitness,coverage1,coverage2,coverage3
0.6762275,4.8828125,3.8085938,3.515625
