max_fitness,coverage1,coverage2,coverage3
2.306456,0.390625,4.8828125,3.2226562
