max_fitness,coverage1,coverage2,coverage3
2.314592,0.78125,35.44922,9.082031
