max_fitness,coverage1,coverage2,coverage3
4.131356,0.68359375,2.5390625,2.6367188
