max_fitness,coverage1,coverage2,coverage3
1.6012535,1.171875,36.621094,8.59375
