max_fitness,coverage1,coverage2,coverage3
4.5294695,1.5625,15.722656,25.097656
