max_fitness,coverage1,coverage2,coverage3
0.52725947,3.8085938,2.5390625,2.4414062
