max_fitness,coverage1,coverage2,coverage3
2.479594,10.839844,10.839844,16.699219
