max_fitness,coverage1,coverage2,coverage3
6.62024,15.234375,8.7890625,6.0546875
