max_fitness,coverage1,coverage2,coverage3
6.398291,0.78125,52.34375,6.4453125
