max_fitness,coverage1,coverage2,coverage3
4.853221,0.78125,9.277344,32.910156
