max_fitness,coverage1,coverage2,coverage3
4.481924,10.9375,8.59375,15.8203125
