max_fitness,coverage1,coverage2,coverage3
3.4972582,34.375,6.9335938,8.59375
