max_fitness,coverage1,coverage2,coverage3
6.378554,13.671875,6.7382812,4.1015625
