max_fitness,coverage1,coverage2,coverage3
3.0476859,4.8828125,3.125,3.0273438
