max_fitness,coverage1,coverage2,coverage3
3.086707,1.7578125,53.710938,8.3984375
