max_fitness,coverage1,coverage2,coverage3
6.553039,4.8828125,3.125,1.6601562
