max_fitness,coverage1,coverage2,coverage3
6.0289173,1.8554688,11.71875,20.3125
