max_fitness,coverage1,coverage2,coverage3
3.3172839,0.29296875,3.90625,2.734375
