max_fitness,coverage1,coverage2,coverage3
-0.11726599,3.8085938,2.5390625,3.0273438
