max_fitness,coverage1,coverage2,coverage3
4.141902,1.171875,18.164062,15.917969
