max_fitness,coverage1,coverage2,coverage3
2.608539,0.1953125,2.2460938,3.0273438
