max_fitness,coverage1,coverage2,coverage3
3.01715,0.09765625,4.8828125,3.3203125
