max_fitness,coverage1,coverage2,coverage3
1.8792568,10.058594,8.984375,15.136719
