max_fitness,coverage1,coverage2,coverage3
3.6890461,35.64453,8.886719,8.59375
