max_fitness,coverage1,coverage2,coverage3
6.419813,1.171875,18.164062,12.597656
