max_fitness,coverage1,coverage2,coverage3
4.6326795,1.3671875,54.19922,4.5898438
