max_fitness,coverage1,coverage2,coverage3
2.0461588,4.8828125,3.125,2.4414062
