max_fitness,coverage1,coverage2,coverage3
4.1487985,1.7578125,16.40625,24.316406
