max_fitness,coverage1,coverage2,coverage3
2.7655792,2.1484375,16.699219,17.773438
