max_fitness,coverage1,coverage2,coverage3
1.9396068,1.0742188,7.421875,19.726562
