max_fitness,coverage1,coverage2,coverage3
3.7193918,0.87890625,57.617188,6.640625
