max_fitness,coverage1,coverage2,coverage3
3.6457224,0.78125,18.652344,12.109375
