max_fitness,coverage1,coverage2,coverage3
5.552774,0.78125,52.34375,9.082031
