max_fitness,coverage1,coverage2,coverage3
5.3496885,2.2460938,15.8203125,23.046875
