max_fitness,coverage1,coverage2,coverage3
1.6003511,5.3710938,3.6132812,3.125
