max_fitness,coverage1,coverage2,coverage3
1.4924246,4.8828125,1.8554688,3.7109375
