max_fitness,coverage1,coverage2,coverage3
5.840782,0.78125,35.058594,17.382812
