max_fitness,coverage1,coverage2,coverage3
4.6326795,1.5625,15.722656,14.0625
