max_fitness,coverage1,coverage2,coverage3
1.4420766,4.1992188,1.953125,2.6367188
