max_fitness,coverage1,coverage2,coverage3
0.811744,0.390625,1.8554688,1.6601562
