max_fitness,coverage1,coverage2,coverage3
0.784964,4.8828125,3.6132812,2.0507812
