max_fitness,coverage1,coverage2,coverage3
4.2878556,0.5859375,57.421875,6.4453125
