max_fitness,coverage1,coverage2,coverage3
0.028208055,4.296875,3.515625,3.2226562
