max_fitness,coverage1,coverage2,coverage3
4.62794,0.390625,1.8554688,1.4648438
