max_fitness,coverage1,coverage2,coverage3
4.5130596,0.5859375,57.421875,3.0273438
