max_fitness,coverage1,coverage2,coverage3
5.498639,0.68359375,15.917969,14.355469
