max_fitness,coverage1,coverage2,coverage3
-1.4201719,2.8320312,4.8828125,3.3203125
