max_fitness,coverage1,coverage2,coverage3
1.334379,0.5859375,57.32422,5.1757812
