max_fitness,coverage1,coverage2,coverage3
5.1155267,1.4648438,56.347656,8.886719
