max_fitness,coverage1,coverage2,coverage3
3.2693675,12.597656,35.253906,3.125
