max_fitness,coverage1,coverage2,coverage3
5.699147,0.68359375,10.546875,19.824219
