max_fitness,coverage1,coverage2,coverage3
4.4736695,0.68359375,57.32422,9.667969
