max_fitness,coverage1,coverage2,coverage3
8.512733,2.1484375,13.574219,18.847656
