max_fitness,coverage1,coverage2,coverage3
2.6121588,35.742188,7.03125,7.03125
