max_fitness,coverage1,coverage2,coverage3
2.1262753,0.1953125,3.2226562,2.5390625
