max_fitness,coverage1,coverage2,coverage3
5.790585,0.87890625,11.5234375,32.32422
