max_fitness,coverage1,coverage2,coverage3
4.076715,1.171875,18.164062,7.8125
