max_fitness,coverage1,coverage2,coverage3
8.296831,1.3671875,54.19922,9.667969
