max_fitness,coverage1,coverage2,coverage3
9.056401,2.2460938,15.8203125,19.726562
