max_fitness,coverage1,coverage2,coverage3
4.3683467,9.863281,9.667969,10.15625
