max_fitness,coverage1,coverage2,coverage3
0.60609305,0.48828125,1.953125,0.87890625
