max_fitness,coverage1,coverage2,coverage3
5.193185,0.78125,55.078125,9.667969
