max_fitness,coverage1,coverage2,coverage3
5.3219333,1.3671875,56.25,8.105469
