max_fitness,coverage1,coverage2,coverage3
1.9609171,4.1992188,3.7109375,2.34375
