max_fitness,coverage1,coverage2,coverage3
1.4029989,0.78125,36.621094,4.8828125
