max_fitness,coverage1,coverage2,coverage3
7.66751,0.5859375,57.32422,13.769531
