max_fitness,coverage1,coverage2,coverage3
0.7806118,4.6875,2.8320312,3.2226562
