max_fitness,coverage1,coverage2,coverage3
4.558221,1.0742188,53.320312,6.9335938
