max_fitness,coverage1,coverage2,coverage3
5.72385,0.78125,15.4296875,11.9140625
