max_fitness,coverage1,coverage2,coverage3
2.5105064,0.9765625,8.7890625,22.265625
