max_fitness,coverage1,coverage2,coverage3
2.8803277,20.898438,8.496094,6.7382812
