max_fitness,coverage1,coverage2,coverage3
0.57374823,2.4414062,2.2460938,0.68359375
