max_fitness,coverage1,coverage2,coverage3
0.36433983,4.4921875,3.90625,2.6367188
