max_fitness,coverage1,coverage2,coverage3
3.0404754,1.3671875,56.25,9.765625
