max_fitness,coverage1,coverage2,coverage3
0.41074002,4.4921875,3.90625,2.4414062
