max_fitness,coverage1,coverage2,coverage3
5.9380975,2.5390625,1.171875,2.34375
