max_fitness,coverage1,coverage2,coverage3
5.954404,0.9765625,55.566406,12.109375
