max_fitness,coverage1,coverage2,coverage3
10.574609,17.480469,8.0078125,6.25
