max_fitness,coverage1,coverage2,coverage3
5.4772243,4.8828125,3.3203125,2.4414062
