max_fitness,coverage1,coverage2,coverage3
4.225598,1.4648438,56.347656,12.890625
