max_fitness,coverage1,coverage2,coverage3
4.34382,0.78125,15.4296875,6.0546875
