max_fitness,coverage1,coverage2,coverage3
5.3160605,0.5859375,56.25,9.277344
