max_fitness,coverage1,coverage2,coverage3
2.32915,4.1015625,3.8085938,2.34375
