max_fitness,coverage1,coverage2,coverage3
1.4806865,3.3203125,1.8554688,3.515625
