max_fitness,coverage1,coverage2,coverage3
7.2876096,2.1484375,13.574219,30.078125
