max_fitness,coverage1,coverage2,coverage3
4.355068,0.78125,52.34375,3.515625
