max_fitness,coverage1,coverage2,coverage3
-10.502913,0.29296875,4.8828125,3.4179688
