max_fitness,coverage1,coverage2,coverage3
5.2058516,22.851562,10.546875,6.3476562
