max_fitness,coverage1,coverage2,coverage3
2.8342755,3.125,1.3671875,1.8554688
