max_fitness,coverage1,coverage2,coverage3
9.269472,0.390625,3.515625,3.8085938
