max_fitness,coverage1,coverage2,coverage3
5.1082325,0.78125,58.88672,10.253906
