max_fitness,coverage1,coverage2,coverage3
3.1273212,4.1992188,3.7109375,2.6367188
