max_fitness,coverage1,coverage2,coverage3
6.2206755,12.109375,37.20703,3.515625
