max_fitness,coverage1,coverage2,coverage3
1.0727874,22.851562,10.546875,2.6367188
