max_fitness,coverage1,coverage2,coverage3
5.346208,0.78125,18.554688,20.214844
