max_fitness,coverage1,coverage2,coverage3
4.487362,29.003906,9.5703125,8.59375
