max_fitness,coverage1,coverage2,coverage3
0.37136853,0.29296875,3.125,4.1992188
