max_fitness,coverage1,coverage2,coverage3
4.49553,1.0742188,39.257812,5.078125
