max_fitness,coverage1,coverage2,coverage3
7.4211354,1.3671875,16.015625,25.78125
