max_fitness,coverage1,coverage2,coverage3
1.8226014,34.570312,10.839844,5.7617188
