max_fitness,coverage1,coverage2,coverage3
1.989294,4.0039062,3.6132812,1.6601562
