max_fitness,coverage1,coverage2,coverage3
1.3436168,1.0742188,7.421875,16.699219
