max_fitness,coverage1,coverage2,coverage3
-0.08278299,0.09765625,4.8828125,2.2460938
