max_fitness,coverage1,coverage2,coverage3
5.8007545,0.68359375,10.546875,21.972656
