max_fitness,coverage1,coverage2,coverage3
5.4327974,0.78125,35.44922,12.890625
