max_fitness,coverage1,coverage2,coverage3
4.8703537,1.8554688,11.71875,19.921875
