max_fitness,coverage1,coverage2,coverage3
2.268128,1.0742188,39.257812,8.203125
