max_fitness,coverage1,coverage2,coverage3
4.6988573,10.3515625,8.984375,15.234375
