max_fitness,coverage1,coverage2,coverage3
2.0509076,2.5390625,1.3671875,3.4179688
