max_fitness,coverage1,coverage2,coverage3
2.4463212,0.78125,35.058594,8.886719
