max_fitness,coverage1,coverage2,coverage3
0.8954207,2.6367188,1.6601562,1.2695312
