max_fitness,coverage1,coverage2,coverage3
3.0476859,13.671875,6.7382812,5.6640625
