max_fitness,coverage1,coverage2,coverage3
5.0053263,1.171875,36.621094,14.84375
