max_fitness,coverage1,coverage2,coverage3
-2.849903,2.4414062,1.6601562,2.734375
