max_fitness,coverage1,coverage2,coverage3
-12.391615,2.5390625,1.171875,1.3671875
