max_fitness,coverage1,coverage2,coverage3
2.9039884,0.78125,55.078125,5.859375
