max_fitness,coverage1,coverage2,coverage3
2.3628035,1.171875,36.621094,4.7851562
