max_fitness,coverage1,coverage2,coverage3
4.6173344,0.68359375,10.546875,9.667969
