max_fitness,coverage1,coverage2,coverage3
0.9118285,4.0039062,3.6132812,1.953125
