max_fitness,coverage1,coverage2,coverage3
2.995144,0.5859375,57.32422,9.082031
