max_fitness,coverage1,coverage2,coverage3
5.238113,0.1953125,3.125,2.1484375
