max_fitness,coverage1,coverage2,coverage3
4.918335,1.7578125,53.710938,6.9335938
