max_fitness,coverage1,coverage2,coverage3
0.23416379,2.5390625,1.3671875,1.6601562
