max_fitness,coverage1,coverage2,coverage3
2.3580565,0.390625,4.5898438,2.4414062
