max_fitness,coverage1,coverage2,coverage3
4.7503424,1.3671875,54.19922,7.421875
