max_fitness,coverage1,coverage2,coverage3
6.7078085,5.3710938,3.6132812,3.3203125
