max_fitness,coverage1,coverage2,coverage3
1.1285943,4.1015625,4.1015625,1.3671875
