max_fitness,coverage1,coverage2,coverage3
3.2059853,10.15625,11.035156,5.6640625
