max_fitness,coverage1,coverage2,coverage3
3.5122793,0.78125,15.4296875,13.183594
