max_fitness,coverage1,coverage2,coverage3
-12.52712,2.734375,4.8828125,2.734375
