max_fitness,coverage1,coverage2,coverage3
0.19648062,0.09765625,4.8828125,4.296875
