max_fitness,coverage1,coverage2,coverage3
8.916133,1.6601562,16.210938,27.539062
