max_fitness,coverage1,coverage2,coverage3
8.860369,0.78125,17.578125,13.378906
