max_fitness,coverage1,coverage2,coverage3
-1.4660614,1.6601562,4.8828125,3.125
