max_fitness,coverage1,coverage2,coverage3
3.7682166,4.8828125,3.4179688,3.4179688
