max_fitness,coverage1,coverage2,coverage3
0.38440174,4.1992188,3.7109375,1.4648438
