max_fitness,coverage1,coverage2,coverage3
0.1563999,0.09765625,1.5625,1.5625
