max_fitness,coverage1,coverage2,coverage3
1.8293551,0.09765625,4.8828125,4.1992188
