max_fitness,coverage1,coverage2,coverage3
-1.4875988,4.8828125,1.8554688,2.2460938
