max_fitness,coverage1,coverage2,coverage3
2.268128,1.8554688,11.71875,13.769531
