max_fitness,coverage1,coverage2,coverage3
0.65374875,3.7109375,2.734375,2.2460938
