max_fitness,coverage1,coverage2,coverage3
1.8962623,0.09765625,4.8828125,2.734375
