max_fitness,coverage1,coverage2,coverage3
6.1457815,4.8828125,2.8320312,3.0273438
