max_fitness,coverage1,coverage2,coverage3
1.6550586,2.5390625,1.3671875,2.5390625
