max_fitness,coverage1,coverage2,coverage3
3.3927634,0.78125,55.078125,7.5195312
