max_fitness,coverage1,coverage2,coverage3
2.1587164,0.390625,4.8828125,3.0273438
