max_fitness,coverage1,coverage2,coverage3
0.21167397,0.1953125,2.8320312,3.125
