max_fitness,coverage1,coverage2,coverage3
8.296831,1.5625,15.722656,30.664062
