max_fitness,coverage1,coverage2,coverage3
0.9079543,11.425781,10.9375,8.7890625
