max_fitness,coverage1,coverage2,coverage3
4.692827,0.1953125,2.2460938,3.125
