max_fitness,coverage1,coverage2,coverage3
4.959429,16.308594,8.3984375,3.2226562
