max_fitness,coverage1,coverage2,coverage3
3.6056824,0.5859375,57.421875,2.5390625
