max_fitness,coverage1,coverage2,coverage3
6.922859,2.1484375,16.699219,19.042969
