max_fitness,coverage1,coverage2,coverage3
0.76381737,0.09765625,4.8828125,2.734375
