max_fitness,coverage1,coverage2,coverage3
1.5131607,0.390625,1.8554688,1.5625
