max_fitness,coverage1,coverage2,coverage3
4.671623,1.6601562,16.210938,21.484375
