max_fitness,coverage1,coverage2,coverage3
0.08025642,4.8828125,3.8085938,2.0507812
