max_fitness,coverage1,coverage2,coverage3
1.696055,0.9765625,38.57422,9.472656
