max_fitness,coverage1,coverage2,coverage3
4.7045245,13.574219,36.42578,4.296875
