max_fitness,coverage1,coverage2,coverage3
0.13662499,0.09765625,1.7578125,1.953125
