max_fitness,coverage1,coverage2,coverage3
1.431606,4.1015625,3.90625,2.1484375
