max_fitness,coverage1,coverage2,coverage3
1.2058316,11.230469,34.960938,2.1484375
