max_fitness,coverage1,coverage2,coverage3
0.7976237,2.5390625,1.3671875,3.3203125
