max_fitness,coverage1,coverage2,coverage3
3.599829,1.171875,18.164062,12.988281
