max_fitness,coverage1,coverage2,coverage3
5.6074915,1.7578125,16.40625,33.398438
