max_fitness,coverage1,coverage2,coverage3
-0.036054507,0.48828125,1.953125,0.9765625
