max_fitness,coverage1,coverage2,coverage3
1.8496045,5.078125,3.90625,2.9296875
