max_fitness,coverage1,coverage2,coverage3
2.4535787,0.5859375,57.421875,4.5898438
