max_fitness,coverage1,coverage2,coverage3
-2.49665,3.4179688,4.8828125,2.2460938
