max_fitness,coverage1,coverage2,coverage3
1.6003511,4.8828125,3.3203125,2.734375
