max_fitness,coverage1,coverage2,coverage3
5.574861,10.058594,8.984375,15.917969
