max_fitness,coverage1,coverage2,coverage3
-0.237622,0.390625,2.8320312,3.4179688
