max_fitness,coverage1,coverage2,coverage3
5.954131,0.29296875,2.4414062,3.3203125
