max_fitness,coverage1,coverage2,coverage3
2.8522856,0.390625,3.515625,1.8554688
