max_fitness,coverage1,coverage2,coverage3
2.0461588,13.671875,6.7382812,3.515625
