max_fitness,coverage1,coverage2,coverage3
0.90324175,0.29296875,3.125,3.3203125
