max_fitness,coverage1,coverage2,coverage3
2.40587,4.8828125,1.2695312,2.2460938
