max_fitness,coverage1,coverage2,coverage3
3.3522222,12.207031,38.671875,4.1992188
