max_fitness,coverage1,coverage2,coverage3
0.2704701,4.0039062,2.9296875,2.5390625
