max_fitness,coverage1,coverage2,coverage3
2.1117198,0.5859375,10.449219,18.261719
