max_fitness,coverage1,coverage2,coverage3
3.94391,5.078125,3.90625,3.6132812
