max_fitness,coverage1,coverage2,coverage3
4.234839,0.5859375,10.449219,22.558594
