max_fitness,coverage1,coverage2,coverage3
-10.249008,0.1953125,2.8320312,3.515625
