max_fitness,coverage1,coverage2,coverage3
4.3248534,2.1484375,13.574219,24.804688
