max_fitness,coverage1,coverage2,coverage3
2.4626248,13.574219,7.6171875,4.6875
