max_fitness,coverage1,coverage2,coverage3
2.1262753,0.78125,18.652344,15.625
