max_fitness,coverage1,coverage2,coverage3
1.9013134,36.132812,10.9375,5.3710938
