max_fitness,coverage1,coverage2,coverage3
2.5237534,0.5859375,2.9296875,1.5625
