max_fitness,coverage1,coverage2,coverage3
1.6074755,9.863281,9.667969,13.769531
