max_fitness,coverage1,coverage2,coverage3
2.7070749,0.87890625,18.164062,14.941406
