max_fitness,coverage1,coverage2,coverage3
4.816843,4.8828125,1.7578125,2.6367188
