max_fitness,coverage1,coverage2,coverage3
1.4012728,12.792969,37.01172,3.0273438
