max_fitness,coverage1,coverage2,coverage3
0.011817841,3.0273438,4.8828125,1.5625
