max_fitness,coverage1,coverage2,coverage3
5.6907005,12.597656,35.253906,7.1289062
