max_fitness,coverage1,coverage2,coverage3
0.50052816,0.390625,2.8320312,1.7578125
