max_fitness,coverage1,coverage2,coverage3
-0.34281495,0.29296875,3.90625,3.2226562
