max_fitness,coverage1,coverage2,coverage3
2.3871303,0.78125,36.621094,10.449219
