max_fitness,coverage1,coverage2,coverage3
3.747262,0.48828125,53.027344,9.863281
