max_fitness,coverage1,coverage2,coverage3
7.4886765,0.78125,52.34375,14.2578125
