max_fitness,coverage1,coverage2,coverage3
6.41381,0.48828125,53.027344,8.3984375
