max_fitness,coverage1,coverage2,coverage3
5.049145,4.1015625,4.1015625,2.4414062
