max_fitness,coverage1,coverage2,coverage3
1.7551949,13.574219,36.42578,7.3242188
