max_fitness,coverage1,coverage2,coverage3
-0.7900855,3.0273438,4.8828125,3.7109375
