max_fitness,coverage1,coverage2,coverage3
-0.0043500834,4.1992188,1.953125,3.125
