max_fitness,coverage1,coverage2,coverage3
3.3037467,0.78125,35.058594,11.425781
