max_fitness,coverage1,coverage2,coverage3
0.602134,33.789062,8.3984375,4.4921875
