max_fitness,coverage1,coverage2,coverage3
2.4254935,9.277344,8.7890625,15.4296875
