max_fitness,coverage1,coverage2,coverage3
0.7665078,9.863281,9.667969,7.2265625
