max_fitness,coverage1,coverage2,coverage3
3.9100134,2.1484375,16.699219,22.558594
