max_fitness,coverage1,coverage2,coverage3
4.1348214,1.7578125,52.734375,6.3476562
