max_fitness,coverage1,coverage2,coverage3
1.8787287,0.9765625,8.7890625,17.1875
