max_fitness,coverage1,coverage2,coverage3
3.9331284,17.1875,7.7148438,5.1757812
