max_fitness,coverage1,coverage2,coverage3
2.578913,0.390625,4.8828125,4.1015625
