max_fitness,coverage1,coverage2,coverage3
2.3628309,0.78125,9.277344,12.402344
