max_fitness,coverage1,coverage2,coverage3
2.0081444,0.29296875,2.4414062,3.515625
