max_fitness,coverage1,coverage2,coverage3
5.6907005,2.8320312,4.8828125,2.4414062
