max_fitness,coverage1,coverage2,coverage3
5.2517,0.5859375,57.421875,8.3984375
