max_fitness,coverage1,coverage2,coverage3
1.5024736,4.6875,2.8320312,3.90625
