max_fitness,coverage1,coverage2,coverage3
1.537076,4.8828125,3.8085938,3.6132812
