max_fitness,coverage1,coverage2,coverage3
1.2666904,10.15625,11.035156,7.1289062
