max_fitness,coverage1,coverage2,coverage3
3.9047768,26.269531,10.15625,6.3476562
