max_fitness,coverage1,coverage2,coverage3
6.243494,1.6601562,4.8828125,3.4179688
