max_fitness,coverage1,coverage2,coverage3
3.548792,0.78125,9.277344,27.34375
