max_fitness,coverage1,coverage2,coverage3
2.0405235,4.4921875,3.90625,1.8554688
