max_fitness,coverage1,coverage2,coverage3
3.2573483,0.48828125,53.027344,5.9570312
