max_fitness,coverage1,coverage2,coverage3
3.851799,2.4414062,2.2460938,1.3671875
