max_fitness,coverage1,coverage2,coverage3
3.7682166,14.2578125,6.9335938,4.3945312
