max_fitness,coverage1,coverage2,coverage3
4.4898562,0.68359375,15.917969,5.078125
