max_fitness,coverage1,coverage2,coverage3
8.361951,0.5859375,57.32422,16.601562
