max_fitness,coverage1,coverage2,coverage3
4.280964,0.68359375,15.917969,17.480469
