max_fitness,coverage1,coverage2,coverage3
0.9290535,4.4921875,3.90625,2.2460938
