max_fitness,coverage1,coverage2,coverage3
1.8759134,1.3671875,12.207031,21.582031
