max_fitness,coverage1,coverage2,coverage3
3.4835877,0.48828125,4.8828125,3.0273438
