max_fitness,coverage1,coverage2,coverage3
1.4805223,16.308594,8.3984375,5.859375
