max_fitness,coverage1,coverage2,coverage3
1.7724054,4.8828125,3.8085938,3.2226562
