max_fitness,coverage1,coverage2,coverage3
6.0048847,0.87890625,18.164062,14.160156
