max_fitness,coverage1,coverage2,coverage3
4.8959603,1.3671875,54.19922,4.8828125
