max_fitness,coverage1,coverage2,coverage3
-1.5191445,0.09765625,3.0273438,3.8085938
