max_fitness,coverage1,coverage2,coverage3
0.6742855,4.4921875,3.90625,2.9296875
