max_fitness,coverage1,coverage2,coverage3
3.2426202,1.3671875,16.015625,18.261719
