max_fitness,coverage1,coverage2,coverage3
-11.523341,2.8320312,4.8828125,1.8554688
