max_fitness,coverage1,coverage2,coverage3
4.956785,0.68359375,15.917969,8.496094
