max_fitness,coverage1,coverage2,coverage3
3.0026562,0.29296875,2.2460938,2.2460938
