max_fitness,coverage1,coverage2,coverage3
3.277698,0.87890625,33.398438,13.0859375
