max_fitness,coverage1,coverage2,coverage3
0.9884687,0.78125,11.71875,9.472656
