max_fitness,coverage1,coverage2,coverage3
7.4211354,20.898438,8.496094,6.4453125
