max_fitness,coverage1,coverage2,coverage3
0.6965981,4.0039062,3.3203125,2.2460938
