max_fitness,coverage1,coverage2,coverage3
3.5886958,3.8085938,2.5390625,2.4414062
