max_fitness,coverage1,coverage2,coverage3
1.8309995,0.390625,4.8828125,3.4179688
