max_fitness,coverage1,coverage2,coverage3
9.001017,0.68359375,15.917969,16.210938
