max_fitness,coverage1,coverage2,coverage3
1.6660624,4.8828125,2.734375,4.1992188
