max_fitness,coverage1,coverage2,coverage3
5.997448,29.003906,9.5703125,6.5429688
