max_fitness,coverage1,coverage2,coverage3
0.46493548,0.48828125,4.8828125,2.6367188
