max_fitness,coverage1,coverage2,coverage3
2.0748467,0.9765625,54.003906,9.5703125
