max_fitness,coverage1,coverage2,coverage3
6.513735,12.792969,37.01172,8.7890625
