max_fitness,coverage1,coverage2,coverage3
6.4409995,0.390625,3.4179688,3.2226562
