max_fitness,coverage1,coverage2,coverage3
4.988192,0.78125,11.71875,18.359375
