max_fitness,coverage1,coverage2,coverage3
4.483985,0.87890625,11.5234375,21.972656
