max_fitness,coverage1,coverage2,coverage3
3.4000556,10.058594,8.984375,7.3242188
