max_fitness,coverage1,coverage2,coverage3
1.322332,0.09765625,0.9765625,2.5390625
