max_fitness,coverage1,coverage2,coverage3
1.6174885,0.390625,3.515625,1.953125
