max_fitness,coverage1,coverage2,coverage3
5.42919,0.78125,35.44922,15.722656
