max_fitness,coverage1,coverage2,coverage3
-10.995499,0.09765625,2.6367188,2.1484375
