max_fitness,coverage1,coverage2,coverage3
4.2658277,0.1953125,3.125,2.9296875
