max_fitness,coverage1,coverage2,coverage3
-1.6166537,4.8828125,0.9765625,2.2460938
