max_fitness,coverage1,coverage2,coverage3
6.5462174,13.671875,6.7382812,6.0546875
