max_fitness,coverage1,coverage2,coverage3
4.687281,12.109375,37.20703,9.9609375
