max_fitness,coverage1,coverage2,coverage3
5.2324147,0.78125,15.4296875,13.964844
