max_fitness,coverage1,coverage2,coverage3
5.0618467,1.3671875,56.25,9.863281
