max_fitness,coverage1,coverage2,coverage3
1.4989543,0.5859375,2.9296875,2.34375
