max_fitness,coverage1,coverage2,coverage3
6.354196,0.09765625,2.6367188,1.0742188
