max_fitness,coverage1,coverage2,coverage3
-12.8125515,0.29296875,4.8828125,1.3671875
