max_fitness,coverage1,coverage2,coverage3
1.7629347,1.2695312,1.953125,2.6367188
