max_fitness,coverage1,coverage2,coverage3
5.2258615,1.7578125,52.734375,13.574219
