max_fitness,coverage1,coverage2,coverage3
3.6542873,4.1015625,3.90625,2.2460938
