max_fitness,coverage1,coverage2,coverage3
3.6643505,0.68359375,57.32422,9.9609375
