max_fitness,coverage1,coverage2,coverage3
0.3970289,0.09765625,4.8828125,2.5390625
