max_fitness,coverage1,coverage2,coverage3
1.6550586,34.570312,10.839844,6.4453125
