max_fitness,coverage1,coverage2,coverage3
5.1116476,11.328125,36.132812,8.300781
