max_fitness,coverage1,coverage2,coverage3
5.8581457,0.78125,55.078125,6.9335938
