max_fitness,coverage1,coverage2,coverage3
3.5998297,2.1484375,1.4648438,3.125
