max_fitness,coverage1,coverage2,coverage3
6.525665,35.64453,8.886719,3.515625
