max_fitness,coverage1,coverage2,coverage3
5.965096,13.574219,36.42578,7.8125
