max_fitness,coverage1,coverage2,coverage3
5.6230407,3.0273438,4.8828125,3.6132812
