max_fitness,coverage1,coverage2,coverage3
5.4132843,1.0742188,51.26953,9.472656
