max_fitness,coverage1,coverage2,coverage3
9.379107,0.09765625,3.0273438,3.4179688
