max_fitness,coverage1,coverage2,coverage3
3.2753408,0.87890625,18.164062,15.917969
