max_fitness,coverage1,coverage2,coverage3
2.057968,14.2578125,6.9335938,3.7109375
