max_fitness,coverage1,coverage2,coverage3
2.7416267,1.7578125,53.710938,9.082031
