max_fitness,coverage1,coverage2,coverage3
3.8326123,0.5859375,56.25,5.859375
