max_fitness,coverage1,coverage2,coverage3
2.1572163,0.78125,36.621094,12.3046875
