max_fitness,coverage1,coverage2,coverage3
3.830149,0.68359375,10.546875,13.964844
