max_fitness,coverage1,coverage2,coverage3
6.284415,0.9765625,54.003906,7.6171875
