max_fitness,coverage1,coverage2,coverage3
4.567958,0.78125,18.554688,6.4453125
