max_fitness,coverage1,coverage2,coverage3
2.3563025,1.6601562,4.8828125,3.3203125
