max_fitness,coverage1,coverage2,coverage3
7.9762764,4.0039062,3.6132812,2.34375
