max_fitness,coverage1,coverage2,coverage3
4.4634585,13.671875,6.7382812,2.34375
