max_fitness,coverage1,coverage2,coverage3
0.90899974,26.269531,10.15625,4.7851562
