max_fitness,coverage1,coverage2,coverage3
8.713349,36.132812,10.9375,7.1289062
