max_fitness,coverage1,coverage2,coverage3
3.5542352,0.78125,17.578125,7.1289062
