max_fitness,coverage1,coverage2,coverage3
6.533213,10.15625,11.035156,18.066406
