max_fitness,coverage1,coverage2,coverage3
5.7122602,1.3671875,54.19922,7.03125
