max_fitness,coverage1,coverage2,coverage3
1.443982,0.68359375,2.5390625,2.1484375
