max_fitness,coverage1,coverage2,coverage3
4.7695227,41.210938,9.277344,5.5664062
