max_fitness,coverage1,coverage2,coverage3
3.6381123,10.9375,8.59375,7.2265625
