max_fitness,coverage1,coverage2,coverage3
-1.1610172,4.8828125,1.7578125,3.3203125
