max_fitness,coverage1,coverage2,coverage3
1.4252801,11.230469,34.960938,6.9335938
