max_fitness,coverage1,coverage2,coverage3
6.584139,0.78125,55.078125,10.9375
