max_fitness,coverage1,coverage2,coverage3
0.9868952,4.1015625,3.8085938,3.125
