max_fitness,coverage1,coverage2,coverage3
3.2224681,0.87890625,33.398438,15.234375
