max_fitness,coverage1,coverage2,coverage3
4.855749,2.4414062,1.6601562,3.2226562
