max_fitness,coverage1,coverage2,coverage3
10.473253,2.9296875,1.5625,2.6367188
