max_fitness,coverage1,coverage2,coverage3
1.620283,0.87890625,36.621094,9.082031
