max_fitness,coverage1,coverage2,coverage3
-1.4683039,0.48828125,1.953125,3.515625
