max_fitness,coverage1,coverage2,coverage3
5.6101213,10.839844,10.839844,19.042969
