max_fitness,coverage1,coverage2,coverage3
9.028244,11.328125,36.132812,8.496094
