max_fitness,coverage1,coverage2,coverage3
3.3052294,0.78125,15.4296875,5.3710938
