max_fitness,coverage1,coverage2,coverage3
0.57902825,4.1015625,3.90625,1.8554688
