max_fitness,coverage1,coverage2,coverage3
8.848174,0.09765625,4.8828125,1.2695312
