max_fitness,coverage1,coverage2,coverage3
4.2142015,1.6601562,9.1796875,16.308594
