max_fitness,coverage1,coverage2,coverage3
3.8155463,0.1953125,1.5625,1.7578125
