max_fitness,coverage1,coverage2,coverage3
1.7746019,41.210938,9.277344,5.859375
