max_fitness,coverage1,coverage2,coverage3
4.72865,10.839844,10.839844,19.53125
