max_fitness,coverage1,coverage2,coverage3
0.40395126,4.296875,3.90625,1.5625
