max_fitness,coverage1,coverage2,coverage3
1.3863528,0.9765625,8.7890625,10.449219
