max_fitness,coverage1,coverage2,coverage3
3.790579,1.171875,36.621094,10.7421875
