max_fitness,coverage1,coverage2,coverage3
1.8982604,4.1015625,3.90625,1.7578125
