max_fitness,coverage1,coverage2,coverage3
-2.8453047,0.5859375,2.9296875,3.125
