max_fitness,coverage1,coverage2,coverage3
1.6048441,30.957031,10.15625,8.7890625
