max_fitness,coverage1,coverage2,coverage3
8.903488,26.269531,10.15625,5.078125
