max_fitness,coverage1,coverage2,coverage3
8.900336,0.29296875,4.8828125,1.8554688
