max_fitness,coverage1,coverage2,coverage3
1.6691499,0.1953125,3.515625,2.0507812
