max_fitness,coverage1,coverage2,coverage3
2.0333602,4.8828125,2.8320312,2.4414062
