max_fitness,coverage1,coverage2,coverage3
0.6370074,10.058594,8.984375,5.859375
