max_fitness,coverage1,coverage2,coverage3
9.126046,1.171875,53.90625,8.3984375
