max_fitness,coverage1,coverage2,coverage3
7.4211354,0.9765625,55.566406,14.453125
