max_fitness,coverage1,coverage2,coverage3
6.0762687,3.125,1.3671875,1.7578125
