max_fitness,coverage1,coverage2,coverage3
4.196449,26.269531,10.15625,4.9804688
