max_fitness,coverage1,coverage2,coverage3
2.635746,0.29296875,3.125,2.6367188
