max_fitness,coverage1,coverage2,coverage3
7.5267234,0.390625,3.2226562,3.6132812
