max_fitness,coverage1,coverage2,coverage3
2.4302893,4.1015625,3.90625,1.953125
