max_fitness,coverage1,coverage2,coverage3
4.6902647,1.7578125,16.40625,9.1796875
