max_fitness,coverage1,coverage2,coverage3
2.6167977,4.8828125,0.78125,1.0742188
