max_fitness,coverage1,coverage2,coverage3
1.8391073,22.851562,10.546875,5.1757812
