max_fitness,coverage1,coverage2,coverage3
4.2439623,1.0742188,51.26953,12.792969
