max_fitness,coverage1,coverage2,coverage3
1.895711,0.09765625,1.7578125,2.5390625
