max_fitness,coverage1,coverage2,coverage3
2.1311421,10.839844,34.765625,6.3476562
