max_fitness,coverage1,coverage2,coverage3
-1.4815497,0.390625,3.515625,3.2226562
