max_fitness,coverage1,coverage2,coverage3
-3.802857,0.390625,3.515625,2.2460938
