max_fitness,coverage1,coverage2,coverage3
1.4637911,2.4414062,1.6601562,1.7578125
