max_fitness,coverage1,coverage2,coverage3
-1.5870057,0.1953125,1.5625,3.8085938
