max_fitness,coverage1,coverage2,coverage3
1.9836324,1.2695312,1.953125,2.4414062
