max_fitness,coverage1,coverage2,coverage3
6.270284,0.390625,4.8828125,3.6132812
