max_fitness,coverage1,coverage2,coverage3
2.6191998,0.68359375,2.5390625,3.6132812
