max_fitness,coverage1,coverage2,coverage3
6.419813,0.78125,58.88672,7.1289062
