max_fitness,coverage1,coverage2,coverage3
6.595922,0.9765625,16.699219,15.8203125
