max_fitness,coverage1,coverage2,coverage3
7.68704,0.87890625,11.71875,25.195312
