max_fitness,coverage1,coverage2,coverage3
1.0745794,12.597656,35.253906,4.0039062
