max_fitness,coverage1,coverage2,coverage3
1.8101176,0.68359375,10.546875,27.050781
