max_fitness,coverage1,coverage2,coverage3
1.799336,1.3671875,16.015625,17.578125
