max_fitness,coverage1,coverage2,coverage3
3.6818545,13.574219,7.6171875,2.6367188
