max_fitness,coverage1,coverage2,coverage3
-9.747225,0.1953125,1.8554688,3.0273438
