max_fitness,coverage1,coverage2,coverage3
4.6333222,1.6601562,16.210938,12.6953125
