max_fitness,coverage1,coverage2,coverage3
1.5222232,12.207031,38.671875,5.46875
