max_fitness,coverage1,coverage2,coverage3
5.7349906,10.839844,9.9609375,17.578125
