max_fitness,coverage1,coverage2,coverage3
9.033268,10.839844,10.839844,16.894531
