max_fitness,coverage1,coverage2,coverage3
3.297535,2.2460938,15.8203125,14.941406
