max_fitness,coverage1,coverage2,coverage3
0.1544505,0.1953125,2.2460938,1.8554688
