max_fitness,coverage1,coverage2,coverage3
1.5152078,14.2578125,6.9335938,1.5625
