max_fitness,coverage1,coverage2,coverage3
1.3350775,1.7578125,52.734375,7.1289062
