max_fitness,coverage1,coverage2,coverage3
3.5852933,0.78125,17.578125,13.964844
