max_fitness,coverage1,coverage2,coverage3
3.302039,1.8554688,11.71875,8.59375
