max_fitness,coverage1,coverage2,coverage3
5.3801813,1.5625,15.722656,20.410156
