max_fitness,coverage1,coverage2,coverage3
5.416661,0.9765625,55.566406,10.546875
