max_fitness,coverage1,coverage2,coverage3
4.446816,1.3671875,16.015625,20.800781
