max_fitness,coverage1,coverage2,coverage3
4.9391623,1.2695312,15.332031,22.167969
