max_fitness,coverage1,coverage2,coverage3
4.0538116,1.0742188,39.257812,16.113281
