max_fitness,coverage1,coverage2,coverage3
3.674241,3.0273438,4.8828125,3.0273438
