max_fitness,coverage1,coverage2,coverage3
3.046818,0.87890625,18.164062,16.699219
