max_fitness,coverage1,coverage2,coverage3
7.7722244,36.132812,10.9375,12.6953125
