max_fitness,coverage1,coverage2,coverage3
2.6699002,0.9765625,55.566406,8.886719
