max_fitness,coverage1,coverage2,coverage3
13.148686,1.3671875,56.25,11.9140625
