max_fitness,coverage1,coverage2,coverage3
1.4492698,4.4921875,3.90625,2.5390625
