max_fitness,coverage1,coverage2,coverage3
3.3934069,9.277344,8.7890625,14.160156
