max_fitness,coverage1,coverage2,coverage3
9.169237,12.792969,37.01172,9.9609375
