max_fitness,coverage1,coverage2,coverage3
3.4322255,3.0273438,4.8828125,0.87890625
