max_fitness,coverage1,coverage2,coverage3
2.0444417,3.3203125,1.8554688,2.6367188
