max_fitness,coverage1,coverage2,coverage3
-1.4319046,0.1953125,4.8828125,2.1484375
