max_fitness,coverage1,coverage2,coverage3
5.193185,0.68359375,15.8203125,14.84375
