max_fitness,coverage1,coverage2,coverage3
3.2013795,0.9765625,55.566406,9.375
