max_fitness,coverage1,coverage2,coverage3
1.8252932,16.308594,8.3984375,5.7617188
