max_fitness,coverage1,coverage2,coverage3
5.182502,1.3671875,12.207031,20.214844
