max_fitness,coverage1,coverage2,coverage3
6.41381,0.68359375,15.917969,16.210938
