max_fitness,coverage1,coverage2,coverage3
9.117898,1.171875,53.90625,15.527344
