max_fitness,coverage1,coverage2,coverage3
4.43667,0.78125,11.71875,5.9570312
