max_fitness,coverage1,coverage2,coverage3
3.6034932,0.87890625,18.164062,15.917969
