max_fitness,coverage1,coverage2,coverage3
1.5865129,0.9765625,36.035156,9.5703125
