max_fitness,coverage1,coverage2,coverage3
6.0762687,9.277344,8.7890625,11.71875
