max_fitness,coverage1,coverage2,coverage3
1.2454324,0.87890625,33.398438,7.7148438
