max_fitness,coverage1,coverage2,coverage3
3.3393526,4.8828125,3.8085938,3.90625
