max_fitness,coverage1,coverage2,coverage3
3.4662144,0.48828125,1.953125,1.953125
