max_fitness,coverage1,coverage2,coverage3
2.5647998,1.0742188,39.257812,16.113281
