max_fitness,coverage1,coverage2,coverage3
6.9174085,0.29296875,4.8828125,4.1992188
