max_fitness,coverage1,coverage2,coverage3
3.3521624,1.0742188,51.26953,7.03125
