max_fitness,coverage1,coverage2,coverage3
3.9125555,0.78125,18.554688,10.449219
