max_fitness,coverage1,coverage2,coverage3
1.6128024,3.8085938,2.5390625,2.5390625
