max_fitness,coverage1,coverage2,coverage3
1.5994313,34.375,6.9335938,8.886719
