max_fitness,coverage1,coverage2,coverage3
0.8726612,4.6875,2.8320312,3.0273438
