max_fitness,coverage1,coverage2,coverage3
4.82528,0.5859375,57.32422,7.03125
