max_fitness,coverage1,coverage2,coverage3
5.1705346,39.257812,11.035156,3.3203125
