max_fitness,coverage1,coverage2,coverage3
6.999894,0.48828125,1.953125,3.3203125
