max_fitness,coverage1,coverage2,coverage3
1.8895855,34.375,6.9335938,8.984375
