max_fitness,coverage1,coverage2,coverage3
6.5626626,4.296875,3.515625,3.0273438
