max_fitness,coverage1,coverage2,coverage3
2.6973858,0.1953125,2.6367188,2.0507812
