max_fitness,coverage1,coverage2,coverage3
3.6169987,0.390625,3.2226562,2.6367188
