max_fitness,coverage1,coverage2,coverage3
4.297972,0.87890625,57.617188,9.667969
