max_fitness,coverage1,coverage2,coverage3
3.1343577,2.4414062,16.699219,11.230469
