max_fitness,coverage1,coverage2,coverage3
9.169237,4.8828125,1.953125,3.515625
