max_fitness,coverage1,coverage2,coverage3
1.5884464,10.839844,34.765625,5.7617188
