max_fitness,coverage1,coverage2,coverage3
0.3273596,4.8828125,3.8085938,1.8554688
