max_fitness,coverage1,coverage2,coverage3
5.72543,10.839844,34.765625,7.03125
