max_fitness,coverage1,coverage2,coverage3
0.78224295,34.570312,10.839844,4.1992188
