max_fitness,coverage1,coverage2,coverage3
5.7797256,1.0742188,7.421875,29.101562
