max_fitness,coverage1,coverage2,coverage3
3.7807605,0.9765625,54.003906,4.296875
