max_fitness,coverage1,coverage2,coverage3
4.2143846,17.1875,7.7148438,3.4179688
