max_fitness,coverage1,coverage2,coverage3
1.0468644,13.574219,36.42578,4.6875
