max_fitness,coverage1,coverage2,coverage3
3.9311445,1.3671875,56.25,11.5234375
