max_fitness,coverage1,coverage2,coverage3
0.7911593,29.003906,9.5703125,2.734375
