max_fitness,coverage1,coverage2,coverage3
3.87842,35.742188,7.03125,2.734375
