max_fitness,coverage1,coverage2,coverage3
1.1439664,4.5898438,3.3203125,1.4648438
