max_fitness,coverage1,coverage2,coverage3
0.59402883,0.1953125,3.2226562,1.171875
