max_fitness,coverage1,coverage2,coverage3
4.974065,4.8828125,0.87890625,1.8554688
