max_fitness,coverage1,coverage2,coverage3
2.7367005,1.6601562,4.8828125,2.9296875
