max_fitness,coverage1,coverage2,coverage3
3.8155463,1.6601562,9.1796875,20.800781
