max_fitness,coverage1,coverage2,coverage3
6.414556,1.4648438,56.347656,5.6640625
