max_fitness,coverage1,coverage2,coverage3
3.684412,20.898438,8.496094,2.6367188
