max_fitness,coverage1,coverage2,coverage3
6.3059354,15.234375,8.7890625,5.3710938
