max_fitness,coverage1,coverage2,coverage3
1.2877041,4.8828125,1.2695312,3.7109375
