max_fitness,coverage1,coverage2,coverage3
2.8106124,0.68359375,15.917969,14.550781
