max_fitness,coverage1,coverage2,coverage3
2.747398,0.390625,4.5898438,2.0507812
