max_fitness,coverage1,coverage2,coverage3
8.9303665,9.1796875,10.3515625,17.382812
