max_fitness,coverage1,coverage2,coverage3
1.7637453,0.390625,4.8828125,2.8320312
