max_fitness,coverage1,coverage2,coverage3
-2.4457128,2.5390625,1.171875,1.7578125
