max_fitness,coverage1,coverage2,coverage3
0.02511568,4.1015625,4.1015625,2.34375
