max_fitness,coverage1,coverage2,coverage3
5.377447,0.68359375,2.9296875,3.6132812
