max_fitness,coverage1,coverage2,coverage3
8.903287,1.4648438,56.347656,9.082031
