max_fitness,coverage1,coverage2,coverage3
1.0731863,17.1875,7.7148438,4.4921875
