max_fitness,coverage1,coverage2,coverage3
-11.579345,0.68359375,2.9296875,2.734375
