max_fitness,coverage1,coverage2,coverage3
-13.040513,3.3203125,1.8554688,1.5625
