max_fitness,coverage1,coverage2,coverage3
0.103512794,4.1992188,1.953125,1.8554688
