max_fitness,coverage1,coverage2,coverage3
6.525665,4.8828125,1.6601562,1.2695312
