max_fitness,coverage1,coverage2,coverage3
4.8331895,0.1953125,2.2460938,3.8085938
