max_fitness,coverage1,coverage2,coverage3
4.602063,0.5859375,56.25,5.3710938
