max_fitness,coverage1,coverage2,coverage3
5.067076,0.390625,4.8828125,3.0273438
