max_fitness,coverage1,coverage2,coverage3
4.850452,0.68359375,57.32422,5.2734375
