max_fitness,coverage1,coverage2,coverage3
6.999894,1.3671875,16.015625,29.980469
