max_fitness,coverage1,coverage2,coverage3
2.1435678,17.1875,7.7148438,4.1015625
