max_fitness,coverage1,coverage2,coverage3
0.008762826,4.8828125,1.8554688,0.87890625
