max_fitness,coverage1,coverage2,coverage3
-0.5075545,3.125,1.3671875,2.0507812
