max_fitness,coverage1,coverage2,coverage3
4.2266297,14.2578125,6.9335938,2.34375
