max_fitness,coverage1,coverage2,coverage3
2.6879632,0.78125,35.058594,14.160156
