max_fitness,coverage1,coverage2,coverage3
1.5546188,0.78125,9.277344,20.996094
