max_fitness,coverage1,coverage2,coverage3
4.337059,1.2695312,15.332031,9.277344
