max_fitness,coverage1,coverage2,coverage3
5.6345286,15.234375,8.7890625,5.2734375
