max_fitness,coverage1,coverage2,coverage3
6.6140466,1.6601562,16.210938,21.191406
