max_fitness,coverage1,coverage2,coverage3
1.6483628,14.84375,37.695312,5.7617188
