max_fitness,coverage1,coverage2,coverage3
3.674241,12.109375,37.20703,9.765625
