max_fitness,coverage1,coverage2,coverage3
3.319991,0.1953125,3.3203125,2.9296875
