max_fitness,coverage1,coverage2,coverage3
6.0762687,10.839844,34.765625,5.859375
