max_fitness,coverage1,coverage2,coverage3
-0.48821822,4.8828125,1.8554688,2.5390625
