max_fitness,coverage1,coverage2,coverage3
2.043041,35.742188,7.03125,3.8085938
