max_fitness,coverage1,coverage2,coverage3
0.774433,2.734375,4.8828125,1.6601562
