max_fitness,coverage1,coverage2,coverage3
-1.8333855,4.8828125,0.78125,2.1484375
