max_fitness,coverage1,coverage2,coverage3
0.6129489,0.390625,3.515625,3.8085938
