max_fitness,coverage1,coverage2,coverage3
5.7133536,0.09765625,1.7578125,2.1484375
