max_fitness,coverage1,coverage2,coverage3
3.9331284,4.8828125,2.6367188,3.515625
