max_fitness,coverage1,coverage2,coverage3
9.5151825,1.3671875,56.25,11.816406
