max_fitness,coverage1,coverage2,coverage3
2.2366595,3.7109375,2.734375,2.734375
