max_fitness,coverage1,coverage2,coverage3
0.96099555,11.425781,10.9375,6.3476562
