max_fitness,coverage1,coverage2,coverage3
3.59859,10.15625,11.035156,16.015625
