max_fitness,coverage1,coverage2,coverage3
4.834031,0.78125,35.058594,13.671875
