max_fitness,coverage1,coverage2,coverage3
3.9304862,0.78125,9.277344,9.5703125
