max_fitness,coverage1,coverage2,coverage3
4.500644,0.9765625,16.699219,14.160156
