max_fitness,coverage1,coverage2,coverage3
2.7767816,0.68359375,10.546875,19.726562
