max_fitness,coverage1,coverage2,coverage3
-12.323905,0.1953125,3.515625,2.8320312
