max_fitness,coverage1,coverage2,coverage3
5.2945895,0.1953125,1.5625,3.2226562
