max_fitness,coverage1,coverage2,coverage3
4.892225,22.851562,10.546875,6.3476562
