max_fitness,coverage1,coverage2,coverage3
3.4197152,0.9765625,8.7890625,19.726562
