max_fitness,coverage1,coverage2,coverage3
-0.072442584,1.6601562,4.8828125,1.8554688
