max_fitness,coverage1,coverage2,coverage3
0.11187812,2.5390625,1.171875,0.390625
