max_fitness,coverage1,coverage2,coverage3
3.676509,4.296875,3.90625,1.4648438
