max_fitness,coverage1,coverage2,coverage3
1.1409166,4.8828125,1.2695312,1.3671875
