max_fitness,coverage1,coverage2,coverage3
3.1618443,1.0742188,51.26953,8.105469
