max_fitness,coverage1,coverage2,coverage3
6.4737754,36.132812,10.9375,8.203125
