max_fitness,coverage1,coverage2,coverage3
3.6286187,0.68359375,15.917969,9.277344
