max_fitness,coverage1,coverage2,coverage3
3.2578683,0.9765625,8.7890625,11.328125
