max_fitness,coverage1,coverage2,coverage3
2.7894459,4.4921875,3.90625,1.953125
