max_fitness,coverage1,coverage2,coverage3
1.8496045,1.0742188,39.257812,11.1328125
