max_fitness,coverage1,coverage2,coverage3
1.6242452,4.8828125,1.6601562,1.0742188
