max_fitness,coverage1,coverage2,coverage3
9.169237,1.2695312,1.953125,4.1015625
