max_fitness,coverage1,coverage2,coverage3
3.722492,0.78125,11.71875,11.5234375
