max_fitness,coverage1,coverage2,coverage3
9.382228,0.87890625,57.617188,7.8125
