max_fitness,coverage1,coverage2,coverage3
1.8418554,10.15625,11.035156,14.746094
