max_fitness,coverage1,coverage2,coverage3
3.4776907,17.480469,8.0078125,7.421875
