max_fitness,coverage1,coverage2,coverage3
4.8321514,0.9765625,38.57422,6.4453125
