max_fitness,coverage1,coverage2,coverage3
2.1813796,10.058594,8.984375,14.355469
