max_fitness,coverage1,coverage2,coverage3
6.370667,1.3671875,16.015625,18.652344
