max_fitness,coverage1,coverage2,coverage3
0.1797044,4.8828125,0.9765625,2.9296875
