max_fitness,coverage1,coverage2,coverage3
1.2350255,10.839844,9.9609375,12.402344
