max_fitness,coverage1,coverage2,coverage3
-1.2396508,0.1953125,2.8320312,4.3945312
