max_fitness,coverage1,coverage2,coverage3
1.0805296,14.2578125,6.9335938,4.0039062
