max_fitness,coverage1,coverage2,coverage3
1.7004758,10.839844,9.9609375,13.8671875
