max_fitness,coverage1,coverage2,coverage3
6.379654,1.2695312,1.953125,1.7578125
