max_fitness,coverage1,coverage2,coverage3
3.0724852,1.171875,18.164062,14.2578125
