max_fitness,coverage1,coverage2,coverage3
4.2974687,1.2695312,15.332031,20.703125
