max_fitness,coverage1,coverage2,coverage3
6.781133,20.898438,8.496094,7.3242188
