max_fitness,coverage1,coverage2,coverage3
1.5117723,1.171875,36.621094,7.1289062
