max_fitness,coverage1,coverage2,coverage3
2.6581838,0.1953125,1.5625,2.6367188
