max_fitness,coverage1,coverage2,coverage3
1.475838,3.0273438,4.8828125,2.1484375
