max_fitness,coverage1,coverage2,coverage3
8.365746,1.4648438,56.347656,14.355469
