max_fitness,coverage1,coverage2,coverage3
3.9304862,0.87890625,33.398438,4.9804688
