max_fitness,coverage1,coverage2,coverage3
1.3887337,11.230469,34.960938,5.9570312
