max_fitness,coverage1,coverage2,coverage3
2.5558138,0.48828125,53.027344,5.3710938
