max_fitness,coverage1,coverage2,coverage3
8.671798,0.1953125,3.515625,3.7109375
