max_fitness,coverage1,coverage2,coverage3
4.8703537,1.0742188,39.257812,12.109375
