max_fitness,coverage1,coverage2,coverage3
1.8280281,0.1953125,1.8554688,2.4414062
