max_fitness,coverage1,coverage2,coverage3
2.0167832,0.9765625,54.003906,6.4453125
