max_fitness,coverage1,coverage2,coverage3
0.8216217,1.6601562,4.8828125,1.7578125
