max_fitness,coverage1,coverage2,coverage3
1.5379181,9.1796875,10.3515625,12.207031
