max_fitness,coverage1,coverage2,coverage3
1.346393,9.863281,9.667969,5.46875
