max_fitness,coverage1,coverage2,coverage3
8.623091,0.68359375,15.917969,15.625
