max_fitness,coverage1,coverage2,coverage3
1.7680627,1.0742188,53.320312,7.03125
