max_fitness,coverage1,coverage2,coverage3
0.7701365,3.0273438,4.8828125,0.87890625
