max_fitness,coverage1,coverage2,coverage3
7.4211354,0.29296875,4.8828125,3.90625
