max_fitness,coverage1,coverage2,coverage3
4.858231,10.839844,10.839844,8.3984375
