max_fitness,coverage1,coverage2,coverage3
5.038474,0.5859375,10.449219,14.2578125
