max_fitness,coverage1,coverage2,coverage3
5.159838,33.789062,8.3984375,8.203125
