max_fitness,coverage1,coverage2,coverage3
5.2684793,10.9375,8.59375,17.089844
