max_fitness,coverage1,coverage2,coverage3
8.900336,0.390625,3.515625,2.34375
