max_fitness,coverage1,coverage2,coverage3
2.4528527,4.8828125,2.9296875,3.515625
