max_fitness,coverage1,coverage2,coverage3
4.175882,4.1015625,4.1015625,2.34375
