max_fitness,coverage1,coverage2,coverage3
1.9836324,1.6601562,4.8828125,3.4179688
