max_fitness,coverage1,coverage2,coverage3
1.5783118,12.597656,35.253906,2.34375
