max_fitness,coverage1,coverage2,coverage3
3.0770946,0.87890625,11.5234375,25.390625
