max_fitness,coverage1,coverage2,coverage3
5.823409,13.574219,7.6171875,3.7109375
