max_fitness,coverage1,coverage2,coverage3
10.497575,0.1953125,4.8828125,3.7109375
