max_fitness,coverage1,coverage2,coverage3
3.644063,1.0742188,39.257812,8.7890625
