max_fitness,coverage1,coverage2,coverage3
0.8267994,4.8828125,0.87890625,1.7578125
