max_fitness,coverage1,coverage2,coverage3
2.7236226,1.6601562,9.1796875,10.253906
