max_fitness,coverage1,coverage2,coverage3
7.862709,10.839844,9.9609375,17.089844
