max_fitness,coverage1,coverage2,coverage3
3.329668,35.64453,8.886719,5.6640625
