max_fitness,coverage1,coverage2,coverage3
2.2041001,4.0039062,2.9296875,2.8320312
