max_fitness,coverage1,coverage2,coverage3
1.2253058,12.792969,37.01172,5.46875
