max_fitness,coverage1,coverage2,coverage3
1.7205279,10.058594,8.984375,14.746094
