max_fitness,coverage1,coverage2,coverage3
1.299722,5.3710938,3.6132812,1.8554688
