max_fitness,coverage1,coverage2,coverage3
1.3927865,0.78125,11.71875,15.4296875
