max_fitness,coverage1,coverage2,coverage3
2.2610462,4.1015625,4.1015625,2.0507812
