max_fitness,coverage1,coverage2,coverage3
4.280964,0.48828125,53.027344,9.1796875
