max_fitness,coverage1,coverage2,coverage3
3.5883527,0.78125,9.277344,13.769531
