max_fitness,coverage1,coverage2,coverage3
2.6935246,0.78125,58.88672,5.2734375
