max_fitness,coverage1,coverage2,coverage3
2.3852723,0.87890625,11.5234375,12.011719
