max_fitness,coverage1,coverage2,coverage3
5.6230407,11.230469,34.960938,9.1796875
