max_fitness,coverage1,coverage2,coverage3
-0.105317965,0.1953125,3.125,2.0507812
