max_fitness,coverage1,coverage2,coverage3
4.6326795,0.390625,2.8320312,1.5625
