max_fitness,coverage1,coverage2,coverage3
2.6995637,4.0039062,3.6132812,2.4414062
