max_fitness,coverage1,coverage2,coverage3
0.11573837,0.68359375,2.9296875,2.1484375
