max_fitness,coverage1,coverage2,coverage3
4.7788095,1.171875,53.90625,4.3945312
