max_fitness,coverage1,coverage2,coverage3
3.1657846,12.3046875,35.546875,4.296875
