max_fitness,coverage1,coverage2,coverage3
1.3541336,39.257812,11.035156,2.1484375
