max_fitness,coverage1,coverage2,coverage3
1.8526089,0.390625,4.8828125,2.2460938
