max_fitness,coverage1,coverage2,coverage3
0.16019276,0.390625,4.8828125,2.734375
