max_fitness,coverage1,coverage2,coverage3
0.77131164,4.8828125,0.9765625,1.0742188
