max_fitness,coverage1,coverage2,coverage3
-0.022023546,3.3203125,1.8554688,0.68359375
