max_fitness,coverage1,coverage2,coverage3
0.08917816,0.09765625,2.6367188,1.171875
