max_fitness,coverage1,coverage2,coverage3
2.2877767,0.5859375,4.8828125,2.6367188
