max_fitness,coverage1,coverage2,coverage3
6.5407243,0.5859375,57.421875,11.035156
