max_fitness,coverage1,coverage2,coverage3
0.8056698,34.375,6.9335938,5.3710938
