max_fitness,coverage1,coverage2,coverage3
6.193707,1.4648438,56.347656,6.3476562
