max_fitness,coverage1,coverage2,coverage3
3.3293035,2.1484375,13.574219,8.691406
