max_fitness,coverage1,coverage2,coverage3
1.8880361,0.87890625,35.839844,9.375
