max_fitness,coverage1,coverage2,coverage3
2.1370342,29.003906,9.5703125,6.3476562
