max_fitness,coverage1,coverage2,coverage3
4.158106,0.87890625,33.398438,11.230469
