max_fitness,coverage1,coverage2,coverage3
2.1167872,35.742188,7.03125,6.0546875
