max_fitness,coverage1,coverage2,coverage3
2.6935246,1.171875,18.164062,7.3242188
