max_fitness,coverage1,coverage2,coverage3
3.1343577,1.3671875,56.25,8.3984375
