max_fitness,coverage1,coverage2,coverage3
3.9176118,22.851562,10.546875,7.1289062
