max_fitness,coverage1,coverage2,coverage3
3.3117006,0.5859375,56.25,10.839844
