max_fitness,coverage1,coverage2,coverage3
1.8809767,13.671875,6.7382812,4.6875
