max_fitness,coverage1,coverage2,coverage3
3.5340135,0.5859375,10.449219,22.65625
