max_fitness,coverage1,coverage2,coverage3
9.073084,0.78125,36.621094,12.011719
