max_fitness,coverage1,coverage2,coverage3
1.3992214,9.1796875,10.3515625,4.8828125
