max_fitness,coverage1,coverage2,coverage3
-1.0727996,4.8828125,3.8085938,4.0039062
