max_fitness,coverage1,coverage2,coverage3
4.0679803,12.3046875,35.546875,7.9101562
