max_fitness,coverage1,coverage2,coverage3
6.553039,13.671875,6.7382812,2.5390625
