max_fitness,coverage1,coverage2,coverage3
3.6286187,0.1953125,3.125,2.1484375
