max_fitness,coverage1,coverage2,coverage3
3.8993433,10.839844,9.9609375,6.25
