max_fitness,coverage1,coverage2,coverage3
1.4550852,10.9375,8.59375,6.3476562
