max_fitness,coverage1,coverage2,coverage3
4.487362,12.597656,35.253906,10.3515625
