max_fitness,coverage1,coverage2,coverage3
0.097388566,0.390625,3.515625,1.5625
