max_fitness,coverage1,coverage2,coverage3
2.3787024,4.8828125,3.6132812,1.6601562
