max_fitness,coverage1,coverage2,coverage3
3.1055324,0.68359375,15.8203125,8.203125
