max_fitness,coverage1,coverage2,coverage3
4.168159,1.3671875,56.25,7.1289062
