max_fitness,coverage1,coverage2,coverage3
4.4736695,0.9765625,16.699219,15.917969
