max_fitness,coverage1,coverage2,coverage3
3.3007338,0.9765625,55.566406,8.496094
