max_fitness,coverage1,coverage2,coverage3
4.0221047,1.0742188,53.320312,3.90625
