max_fitness,coverage1,coverage2,coverage3
6.595922,4.4921875,3.90625,2.34375
