max_fitness,coverage1,coverage2,coverage3
4.8958087,0.9765625,38.57422,11.5234375
