max_fitness,coverage1,coverage2,coverage3
1.9540952,0.29296875,4.8828125,2.9296875
