max_fitness,coverage1,coverage2,coverage3
1.4106363,17.480469,8.0078125,2.4414062
