max_fitness,coverage1,coverage2,coverage3
2.0378995,5.3710938,3.6132812,2.734375
