max_fitness,coverage1,coverage2,coverage3
4.2584143,1.3671875,12.207031,13.964844
