max_fitness,coverage1,coverage2,coverage3
1.3791593,33.789062,8.3984375,6.1523438
