max_fitness,coverage1,coverage2,coverage3
2.6250255,0.78125,18.554688,9.472656
