max_fitness,coverage1,coverage2,coverage3
2.8510277,0.68359375,15.8203125,12.109375
