max_fitness,coverage1,coverage2,coverage3
1.8483337,14.84375,37.695312,7.1289062
