max_fitness,coverage1,coverage2,coverage3
3.3985806,10.3515625,8.984375,10.7421875
