max_fitness,coverage1,coverage2,coverage3
2.9885514,0.87890625,35.839844,4.6875
