max_fitness,coverage1,coverage2,coverage3
6.9492283,5.078125,3.90625,3.90625
