max_fitness,coverage1,coverage2,coverage3
0.13897969,0.1953125,4.8828125,2.9296875
