max_fitness,coverage1,coverage2,coverage3
2.2615964,0.1953125,2.2460938,1.953125
