max_fitness,coverage1,coverage2,coverage3
2.1360447,0.78125,35.058594,13.0859375
