max_fitness,coverage1,coverage2,coverage3
3.3067372,29.003906,9.5703125,3.125
