max_fitness,coverage1,coverage2,coverage3
4.858231,2.9296875,1.5625,1.2695312
