max_fitness,coverage1,coverage2,coverage3
0.6512192,4.1015625,3.90625,2.4414062
