max_fitness,coverage1,coverage2,coverage3
5.255494,1.3671875,56.25,12.109375
