max_fitness,coverage1,coverage2,coverage3
1.9532249,0.1953125,2.2460938,3.90625
