max_fitness,coverage1,coverage2,coverage3
3.7790053,1.3671875,12.207031,8.59375
