max_fitness,coverage1,coverage2,coverage3
6.9174085,0.9765625,38.57422,15.4296875
