max_fitness,coverage1,coverage2,coverage3
4.182252,1.0742188,53.320312,8.3984375
