max_fitness,coverage1,coverage2,coverage3
2.1715264,9.277344,8.7890625,14.2578125
