max_fitness,coverage1,coverage2,coverage3
3.6286187,0.68359375,54.785156,7.5195312
