max_fitness,coverage1,coverage2,coverage3
9.295302,0.29296875,2.4414062,4.0039062
