max_fitness,coverage1,coverage2,coverage3
2.0925815,2.734375,4.8828125,4.0039062
