max_fitness,coverage1,coverage2,coverage3
1.4776082,12.3046875,35.546875,8.7890625
