max_fitness,coverage1,coverage2,coverage3
4.974065,34.375,6.9335938,9.9609375
