max_fitness,coverage1,coverage2,coverage3
5.802725,0.9765625,54.003906,10.9375
