max_fitness,coverage1,coverage2,coverage3
3.2753408,0.1953125,3.515625,3.125
