max_fitness,coverage1,coverage2,coverage3
1.0252877,0.78125,15.4296875,7.8125
