max_fitness,coverage1,coverage2,coverage3
3.4135168,11.425781,10.9375,17.1875
