max_fitness,coverage1,coverage2,coverage3
6.5353436,0.29296875,3.90625,3.6132812
