max_fitness,coverage1,coverage2,coverage3
-11.880819,3.0273438,4.8828125,1.7578125
