max_fitness,coverage1,coverage2,coverage3
-1.3951916,0.390625,3.2226562,4.0039062
