max_fitness,coverage1,coverage2,coverage3
2.2397394,0.09765625,4.8828125,1.953125
