max_fitness,coverage1,coverage2,coverage3
6.354196,0.87890625,57.617188,4.5898438
