max_fitness,coverage1,coverage2,coverage3
1.7268778,35.742188,7.03125,2.34375
