max_fitness,coverage1,coverage2,coverage3
5.9087152,1.3671875,12.207031,33.789062
