max_fitness,coverage1,coverage2,coverage3
2.0181828,15.234375,8.7890625,4.3945312
