max_fitness,coverage1,coverage2,coverage3
-1.4785651,1.6601562,4.8828125,2.734375
