max_fitness,coverage1,coverage2,coverage3
4.3577943,11.230469,34.960938,9.277344
