max_fitness,coverage1,coverage2,coverage3
1.7121669,16.308594,8.3984375,5.46875
