max_fitness,coverage1,coverage2,coverage3
5.1946917,1.0742188,7.421875,15.332031
