max_fitness,coverage1,coverage2,coverage3
1.3350775,2.1484375,16.699219,9.277344
