max_fitness,coverage1,coverage2,coverage3
6.73347,0.78125,36.621094,13.0859375
