max_fitness,coverage1,coverage2,coverage3
3.6381123,14.84375,37.695312,3.125
