max_fitness,coverage1,coverage2,coverage3
6.0680184,4.8828125,1.3671875,3.2226562
