max_fitness,coverage1,coverage2,coverage3
0.5413497,2.1484375,4.8828125,4.1015625
