max_fitness,coverage1,coverage2,coverage3
4.97246,15.917969,14.453125,12.988281
