max_fitness,coverage1,coverage2,coverage3
7.5787973,4.8828125,1.953125,3.515625
