max_fitness,coverage1,coverage2,coverage3
1.8720427,6.5429688,6.0546875,2.34375
