max_fitness,coverage1,coverage2,coverage3
4.9868913,3.4179688,1.4648438,2.6367188
