max_fitness,coverage1,coverage2,coverage3
4.14796,3.515625,2.2460938,1.7578125
