max_fitness,coverage1,coverage2,coverage3
6.215602,3.515625,4.8828125,2.0507812
