max_fitness,coverage1,coverage2,coverage3
0.042946097,0.48828125,4.8828125,2.734375
