max_fitness,coverage1,coverage2,coverage3
1.6580962,2.2460938,19.433594,13.769531
