max_fitness,coverage1,coverage2,coverage3
1.7552598,99.70703,17.089844,10.7421875
