max_fitness,coverage1,coverage2,coverage3
2.7504587,3.4179688,4.8828125,1.6601562
