max_fitness,coverage1,coverage2,coverage3
1.9726931,2.8320312,4.8828125,3.6132812
