max_fitness,coverage1,coverage2,coverage3
-1.4343654,3.4179688,4.8828125,3.2226562
