max_fitness,coverage1,coverage2,coverage3
1.5814843,4.8828125,1.3671875,1.4648438
