max_fitness,coverage1,coverage2,coverage3
1.8378941,4.8828125,4.5898438,2.4414062
