max_fitness,coverage1,coverage2,coverage3
-16.327532,0.9765625,3.0273438,2.2460938
