max_fitness,coverage1,coverage2,coverage3
3.5148048,0.29296875,3.125,1.0742188
