max_fitness,coverage1,coverage2,coverage3
-2.7764323,2.6367188,3.0273438,2.34375
