max_fitness,coverage1,coverage2,coverage3
7.671956,14.746094,14.550781,25.78125
