max_fitness,coverage1,coverage2,coverage3
6.6518397,12.597656,12.890625,13.378906
