max_fitness,coverage1,coverage2,coverage3
2.9255905,0.5859375,3.2226562,3.0273438
