max_fitness,coverage1,coverage2,coverage3
2.0335188,4.8828125,4.3945312,2.6367188
