max_fitness,coverage1,coverage2,coverage3
1.0057373,0.5859375,5.2734375,10.15625
