max_fitness,coverage1,coverage2,coverage3
1.5812689,2.1484375,14.941406,10.3515625
