max_fitness,coverage1,coverage2,coverage3
2.7323713,1.6601562,12.402344,8.59375
