max_fitness,coverage1,coverage2,coverage3
4.6569443,4.8828125,1.3671875,0.9765625
