max_fitness,coverage1,coverage2,coverage3
1.2281775,4.8828125,1.3671875,1.3671875
