max_fitness,coverage1,coverage2,coverage3
1.3508089,10.253906,8.496094,3.0273438
