max_fitness,coverage1,coverage2,coverage3
-2.1954277,1.7578125,1.0742188,2.8320312
