max_fitness,coverage1,coverage2,coverage3
6.43572,4.8828125,1.2695312,2.5390625
