max_fitness,coverage1,coverage2,coverage3
7.1840014,100.0,13.183594,18.457031
