max_fitness,coverage1,coverage2,coverage3
0.73457533,2.8320312,2.5390625,0.9765625
