max_fitness,coverage1,coverage2,coverage3
2.1960523,2.6367188,1.7578125,0.87890625
