max_fitness,coverage1,coverage2,coverage3
2.5050635,99.609375,19.726562,12.6953125
