max_fitness,coverage1,coverage2,coverage3
4.0160084,25.878906,38.183594,4.3945312
