max_fitness,coverage1,coverage2,coverage3
0.045359112,0.29296875,4.8828125,1.0742188
