max_fitness,coverage1,coverage2,coverage3
4.464098,100.0,10.839844,5.3710938
