max_fitness,coverage1,coverage2,coverage3
3.9941304,4.7851562,57.03125,2.9296875
