max_fitness,coverage1,coverage2,coverage3
6.4574947,99.70703,17.96875,11.328125
