max_fitness,coverage1,coverage2,coverage3
1.6104647,26.660156,38.671875,7.3242188
