max_fitness,coverage1,coverage2,coverage3
1.0016984,0.48828125,4.8828125,0.68359375
