max_fitness,coverage1,coverage2,coverage3
3.885674,29.394531,41.992188,9.863281
