max_fitness,coverage1,coverage2,coverage3
1.950247,10.7421875,14.0625,22.167969
