max_fitness,coverage1,coverage2,coverage3
1.3132964,4.8828125,1.3671875,0.9765625
