max_fitness,coverage1,coverage2,coverage3
0.05967223,4.8828125,4.4921875,2.2460938
