max_fitness,coverage1,coverage2,coverage3
0.9884907,0.390625,2.734375,3.2226562
