max_fitness,coverage1,coverage2,coverage3
0.0521691,0.9765625,3.0273438,1.171875
