max_fitness,coverage1,coverage2,coverage3
0.22864568,0.390625,5.2734375,5.46875
