max_fitness,coverage1,coverage2,coverage3
0.2685247,0.5859375,4.3945312,3.7109375
