max_fitness,coverage1,coverage2,coverage3
-5.396569,2.0507812,4.8828125,1.8554688
