max_fitness,coverage1,coverage2,coverage3
1.9141959,2.8320312,1.3671875,3.125
