max_fitness,coverage1,coverage2,coverage3
5.7379327,4.8828125,4.1015625,2.2460938
