max_fitness,coverage1,coverage2,coverage3
4.7649155,26.660156,38.476562,3.7109375
