max_fitness,coverage1,coverage2,coverage3
0.2112979,0.29296875,1.7578125,4.8828125
