max_fitness,coverage1,coverage2,coverage3
-13.439194,3.2226562,1.3671875,2.1484375
