max_fitness,coverage1,coverage2,coverage3
0.7356233,2.1484375,4.8828125,2.0507812
