max_fitness,coverage1,coverage2,coverage3
-2.7067044,3.4179688,1.4648438,3.125
