max_fitness,coverage1,coverage2,coverage3
-7.9033294,0.5859375,4.8828125,1.7578125
