max_fitness,coverage1,coverage2,coverage3
1.4757785,0.48828125,37.597656,2.2460938
