max_fitness,coverage1,coverage2,coverage3
6.4683785,100.0,19.335938,20.800781
