max_fitness,coverage1,coverage2,coverage3
1.6986076,5.1757812,4.9804688,1.171875
