max_fitness,coverage1,coverage2,coverage3
6.057291,0.48828125,4.8828125,1.4648438
