max_fitness,coverage1,coverage2,coverage3
2.6328332,0.9765625,1.2695312,3.515625
