max_fitness,coverage1,coverage2,coverage3
0.61954707,2.1484375,4.8828125,2.8320312
