max_fitness,coverage1,coverage2,coverage3
1.4566895,0.29296875,1.7578125,2.4414062
