max_fitness,coverage1,coverage2,coverage3
6.275165,100.0,11.816406,5.3710938
