max_fitness,coverage1,coverage2,coverage3
0.63326716,0.78125,4.8828125,0.78125
