max_fitness,coverage1,coverage2,coverage3
-11.595725,4.8828125,3.125,3.3203125
