max_fitness,coverage1,coverage2,coverage3
-0.036351554,2.0507812,4.8828125,0.87890625
