max_fitness,coverage1,coverage2,coverage3
1.9226464,2.4414062,2.2460938,3.4179688
