max_fitness,coverage1,coverage2,coverage3
4.7886314,27.148438,37.79297,7.421875
