max_fitness,coverage1,coverage2,coverage3
1.2954559,0.5859375,3.2226562,1.6601562
