max_fitness,coverage1,coverage2,coverage3
0.16815975,3.7109375,4.8828125,3.125
