max_fitness,coverage1,coverage2,coverage3
1.5424871,1.953125,2.0507812,1.0742188
