max_fitness,coverage1,coverage2,coverage3
1.4678714,15.917969,14.453125,18.359375
