max_fitness,coverage1,coverage2,coverage3
6.3002167,15.917969,13.964844,31.933594
