max_fitness,coverage1,coverage2,coverage3
4.272102,1.7578125,54.19922,3.3203125
