max_fitness,coverage1,coverage2,coverage3
1.9755701,21.777344,55.273438,9.277344
