max_fitness,coverage1,coverage2,coverage3
0.33884588,1.953125,2.0507812,1.5625
