max_fitness,coverage1,coverage2,coverage3
0.40639716,0.5859375,3.125,1.4648438
