max_fitness,coverage1,coverage2,coverage3
1.4431205,0.68359375,12.890625,10.058594
