max_fitness,coverage1,coverage2,coverage3
-13.133817,4.8828125,2.6367188,2.34375
