max_fitness,coverage1,coverage2,coverage3
-14.317571,0.5859375,3.125,2.1484375
