max_fitness,coverage1,coverage2,coverage3
2.5208304,100.0,17.96875,10.3515625
