max_fitness,coverage1,coverage2,coverage3
1.5044088,2.34375,2.34375,1.953125
