max_fitness,coverage1,coverage2,coverage3
1.6783903,1.953125,14.0625,12.597656
