max_fitness,coverage1,coverage2,coverage3
2.397659,3.515625,4.8828125,3.3203125
