max_fitness,coverage1,coverage2,coverage3
2.8196342,4.8828125,2.0507812,2.0507812
