max_fitness,coverage1,coverage2,coverage3
0.67212,2.5390625,2.5390625,1.3671875
