max_fitness,coverage1,coverage2,coverage3
5.265811,0.390625,0.5859375,2.1484375
