max_fitness,coverage1,coverage2,coverage3
5.9044876,26.660156,38.671875,12.890625
