max_fitness,coverage1,coverage2,coverage3
-2.4342246,3.515625,4.8828125,2.8320312
