max_fitness,coverage1,coverage2,coverage3
1.2161486,2.8320312,2.6367188,1.2695312
