max_fitness,coverage1,coverage2,coverage3
3.7007973,0.5859375,3.2226562,0.87890625
