max_fitness,coverage1,coverage2,coverage3
6.6635447,21.777344,55.273438,4.5898438
