max_fitness,coverage1,coverage2,coverage3
5.6329575,4.9804688,57.8125,9.667969
