max_fitness,coverage1,coverage2,coverage3
1.5464436,14.746094,13.183594,18.652344
