max_fitness,coverage1,coverage2,coverage3
4.7445107,4.8828125,4.5898438,2.9296875
