max_fitness,coverage1,coverage2,coverage3
0.60278565,3.2226562,2.734375,0.78125
