max_fitness,coverage1,coverage2,coverage3
1.9434738,2.34375,2.34375,2.5390625
