max_fitness,coverage1,coverage2,coverage3
0.08103472,1.3671875,1.171875,3.6132812
