max_fitness,coverage1,coverage2,coverage3
1.6152415,100.0,17.773438,9.082031
