max_fitness,coverage1,coverage2,coverage3
1.2516036,0.390625,0.5859375,1.4648438
