max_fitness,coverage1,coverage2,coverage3
2.922795,4.8828125,1.953125,2.5390625
