max_fitness,coverage1,coverage2,coverage3
3.8001227,2.1484375,14.941406,10.9375
