max_fitness,coverage1,coverage2,coverage3
6.3328257,1.0742188,6.640625,22.851562
