max_fitness,coverage1,coverage2,coverage3
-10.268726,0.29296875,1.7578125,3.0273438
