max_fitness,coverage1,coverage2,coverage3
1.4259121,0.5859375,39.746094,3.0273438
