max_fitness,coverage1,coverage2,coverage3
0.7388205,4.8828125,2.0507812,1.2695312
