max_fitness,coverage1,coverage2,coverage3
7.6748853,3.0273438,4.8828125,3.515625
