max_fitness,coverage1,coverage2,coverage3
1.6329964,3.2226562,2.734375,1.4648438
