max_fitness,coverage1,coverage2,coverage3
3.4590273,2.5390625,56.73828,6.5429688
