max_fitness,coverage1,coverage2,coverage3
-0.2294255,1.3671875,4.8828125,1.171875
