max_fitness,coverage1,coverage2,coverage3
0.8974961,0.29296875,4.8828125,0.48828125
