max_fitness,coverage1,coverage2,coverage3
1.6300149,100.0,14.550781,9.765625
