max_fitness,coverage1,coverage2,coverage3
9.142731,21.777344,55.273438,13.0859375
