max_fitness,coverage1,coverage2,coverage3
2.1960523,4.8828125,2.0507812,1.0742188
