max_fitness,coverage1,coverage2,coverage3
5.230731,9.863281,53.320312,3.90625
