max_fitness,coverage1,coverage2,coverage3
2.9739683,4.0039062,4.8828125,2.0507812
