max_fitness,coverage1,coverage2,coverage3
1.9261318,23.828125,11.035156,11.71875
