max_fitness,coverage1,coverage2,coverage3
0.89828646,0.390625,2.34375,1.6601562
