max_fitness,coverage1,coverage2,coverage3
4.745699,24.902344,10.9375,9.1796875
