max_fitness,coverage1,coverage2,coverage3
8.832435,4.8828125,0.9765625,2.5390625
