max_fitness,coverage1,coverage2,coverage3
1.9390717,3.4179688,1.4648438,3.125
