max_fitness,coverage1,coverage2,coverage3
0.052490897,0.48828125,4.8828125,0.87890625
