max_fitness,coverage1,coverage2,coverage3
2.3043194,4.0039062,2.2460938,2.5390625
