max_fitness,coverage1,coverage2,coverage3
-0.3983597,1.7578125,1.0742188,0.5859375
