max_fitness,coverage1,coverage2,coverage3
0.5096526,0.5859375,34.86328,6.1523438
