max_fitness,coverage1,coverage2,coverage3
6.525963,4.8828125,4.5898438,3.6132812
