max_fitness,coverage1,coverage2,coverage3
0.3730315,2.0507812,4.8828125,1.0742188
