max_fitness,coverage1,coverage2,coverage3
2.9466097,2.8320312,2.4414062,2.2460938
