max_fitness,coverage1,coverage2,coverage3
-1.4126612,4.8828125,3.125,3.7109375
