max_fitness,coverage1,coverage2,coverage3
6.739991,2.2460938,19.433594,17.578125
