max_fitness,coverage1,coverage2,coverage3
3.3978872,0.5859375,3.125,2.9296875
