max_fitness,coverage1,coverage2,coverage3
-1.4541605,2.6367188,1.7578125,3.3203125
