max_fitness,coverage1,coverage2,coverage3
2.9739683,26.171875,38.378906,6.8359375
