max_fitness,coverage1,coverage2,coverage3
1.7349782,2.2460938,19.433594,12.6953125
