max_fitness,coverage1,coverage2,coverage3
2.449875,99.70703,17.089844,11.230469
