max_fitness,coverage1,coverage2,coverage3
1.9347646,1.953125,14.0625,10.449219
