max_fitness,coverage1,coverage2,coverage3
1.5453876,14.746094,14.550781,18.261719
