max_fitness,coverage1,coverage2,coverage3
0.50966805,4.8828125,2.0507812,3.125
