max_fitness,coverage1,coverage2,coverage3
4.4725695,0.29296875,4.8828125,1.2695312
