max_fitness,coverage1,coverage2,coverage3
1.0902197,0.390625,5.2734375,4.9804688
