max_fitness,coverage1,coverage2,coverage3
6.4846706,16.503906,12.5,14.453125
