max_fitness,coverage1,coverage2,coverage3
6.6156044,27.050781,38.183594,9.9609375
