max_fitness,coverage1,coverage2,coverage3
0.37225926,0.390625,41.503906,2.5390625
