max_fitness,coverage1,coverage2,coverage3
1.4199278,3.8085938,12.988281,9.472656
