max_fitness,coverage1,coverage2,coverage3
0.6547486,0.390625,2.34375,0.9765625
