max_fitness,coverage1,coverage2,coverage3
1.8287354,21.777344,55.273438,7.8125
