max_fitness,coverage1,coverage2,coverage3
0.9735139,0.390625,3.8085938,3.515625
