max_fitness,coverage1,coverage2,coverage3
0.949087,0.29296875,5.2734375,5.1757812
