max_fitness,coverage1,coverage2,coverage3
3.3710713,0.78125,4.8828125,2.734375
