max_fitness,coverage1,coverage2,coverage3
3.9365683,15.332031,52.441406,4.9804688
