max_fitness,coverage1,coverage2,coverage3
3.7891703,1.7578125,1.0742188,1.171875
