max_fitness,coverage1,coverage2,coverage3
1.3201536,0.9765625,1.2695312,1.0742188
