max_fitness,coverage1,coverage2,coverage3
4.4401326,2.6367188,2.6367188,2.5390625
