max_fitness,coverage1,coverage2,coverage3
0.68342805,0.78125,37.304688,4.3945312
