max_fitness,coverage1,coverage2,coverage3
2.1001618,15.917969,13.964844,17.382812
