max_fitness,coverage1,coverage2,coverage3
-1.4844644,2.6367188,2.6367188,3.8085938
