max_fitness,coverage1,coverage2,coverage3
4.6569443,3.2226562,1.3671875,1.2695312
