max_fitness,coverage1,coverage2,coverage3
4.668157,100.0,19.335938,7.2265625
