max_fitness,coverage1,coverage2,coverage3
0.39710277,2.6367188,4.8828125,2.6367188
