max_fitness,coverage1,coverage2,coverage3
0.48222542,0.9765625,2.5390625,1.3671875
