max_fitness,coverage1,coverage2,coverage3
4.224356,28.222656,40.039062,5.078125
