max_fitness,coverage1,coverage2,coverage3
1.6665667,23.339844,11.425781,12.207031
