max_fitness,coverage1,coverage2,coverage3
3.767456,17.578125,52.148438,10.058594
