max_fitness,coverage1,coverage2,coverage3
1.053688,2.6367188,3.0273438,0.87890625
