max_fitness,coverage1,coverage2,coverage3
0.39319903,3.515625,4.8828125,0.5859375
