max_fitness,coverage1,coverage2,coverage3
5.3330364,100.0,14.746094,13.378906
