max_fitness,coverage1,coverage2,coverage3
2.4698982,4.8828125,4.3945312,2.1484375
