max_fitness,coverage1,coverage2,coverage3
4.4232435,4.8828125,1.7578125,0.87890625
