max_fitness,coverage1,coverage2,coverage3
4.362741,99.609375,19.726562,12.988281
