max_fitness,coverage1,coverage2,coverage3
1.6765531,19.53125,12.109375,21.875
