max_fitness,coverage1,coverage2,coverage3
10.586599,2.4414062,14.550781,12.6953125
