max_fitness,coverage1,coverage2,coverage3
-0.0037896761,0.78125,4.8828125,1.171875
