max_fitness,coverage1,coverage2,coverage3
8.684086,4.8828125,1.8554688,1.171875
