max_fitness,coverage1,coverage2,coverage3
0.18863522,3.4179688,3.125,0.9765625
