max_fitness,coverage1,coverage2,coverage3
2.8952467,0.78125,4.8828125,1.2695312
