max_fitness,coverage1,coverage2,coverage3
3.8685608,11.230469,13.4765625,32.51953
