max_fitness,coverage1,coverage2,coverage3
1.4535261,0.9765625,1.2695312,2.4414062
