max_fitness,coverage1,coverage2,coverage3
-1.518574,3.515625,4.8828125,3.6132812
