max_fitness,coverage1,coverage2,coverage3
2.2223768,0.78125,6.4453125,10.449219
