max_fitness,coverage1,coverage2,coverage3
3.7970314,1.0742188,36.816406,6.3476562
