max_fitness,coverage1,coverage2,coverage3
1.990914,0.87890625,36.914062,6.8359375
