max_fitness,coverage1,coverage2,coverage3
3.6736526,100.0,13.183594,8.0078125
