max_fitness,coverage1,coverage2,coverage3
-1.513019,0.5859375,2.734375,3.7109375
