max_fitness,coverage1,coverage2,coverage3
0.4713892,0.1953125,2.4414062,1.171875
