max_fitness,coverage1,coverage2,coverage3
1.5402521,8.203125,51.26953,8.0078125
