max_fitness,coverage1,coverage2,coverage3
0.30885726,0.390625,2.9296875,1.171875
