max_fitness,coverage1,coverage2,coverage3
2.838552,16.015625,55.859375,10.15625
