max_fitness,coverage1,coverage2,coverage3
8.639165,2.34375,2.34375,1.3671875
