max_fitness,coverage1,coverage2,coverage3
-2.9041395,0.5859375,3.515625,3.4179688
