max_fitness,coverage1,coverage2,coverage3
2.9155023,3.7109375,4.8828125,1.2695312
