max_fitness,coverage1,coverage2,coverage3
0.7225458,4.8828125,2.734375,2.4414062
