max_fitness,coverage1,coverage2,coverage3
3.8514972,14.746094,14.550781,16.503906
