max_fitness,coverage1,coverage2,coverage3
8.589113,17.578125,52.148438,12.3046875
