max_fitness,coverage1,coverage2,coverage3
4.036665,3.515625,2.2460938,1.171875
