max_fitness,coverage1,coverage2,coverage3
2.51192,28.515625,38.964844,7.2265625
