max_fitness,coverage1,coverage2,coverage3
0.6702241,0.1953125,2.1484375,3.125
