max_fitness,coverage1,coverage2,coverage3
5.5262256,19.53125,12.109375,21.875
