max_fitness,coverage1,coverage2,coverage3
0.10182489,2.4414062,2.2460938,3.6132812
