max_fitness,coverage1,coverage2,coverage3
6.5855403,0.5859375,3.125,1.6601562
