max_fitness,coverage1,coverage2,coverage3
2.1716623,0.5859375,2.734375,2.1484375
