max_fitness,coverage1,coverage2,coverage3
4.116444,14.355469,52.63672,10.546875
