max_fitness,coverage1,coverage2,coverage3
1.4250221,0.5859375,4.8828125,1.0742188
