max_fitness,coverage1,coverage2,coverage3
2.476626,8.886719,7.6171875,5.078125
