max_fitness,coverage1,coverage2,coverage3
1.2996207,4.8828125,2.734375,1.8554688
