max_fitness,coverage1,coverage2,coverage3
-0.022969594,4.8828125,1.6601562,0.29296875
