max_fitness,coverage1,coverage2,coverage3
1.944139,3.0273438,55.76172,5.6640625
