max_fitness,coverage1,coverage2,coverage3
3.9694972,22.167969,9.1796875,12.792969
