max_fitness,coverage1,coverage2,coverage3
6.2790117,4.8828125,1.2695312,0.48828125
