max_fitness,coverage1,coverage2,coverage3
9.043284,4.0039062,4.8828125,3.7109375
