max_fitness,coverage1,coverage2,coverage3
0.5938482,3.125,2.9296875,0.68359375
