max_fitness,coverage1,coverage2,coverage3
8.267622,4.8828125,1.3671875,2.4414062
