max_fitness,coverage1,coverage2,coverage3
0.046011858,0.1953125,2.4414062,3.125
