max_fitness,coverage1,coverage2,coverage3
2.2400694,26.660156,38.476562,6.3476562
