max_fitness,coverage1,coverage2,coverage3
5.7166896,3.515625,2.2460938,2.1484375
