max_fitness,coverage1,coverage2,coverage3
0.5316061,2.8320312,2.5390625,0.9765625
