max_fitness,coverage1,coverage2,coverage3
1.3466172,0.5859375,2.734375,0.87890625
