max_fitness,coverage1,coverage2,coverage3
0.5182002,0.1953125,4.8828125,1.0742188
