max_fitness,coverage1,coverage2,coverage3
-1.6307292,0.68359375,2.8320312,3.515625
