max_fitness,coverage1,coverage2,coverage3
6.4221306,1.3671875,2.0507812,3.0273438
