max_fitness,coverage1,coverage2,coverage3
1.5346135,0.68359375,31.640625,3.0273438
