max_fitness,coverage1,coverage2,coverage3
3.9182084,10.644531,54.296875,12.597656
