max_fitness,coverage1,coverage2,coverage3
4.9978695,4.8828125,3.0273438,2.5390625
