max_fitness,coverage1,coverage2,coverage3
2.9379642,1.3671875,1.171875,1.4648438
