max_fitness,coverage1,coverage2,coverage3
-2.4958906,0.1953125,2.1484375,4.5898438
