max_fitness,coverage1,coverage2,coverage3
7.3581257,14.355469,52.63672,14.453125
