max_fitness,coverage1,coverage2,coverage3
2.0938125,0.5859375,3.515625,2.1484375
