max_fitness,coverage1,coverage2,coverage3
0.9716126,0.78125,37.304688,1.0742188
