max_fitness,coverage1,coverage2,coverage3
0.068887636,3.515625,2.2460938,1.8554688
