max_fitness,coverage1,coverage2,coverage3
5.6329575,3.8085938,12.988281,13.0859375
