max_fitness,coverage1,coverage2,coverage3
7.3581257,1.3671875,4.8828125,3.6132812
