max_fitness,coverage1,coverage2,coverage3
4.0190506,100.0,14.746094,4.5898438
