max_fitness,coverage1,coverage2,coverage3
8.686523,4.0039062,2.2460938,1.8554688
