max_fitness,coverage1,coverage2,coverage3
3.3982666,2.2460938,19.433594,8.300781
