max_fitness,coverage1,coverage2,coverage3
1.2209115,2.6367188,2.6367188,1.4648438
