max_fitness,coverage1,coverage2,coverage3
6.978702,1.7578125,55.17578,8.7890625
