max_fitness,coverage1,coverage2,coverage3
6.2934723,0.68359375,12.890625,10.058594
