max_fitness,coverage1,coverage2,coverage3
6.312891,0.390625,0.5859375,2.9296875
