max_fitness,coverage1,coverage2,coverage3
2.0557785,25.878906,38.183594,8.886719
