max_fitness,coverage1,coverage2,coverage3
8.902544,4.8828125,2.734375,2.5390625
