max_fitness,coverage1,coverage2,coverage3
0.6351349,1.3671875,2.0507812,1.0742188
