max_fitness,coverage1,coverage2,coverage3
2.2195299,5.46875,4.8828125,2.734375
