max_fitness,coverage1,coverage2,coverage3
0.2809889,3.2226562,2.734375,1.7578125
