max_fitness,coverage1,coverage2,coverage3
1.032161,0.48828125,37.597656,1.2695312
