max_fitness,coverage1,coverage2,coverage3
0.016498476,3.515625,3.125,1.4648438
