max_fitness,coverage1,coverage2,coverage3
0.8438623,2.8320312,2.2460938,0.87890625
