max_fitness,coverage1,coverage2,coverage3
7.2920117,4.7851562,57.03125,6.640625
