max_fitness,coverage1,coverage2,coverage3
-0.036923777,3.8085938,3.4179688,1.8554688
