max_fitness,coverage1,coverage2,coverage3
0.19722116,4.8828125,1.8554688,0.48828125
