max_fitness,coverage1,coverage2,coverage3
3.3775635,0.5859375,3.515625,2.34375
