max_fitness,coverage1,coverage2,coverage3
4.7348347,100.0,12.011719,8.886719
