max_fitness,coverage1,coverage2,coverage3
2.0560567,1.3671875,2.0507812,2.1484375
