max_fitness,coverage1,coverage2,coverage3
5.130505,10.7421875,14.0625,12.792969
