max_fitness,coverage1,coverage2,coverage3
2.6202734,4.8828125,1.6601562,0.87890625
