max_fitness,coverage1,coverage2,coverage3
2.228964,0.29296875,3.125,1.8554688
