max_fitness,coverage1,coverage2,coverage3
1.151837,0.78125,37.304688,3.3203125
