max_fitness,coverage1,coverage2,coverage3
1.8212677,0.48828125,4.8828125,1.171875
