max_fitness,coverage1,coverage2,coverage3
3.9315414,8.496094,7.1289062,3.515625
