max_fitness,coverage1,coverage2,coverage3
-10.008324,2.2460938,4.8828125,1.7578125
