max_fitness,coverage1,coverage2,coverage3
6.214598,22.070312,12.402344,8.984375
