max_fitness,coverage1,coverage2,coverage3
1.6096851,2.5390625,2.5390625,1.6601562
