max_fitness,coverage1,coverage2,coverage3
2.3674083,2.8320312,4.8828125,2.1484375
