max_fitness,coverage1,coverage2,coverage3
7.5787973,100.0,17.96875,18.164062
