max_fitness,coverage1,coverage2,coverage3
-10.07643,0.87890625,4.8828125,2.4414062
