max_fitness,coverage1,coverage2,coverage3
1.0683765,4.8828125,3.0273438,0.9765625
