max_fitness,coverage1,coverage2,coverage3
1.814057,2.1484375,4.8828125,3.125
