max_fitness,coverage1,coverage2,coverage3
0.9262469,4.8828125,1.953125,3.0273438
