max_fitness,coverage1,coverage2,coverage3
0.69964045,0.5859375,39.746094,3.4179688
