max_fitness,coverage1,coverage2,coverage3
1.7618134,0.68359375,12.890625,8.0078125
