max_fitness,coverage1,coverage2,coverage3
1.5552089,4.8828125,3.125,2.9296875
