max_fitness,coverage1,coverage2,coverage3
-11.681685,2.1484375,4.8828125,2.4414062
