max_fitness,coverage1,coverage2,coverage3
0.6733027,2.8320312,2.5390625,1.171875
