max_fitness,coverage1,coverage2,coverage3
1.0236144,3.3203125,2.34375,2.34375
