max_fitness,coverage1,coverage2,coverage3
3.9578242,15.917969,13.964844,10.546875
