max_fitness,coverage1,coverage2,coverage3
2.974229,1.3671875,4.8828125,2.4414062
