max_fitness,coverage1,coverage2,coverage3
2.1575673,1.6601562,12.402344,4.9804688
