max_fitness,coverage1,coverage2,coverage3
1.0550005,4.8828125,3.90625,2.0507812
