max_fitness,coverage1,coverage2,coverage3
3.8756266,99.70703,17.089844,6.3476562
