max_fitness,coverage1,coverage2,coverage3
4.006415,17.578125,12.109375,7.9101562
