max_fitness,coverage1,coverage2,coverage3
0.73101485,2.8320312,2.4414062,1.6601562
