max_fitness,coverage1,coverage2,coverage3
0.93860406,4.8828125,3.125,1.7578125
