max_fitness,coverage1,coverage2,coverage3
1.4238394,100.0,13.183594,6.5429688
