max_fitness,coverage1,coverage2,coverage3
1.7946683,0.87890625,4.8828125,2.0507812
