max_fitness,coverage1,coverage2,coverage3
1.9155611,4.1992188,4.8828125,3.0273438
