max_fitness,coverage1,coverage2,coverage3
4.028162,26.171875,38.378906,3.2226562
