max_fitness,coverage1,coverage2,coverage3
-3.0897756,0.78125,4.8828125,2.2460938
