max_fitness,coverage1,coverage2,coverage3
2.3958714,0.48828125,4.8828125,0.9765625
