max_fitness,coverage1,coverage2,coverage3
0.5583731,3.2226562,1.3671875,1.3671875
