max_fitness,coverage1,coverage2,coverage3
3.711285,4.3945312,4.8828125,2.8320312
