max_fitness,coverage1,coverage2,coverage3
8.98709,2.5390625,2.5390625,2.4414062
