max_fitness,coverage1,coverage2,coverage3
0.39789817,3.515625,4.8828125,3.3203125
