max_fitness,coverage1,coverage2,coverage3
1.7453886,2.4414062,14.550781,11.425781
