max_fitness,coverage1,coverage2,coverage3
1.6902678,0.9765625,4.8828125,2.0507812
