max_fitness,coverage1,coverage2,coverage3
0.95569396,0.29296875,5.2734375,3.7109375
