max_fitness,coverage1,coverage2,coverage3
6.5989814,6.640625,6.1523438,2.8320312
