max_fitness,coverage1,coverage2,coverage3
6.521084,23.828125,11.035156,16.503906
