max_fitness,coverage1,coverage2,coverage3
1.7673814,17.578125,12.109375,11.425781
