max_fitness,coverage1,coverage2,coverage3
-3.4031575,0.9765625,3.0273438,1.6601562
