max_fitness,coverage1,coverage2,coverage3
3.5766418,4.1992188,4.8828125,1.8554688
