max_fitness,coverage1,coverage2,coverage3
0.09365335,4.3945312,4.8828125,2.34375
