max_fitness,coverage1,coverage2,coverage3
-1.4168317,3.3203125,2.34375,3.2226562
