max_fitness,coverage1,coverage2,coverage3
0.8153453,3.515625,3.125,1.8554688
