max_fitness,coverage1,coverage2,coverage3
1.1543797,2.8320312,2.5390625,0.87890625
