max_fitness,coverage1,coverage2,coverage3
7.247989,2.8320312,1.3671875,3.3203125
