max_fitness,coverage1,coverage2,coverage3
6.2058077,100.0,14.550781,6.5429688
