max_fitness,coverage1,coverage2,coverage3
1.7634537,2.2460938,4.8828125,0.9765625
