max_fitness,coverage1,coverage2,coverage3
1.1538415,0.68359375,31.640625,4.1992188
