max_fitness,coverage1,coverage2,coverage3
-12.478955,0.390625,0.5859375,1.4648438
