max_fitness,coverage1,coverage2,coverage3
6.22145,29.394531,41.992188,6.9335938
