max_fitness,coverage1,coverage2,coverage3
0.3887038,2.5390625,2.5390625,1.6601562
