max_fitness,coverage1,coverage2,coverage3
3.6665034,0.5859375,2.734375,0.68359375
