max_fitness,coverage1,coverage2,coverage3
1.6614275,15.4296875,12.792969,15.136719
