max_fitness,coverage1,coverage2,coverage3
2.3990645,1.953125,2.0507812,1.7578125
