max_fitness,coverage1,coverage2,coverage3
0.45459312,4.8828125,2.0507812,1.5625
