max_fitness,coverage1,coverage2,coverage3
6.1754966,20.117188,9.9609375,8.0078125
