max_fitness,coverage1,coverage2,coverage3
1.0944599,4.8828125,2.734375,1.953125
