max_fitness,coverage1,coverage2,coverage3
0.9928642,2.8320312,2.5390625,1.2695312
