max_fitness,coverage1,coverage2,coverage3
4.69363,2.1484375,14.941406,6.8359375
