max_fitness,coverage1,coverage2,coverage3
0.20910738,4.8828125,4.6875,2.6367188
