max_fitness,coverage1,coverage2,coverage3
4.76677,28.515625,38.964844,5.46875
