max_fitness,coverage1,coverage2,coverage3
0.8478397,3.125,2.9296875,0.68359375
