max_fitness,coverage1,coverage2,coverage3
7.729577,17.578125,52.148438,10.546875
