max_fitness,coverage1,coverage2,coverage3
5.738086,27.148438,37.79297,8.984375
