max_fitness,coverage1,coverage2,coverage3
8.505789,2.1484375,14.941406,14.550781
