max_fitness,coverage1,coverage2,coverage3
7.2027707,2.6367188,4.8828125,3.515625
