max_fitness,coverage1,coverage2,coverage3
1.8406574,8.886719,7.6171875,4.1992188
