max_fitness,coverage1,coverage2,coverage3
3.1110668,0.390625,2.9296875,2.5390625
