max_fitness,coverage1,coverage2,coverage3
4.5786333,21.972656,10.3515625,9.9609375
