max_fitness,coverage1,coverage2,coverage3
1.5781493,27.050781,38.183594,6.4453125
