max_fitness,coverage1,coverage2,coverage3
1.9572277,1.953125,2.0507812,2.34375
