max_fitness,coverage1,coverage2,coverage3
1.0309143,4.8828125,4.4921875,2.34375
