max_fitness,coverage1,coverage2,coverage3
0.6121694,3.515625,3.125,0.87890625
