max_fitness,coverage1,coverage2,coverage3
1.3406049,2.8320312,1.3671875,1.3671875
