max_fitness,coverage1,coverage2,coverage3
1.526959,0.390625,2.9296875,0.87890625
