max_fitness,coverage1,coverage2,coverage3
2.3006554,7.3242188,6.25,2.2460938
