max_fitness,coverage1,coverage2,coverage3
1.7514541,3.515625,4.8828125,2.5390625
