max_fitness,coverage1,coverage2,coverage3
-11.726938,3.3203125,2.34375,2.1484375
