max_fitness,coverage1,coverage2,coverage3
1.8273728,0.78125,4.8828125,2.8320312
