max_fitness,coverage1,coverage2,coverage3
6.810161,100.0,12.011719,12.011719
