max_fitness,coverage1,coverage2,coverage3
0.4216241,0.390625,2.9296875,3.125
