max_fitness,coverage1,coverage2,coverage3
4.242076,0.68359375,12.890625,4.8828125
