max_fitness,coverage1,coverage2,coverage3
1.6033632,2.1484375,4.8828125,2.1484375
