max_fitness,coverage1,coverage2,coverage3
8.582143,3.2226562,1.3671875,2.0507812
