max_fitness,coverage1,coverage2,coverage3
3.1134162,0.390625,4.8828125,2.34375
