max_fitness,coverage1,coverage2,coverage3
3.884887,9.863281,53.320312,8.59375
