max_fitness,coverage1,coverage2,coverage3
3.888206,1.953125,14.0625,6.4453125
