max_fitness,coverage1,coverage2,coverage3
1.0671824,0.390625,41.503906,5.3710938
