max_fitness,coverage1,coverage2,coverage3
0.62328285,0.29296875,2.1484375,0.9765625
