max_fitness,coverage1,coverage2,coverage3
1.9350291,24.902344,10.9375,14.0625
