max_fitness,coverage1,coverage2,coverage3
1.8048528,2.6367188,2.6367188,2.4414062
