max_fitness,coverage1,coverage2,coverage3
1.6194541,2.0507812,56.25,4.0039062
