max_fitness,coverage1,coverage2,coverage3
7.2920117,11.425781,9.9609375,4.3945312
