max_fitness,coverage1,coverage2,coverage3
1.8412187,4.8828125,4.1015625,2.0507812
