max_fitness,coverage1,coverage2,coverage3
4.200393,4.8828125,4.5898438,1.6601562
