max_fitness,coverage1,coverage2,coverage3
4.933059,14.746094,13.183594,10.3515625
