max_fitness,coverage1,coverage2,coverage3
2.083652,12.597656,12.890625,16.308594
