max_fitness,coverage1,coverage2,coverage3
6.283433,6.5429688,6.0546875,3.0273438
