max_fitness,coverage1,coverage2,coverage3
0.99919593,0.390625,3.8085938,3.4179688
