max_fitness,coverage1,coverage2,coverage3
4.716179,0.68359375,2.8320312,2.8320312
