max_fitness,coverage1,coverage2,coverage3
1.5151016,2.8320312,1.3671875,2.0507812
