max_fitness,coverage1,coverage2,coverage3
-0.5528705,4.0039062,4.8828125,3.515625
