max_fitness,coverage1,coverage2,coverage3
1.4256904,0.5859375,3.2226562,0.9765625
