max_fitness,coverage1,coverage2,coverage3
-1.6279534,3.3203125,0.9765625,2.4414062
