max_fitness,coverage1,coverage2,coverage3
-2.3414023,2.34375,2.34375,1.7578125
