max_fitness,coverage1,coverage2,coverage3
1.4885359,21.972656,10.3515625,13.964844
