max_fitness,coverage1,coverage2,coverage3
3.64945,24.804688,10.839844,11.816406
