max_fitness,coverage1,coverage2,coverage3
4.591159,17.578125,12.109375,14.6484375
