max_fitness,coverage1,coverage2,coverage3
0.9792225,3.8085938,3.4179688,1.171875
