max_fitness,coverage1,coverage2,coverage3
3.1545775,100.0,14.550781,10.3515625
