max_fitness,coverage1,coverage2,coverage3
5.823462,21.972656,10.3515625,17.871094
