max_fitness,coverage1,coverage2,coverage3
1.521594,2.6367188,2.6367188,2.734375
