max_fitness,coverage1,coverage2,coverage3
3.9136605,0.78125,4.8828125,1.4648438
