max_fitness,coverage1,coverage2,coverage3
3.9136605,16.015625,55.859375,8.203125
