max_fitness,coverage1,coverage2,coverage3
3.401092,1.6601562,57.421875,3.3203125
