max_fitness,coverage1,coverage2,coverage3
0.80318606,0.1953125,2.4414062,0.9765625
