max_fitness,coverage1,coverage2,coverage3
-0.46442673,3.4179688,3.125,1.171875
