max_fitness,coverage1,coverage2,coverage3
2.062503,0.5859375,5.2734375,5.2734375
