max_fitness,coverage1,coverage2,coverage3
1.8440928,0.5859375,3.515625,2.5390625
