max_fitness,coverage1,coverage2,coverage3
-1.4686886,2.4414062,1.8554688,3.7109375
