max_fitness,coverage1,coverage2,coverage3
4.6994576,4.1992188,4.8828125,3.2226562
