max_fitness,coverage1,coverage2,coverage3
0.19452639,0.1953125,4.8828125,0.78125
