max_fitness,coverage1,coverage2,coverage3
1.416869,2.4414062,1.8554688,1.8554688
