max_fitness,coverage1,coverage2,coverage3
2.1989255,0.5859375,3.2226562,2.1484375
