max_fitness,coverage1,coverage2,coverage3
2.4228811,1.6601562,57.421875,2.6367188
