max_fitness,coverage1,coverage2,coverage3
4.2654057,23.339844,11.425781,12.988281
