max_fitness,coverage1,coverage2,coverage3
2.3014338,3.3203125,2.34375,1.5625
