max_fitness,coverage1,coverage2,coverage3
1.1165094,4.1992188,4.8828125,1.4648438
