max_fitness,coverage1,coverage2,coverage3
4.523372,1.953125,2.0507812,1.171875
