max_fitness,coverage1,coverage2,coverage3
-1.6100631,0.9765625,2.5390625,3.3203125
