max_fitness,coverage1,coverage2,coverage3
2.1228254,0.29296875,1.7578125,1.953125
