max_fitness,coverage1,coverage2,coverage3
1.9067233,0.390625,3.125,1.2695312
