max_fitness,coverage1,coverage2,coverage3
5.5162845,4.8828125,4.3945312,1.8554688
