max_fitness,coverage1,coverage2,coverage3
1.183985,1.953125,2.0507812,0.9765625
