max_fitness,coverage1,coverage2,coverage3
10.856951,0.5859375,3.125,2.9296875
