max_fitness,coverage1,coverage2,coverage3
-1.5544318,1.953125,2.0507812,3.6132812
