max_fitness,coverage1,coverage2,coverage3
2.9878829,4.8828125,3.90625,1.5625
