max_fitness,coverage1,coverage2,coverage3
4.0180316,100.0,10.839844,12.597656
