max_fitness,coverage1,coverage2,coverage3
0.12798716,0.1953125,2.1484375,2.6367188
