max_fitness,coverage1,coverage2,coverage3
1.9067233,1.6601562,57.421875,4.296875
