max_fitness,coverage1,coverage2,coverage3
3.963376,8.203125,51.26953,12.109375
