max_fitness,coverage1,coverage2,coverage3
0.76128334,0.29296875,2.9296875,0.78125
