max_fitness,coverage1,coverage2,coverage3
0.9789316,0.390625,5.1757812,4.9804688
