max_fitness,coverage1,coverage2,coverage3
0.123794444,0.390625,5.1757812,4.7851562
