max_fitness,coverage1,coverage2,coverage3
2.4150813,2.8320312,1.3671875,2.9296875
