max_fitness,coverage1,coverage2,coverage3
1.3035915,2.0507812,4.8828125,1.171875
