max_fitness,coverage1,coverage2,coverage3
3.8959632,2.0507812,4.8828125,2.34375
