max_fitness,coverage1,coverage2,coverage3
0.7515303,4.8828125,2.1484375,1.5625
