max_fitness,coverage1,coverage2,coverage3
3.1882153,4.8828125,4.296875,3.7109375
