max_fitness,coverage1,coverage2,coverage3
-0.0057785395,0.390625,2.34375,2.734375
