max_fitness,coverage1,coverage2,coverage3
4.1608562,10.253906,8.496094,4.1015625
