max_fitness,coverage1,coverage2,coverage3
1.9566276,12.597656,12.890625,18.75
