max_fitness,coverage1,coverage2,coverage3
2.9397163,0.78125,6.4453125,5.6640625
