max_fitness,coverage1,coverage2,coverage3
2.7629783,0.5859375,3.125,2.2460938
