max_fitness,coverage1,coverage2,coverage3
6.5855403,3.0273438,17.578125,7.3242188
