max_fitness,coverage1,coverage2,coverage3
2.328061,2.8320312,1.3671875,2.5390625
