max_fitness,coverage1,coverage2,coverage3
0.6415667,3.4179688,3.125,1.2695312
