max_fitness,coverage1,coverage2,coverage3
7.3519325,28.515625,38.964844,11.621094
