max_fitness,coverage1,coverage2,coverage3
1.2925974,0.29296875,4.8828125,1.171875
