max_fitness,coverage1,coverage2,coverage3
1.5310502,4.1992188,4.8828125,2.4414062
