max_fitness,coverage1,coverage2,coverage3
1.5450808,4.7851562,57.03125,6.1523438
