max_fitness,coverage1,coverage2,coverage3
0.23630628,4.8828125,2.1484375,2.8320312
