max_fitness,coverage1,coverage2,coverage3
-11.561085,4.8828125,2.0507812,1.5625
