max_fitness,coverage1,coverage2,coverage3
2.799948,3.515625,4.8828125,2.0507812
