max_fitness,coverage1,coverage2,coverage3
3.3775635,1.8554688,14.84375,8.300781
