max_fitness,coverage1,coverage2,coverage3
1.6172774,26.660156,38.476562,6.25
