max_fitness,coverage1,coverage2,coverage3
2.4575725,0.5859375,3.515625,3.515625
