max_fitness,coverage1,coverage2,coverage3
0.031727247,2.8320312,2.6367188,0.9765625
