max_fitness,coverage1,coverage2,coverage3
1.5497484,3.2226562,13.378906,10.15625
