max_fitness,coverage1,coverage2,coverage3
1.1768849,4.8828125,2.734375,1.5625
