max_fitness,coverage1,coverage2,coverage3
6.037283,4.8828125,0.9765625,2.8320312
