max_fitness,coverage1,coverage2,coverage3
0.10058976,3.3203125,2.34375,1.4648438
