max_fitness,coverage1,coverage2,coverage3
1.4645833,26.171875,38.378906,5.078125
