max_fitness,coverage1,coverage2,coverage3
3.6562514,2.1484375,4.8828125,1.8554688
