max_fitness,coverage1,coverage2,coverage3
2.8030198,100.0,17.1875,12.3046875
