max_fitness,coverage1,coverage2,coverage3
3.5443382,0.78125,4.8828125,0.68359375
