max_fitness,coverage1,coverage2,coverage3
5.5262256,2.6367188,2.6367188,2.9296875
