max_fitness,coverage1,coverage2,coverage3
1.7923118,100.0,19.921875,11.425781
