max_fitness,coverage1,coverage2,coverage3
0.77036536,0.390625,4.8828125,0.48828125
