max_fitness,coverage1,coverage2,coverage3
2.6204398,2.8320312,2.4414062,1.953125
