max_fitness,coverage1,coverage2,coverage3
1.563777,2.6367188,3.0273438,1.8554688
