max_fitness,coverage1,coverage2,coverage3
3.390768,22.949219,55.566406,7.5195312
