max_fitness,coverage1,coverage2,coverage3
1.3017514,0.390625,5.2734375,4.4921875
