max_fitness,coverage1,coverage2,coverage3
1.4188279,24.804688,10.839844,12.792969
