max_fitness,coverage1,coverage2,coverage3
0.09758535,2.8320312,1.3671875,2.9296875
