max_fitness,coverage1,coverage2,coverage3
4.9306903,3.8085938,53.61328,11.1328125
