max_fitness,coverage1,coverage2,coverage3
-1.5450848,3.2226562,1.3671875,3.7109375
