max_fitness,coverage1,coverage2,coverage3
0.5653007,2.8320312,2.2460938,0.68359375
