max_fitness,coverage1,coverage2,coverage3
2.805003,4.8828125,3.90625,4.1015625
