max_fitness,coverage1,coverage2,coverage3
1.8424348,6.640625,6.1523438,2.5390625
