max_fitness,coverage1,coverage2,coverage3
0.8679113,0.48828125,4.8828125,1.0742188
