max_fitness,coverage1,coverage2,coverage3
4.97246,2.6367188,3.0273438,1.3671875
