max_fitness,coverage1,coverage2,coverage3
1.3508089,4.8828125,4.5898438,1.7578125
