max_fitness,coverage1,coverage2,coverage3
1.1356041,4.8828125,4.1015625,0.87890625
