max_fitness,coverage1,coverage2,coverage3
-0.14230293,4.0039062,2.2460938,3.125
