max_fitness,coverage1,coverage2,coverage3
0.89551485,0.48828125,5.5664062,5.2734375
