max_fitness,coverage1,coverage2,coverage3
6.1794524,19.433594,9.082031,8.984375
