max_fitness,coverage1,coverage2,coverage3
1.6436067,15.917969,13.964844,15.527344
