max_fitness,coverage1,coverage2,coverage3
1.1543797,0.1953125,4.8828125,0.48828125
