max_fitness,coverage1,coverage2,coverage3
1.1325753,0.68359375,31.640625,1.171875
