max_fitness,coverage1,coverage2,coverage3
-11.15282,2.0507812,4.8828125,2.5390625
