max_fitness,coverage1,coverage2,coverage3
1.726564,0.5859375,3.2226562,2.1484375
