max_fitness,coverage1,coverage2,coverage3
0.684426,0.390625,2.9296875,1.6601562
