max_fitness,coverage1,coverage2,coverage3
5.1696253,0.29296875,3.125,1.4648438
