max_fitness,coverage1,coverage2,coverage3
-1.1721032,1.3671875,4.8828125,2.2460938
