max_fitness,coverage1,coverage2,coverage3
-0.6404723,0.5859375,2.734375,3.4179688
