max_fitness,coverage1,coverage2,coverage3
4.896141,1.953125,14.0625,13.0859375
