max_fitness,coverage1,coverage2,coverage3
2.2857919,3.0273438,17.578125,12.6953125
