max_fitness,coverage1,coverage2,coverage3
2.7370267,0.5859375,3.2226562,2.34375
