max_fitness,coverage1,coverage2,coverage3
-0.6950231,0.29296875,1.7578125,3.4179688
