max_fitness,coverage1,coverage2,coverage3
2.9878829,8.496094,7.1289062,1.8554688
