max_fitness,coverage1,coverage2,coverage3
3.816684,15.332031,52.441406,9.5703125
