max_fitness,coverage1,coverage2,coverage3
0.14103459,0.29296875,5.2734375,4.9804688
