max_fitness,coverage1,coverage2,coverage3
2.2223768,0.390625,0.78125,2.5390625
