max_fitness,coverage1,coverage2,coverage3
8.210766,14.746094,13.183594,25.585938
