max_fitness,coverage1,coverage2,coverage3
3.0060344,3.7109375,4.8828125,2.34375
