max_fitness,coverage1,coverage2,coverage3
1.0396413,0.5859375,3.125,1.171875
