max_fitness,coverage1,coverage2,coverage3
0.11018503,3.515625,4.8828125,1.171875
