max_fitness,coverage1,coverage2,coverage3
1.4296607,0.78125,6.4453125,17.578125
