max_fitness,coverage1,coverage2,coverage3
2.1960523,3.4179688,4.8828125,1.2695312
