max_fitness,coverage1,coverage2,coverage3
4.774922,1.3671875,2.0507812,3.125
