max_fitness,coverage1,coverage2,coverage3
2.0117657,4.8828125,3.90625,2.4414062
