max_fitness,coverage1,coverage2,coverage3
0.993433,4.8828125,2.8320312,3.125
