max_fitness,coverage1,coverage2,coverage3
8.132245,0.9765625,2.5390625,3.515625
