max_fitness,coverage1,coverage2,coverage3
-10.84876,4.0039062,4.8828125,2.2460938
