max_fitness,coverage1,coverage2,coverage3
2.9722414,100.0,14.6484375,7.9101562
