max_fitness,coverage1,coverage2,coverage3
0.4815666,0.390625,2.34375,1.0742188
