max_fitness,coverage1,coverage2,coverage3
3.0736554,4.8828125,4.6875,2.734375
