max_fitness,coverage1,coverage2,coverage3
-1.4726875,4.0039062,2.2460938,2.734375
