max_fitness,coverage1,coverage2,coverage3
5.873231,25.878906,38.183594,10.449219
