max_fitness,coverage1,coverage2,coverage3
1.4441627,0.390625,2.734375,2.34375
