max_fitness,coverage1,coverage2,coverage3
1.5383619,27.441406,37.402344,7.03125
