max_fitness,coverage1,coverage2,coverage3
3.0829887,100.0,13.769531,8.7890625
