max_fitness,coverage1,coverage2,coverage3
0.83724034,4.8828125,1.7578125,2.0507812
