max_fitness,coverage1,coverage2,coverage3
1.9631524,16.015625,55.859375,10.9375
