max_fitness,coverage1,coverage2,coverage3
1.8240786,1.3671875,2.0507812,2.0507812
