max_fitness,coverage1,coverage2,coverage3
8.1393175,3.7109375,4.8828125,3.6132812
