max_fitness,coverage1,coverage2,coverage3
-1.5453769,1.3671875,4.8828125,2.6367188
