max_fitness,coverage1,coverage2,coverage3
0.19857721,4.8828125,1.2695312,3.125
