max_fitness,coverage1,coverage2,coverage3
0.21752468,0.390625,3.125,2.6367188
