max_fitness,coverage1,coverage2,coverage3
1.4559041,3.125,2.9296875,0.9765625
