max_fitness,coverage1,coverage2,coverage3
3.7259796,3.8085938,12.988281,6.0546875
