max_fitness,coverage1,coverage2,coverage3
0.49413788,3.2226562,2.734375,1.171875
