max_fitness,coverage1,coverage2,coverage3
1.0341562,0.29296875,2.1484375,1.953125
