max_fitness,coverage1,coverage2,coverage3
8.505789,5.46875,4.8828125,3.515625
