max_fitness,coverage1,coverage2,coverage3
3.3383806,27.441406,37.402344,7.2265625
