max_fitness,coverage1,coverage2,coverage3
1.0309281,2.8320312,2.2460938,1.4648438
