max_fitness,coverage1,coverage2,coverage3
-2.9305875,0.5859375,3.2226562,2.6367188
