max_fitness,coverage1,coverage2,coverage3
5.6329575,0.9765625,4.8828125,2.8320312
