max_fitness,coverage1,coverage2,coverage3
1.1800407,4.0039062,2.2460938,1.0742188
