max_fitness,coverage1,coverage2,coverage3
6.525963,0.5859375,2.734375,3.3203125
