max_fitness,coverage1,coverage2,coverage3
-1.6103483,3.0273438,4.8828125,3.8085938
