max_fitness,coverage1,coverage2,coverage3
6.3030534,1.0742188,36.816406,12.402344
