max_fitness,coverage1,coverage2,coverage3
1.569357,22.949219,55.566406,6.9335938
