max_fitness,coverage1,coverage2,coverage3
1.0507663,0.9765625,3.0273438,0.9765625
