max_fitness,coverage1,coverage2,coverage3
6.3712826,100.0,14.550781,15.4296875
