max_fitness,coverage1,coverage2,coverage3
7.164377,3.2226562,13.378906,10.058594
