max_fitness,coverage1,coverage2,coverage3
1.9288325,26.660156,38.671875,10.15625
