max_fitness,coverage1,coverage2,coverage3
1.2287251,2.34375,2.34375,0.9765625
