max_fitness,coverage1,coverage2,coverage3
3.6692653,10.253906,8.496094,1.7578125
