max_fitness,coverage1,coverage2,coverage3
1.9442782,11.230469,13.4765625,20.214844
