max_fitness,coverage1,coverage2,coverage3
0.3258172,3.3203125,0.9765625,0.87890625
