max_fitness,coverage1,coverage2,coverage3
3.5876653,22.167969,9.1796875,12.5
