max_fitness,coverage1,coverage2,coverage3
4.6625156,1.8554688,14.84375,13.4765625
