max_fitness,coverage1,coverage2,coverage3
1.6249641,0.5859375,2.734375,1.0742188
