max_fitness,coverage1,coverage2,coverage3
3.871253,2.0507812,4.8828125,1.6601562
