max_fitness,coverage1,coverage2,coverage3
-1.7258948,0.390625,2.34375,4.1015625
