max_fitness,coverage1,coverage2,coverage3
-12.527531,2.6367188,4.8828125,2.2460938
