max_fitness,coverage1,coverage2,coverage3
2.1621563,100.0,19.335938,10.3515625
