max_fitness,coverage1,coverage2,coverage3
1.9918814,2.6367188,4.8828125,1.953125
