max_fitness,coverage1,coverage2,coverage3
3.0048523,4.8828125,2.8320312,2.6367188
