max_fitness,coverage1,coverage2,coverage3
1.3412232,5.1757812,4.9804688,2.0507812
