max_fitness,coverage1,coverage2,coverage3
6.5812316,100.0,12.011719,4.8828125
