max_fitness,coverage1,coverage2,coverage3
4.848916,2.4414062,14.550781,6.9335938
