max_fitness,coverage1,coverage2,coverage3
1.265978,4.8828125,2.734375,0.9765625
