max_fitness,coverage1,coverage2,coverage3
0.9731752,0.5859375,34.86328,5.7617188
