max_fitness,coverage1,coverage2,coverage3
4.7636333,14.746094,14.550781,11.816406
