max_fitness,coverage1,coverage2,coverage3
0.9716126,0.390625,3.8085938,4.3945312
