max_fitness,coverage1,coverage2,coverage3
5.4938135,0.48828125,4.8828125,1.5625
