max_fitness,coverage1,coverage2,coverage3
-2.8745196,2.5390625,2.5390625,2.0507812
