max_fitness,coverage1,coverage2,coverage3
5.7789593,4.8828125,1.8554688,1.953125
