max_fitness,coverage1,coverage2,coverage3
1.5380014,2.8320312,2.4414062,1.4648438
