max_fitness,coverage1,coverage2,coverage3
0.5974943,0.5859375,3.515625,2.2460938
