max_fitness,coverage1,coverage2,coverage3
1.5604087,2.8320312,2.6367188,1.7578125
