max_fitness,coverage1,coverage2,coverage3
0.23867227,2.4414062,1.8554688,2.734375
