max_fitness,coverage1,coverage2,coverage3
1.1014012,4.0039062,4.8828125,1.0742188
