max_fitness,coverage1,coverage2,coverage3
7.744541,0.78125,4.8828125,2.6367188
