max_fitness,coverage1,coverage2,coverage3
8.186983,2.4414062,1.8554688,3.125
