max_fitness,coverage1,coverage2,coverage3
6.5787206,4.8828125,3.0273438,4.1015625
