max_fitness,coverage1,coverage2,coverage3
0.9053184,0.390625,5.2734375,4.8828125
