max_fitness,coverage1,coverage2,coverage3
1.6660358,3.3203125,0.9765625,1.4648438
