max_fitness,coverage1,coverage2,coverage3
1.511583,2.8320312,2.5390625,1.171875
