max_fitness,coverage1,coverage2,coverage3
3.5747015,28.515625,38.964844,9.667969
