max_fitness,coverage1,coverage2,coverage3
4.6261544,29.394531,41.992188,5.9570312
