max_fitness,coverage1,coverage2,coverage3
0.37683228,0.5859375,3.125,1.4648438
