max_fitness,coverage1,coverage2,coverage3
4.350065,4.8828125,1.7578125,1.953125
