max_fitness,coverage1,coverage2,coverage3
-0.4328002,0.390625,2.9296875,2.9296875
