max_fitness,coverage1,coverage2,coverage3
-1.4178226,4.8828125,2.8320312,2.4414062
