max_fitness,coverage1,coverage2,coverage3
1.0407051,0.390625,41.503906,1.7578125
