max_fitness,coverage1,coverage2,coverage3
0.97267795,4.8828125,4.1015625,1.0742188
