max_fitness,coverage1,coverage2,coverage3
6.247091,4.0039062,2.2460938,0.9765625
