max_fitness,coverage1,coverage2,coverage3
2.6604595,4.8828125,2.8320312,1.3671875
