max_fitness,coverage1,coverage2,coverage3
3.5766418,27.441406,37.402344,4.296875
