max_fitness,coverage1,coverage2,coverage3
3.9315414,4.8828125,3.90625,2.8320312
