max_fitness,coverage1,coverage2,coverage3
2.172104,3.8085938,3.4179688,1.5625
