max_fitness,coverage1,coverage2,coverage3
-2.4017637,0.29296875,1.7578125,2.734375
