max_fitness,coverage1,coverage2,coverage3
7.8406124,10.7421875,14.0625,30.957031
