max_fitness,coverage1,coverage2,coverage3
0.65859264,2.8320312,2.5390625,1.3671875
