max_fitness,coverage1,coverage2,coverage3
5.9576287,24.902344,10.9375,18.652344
