max_fitness,coverage1,coverage2,coverage3
3.3982666,0.5859375,3.2226562,1.3671875
