max_fitness,coverage1,coverage2,coverage3
4.7335544,1.7578125,55.17578,3.8085938
