max_fitness,coverage1,coverage2,coverage3
1.3497317,1.3671875,1.171875,2.6367188
