max_fitness,coverage1,coverage2,coverage3
2.218788,4.7851562,57.03125,6.0546875
