max_fitness,coverage1,coverage2,coverage3
0.3730315,4.8828125,3.0273438,1.2695312
