max_fitness,coverage1,coverage2,coverage3
1.5585408,100.0,16.015625,9.765625
