max_fitness,coverage1,coverage2,coverage3
3.8252733,3.0273438,55.76172,3.125
