max_fitness,coverage1,coverage2,coverage3
-13.162257,0.68359375,2.8320312,1.953125
