max_fitness,coverage1,coverage2,coverage3
0.80318606,0.29296875,5.2734375,5.5664062
