max_fitness,coverage1,coverage2,coverage3
3.390768,4.8828125,2.8320312,1.5625
