max_fitness,coverage1,coverage2,coverage3
2.144705,6.640625,6.1523438,1.8554688
