max_fitness,coverage1,coverage2,coverage3
1.7149442,15.917969,14.453125,16.796875
