max_fitness,coverage1,coverage2,coverage3
2.1182196,4.1992188,4.8828125,2.4414062
