max_fitness,coverage1,coverage2,coverage3
-0.010072821,0.390625,0.5859375,2.9296875
