max_fitness,coverage1,coverage2,coverage3
3.0611725,3.3203125,0.9765625,0.68359375
