max_fitness,coverage1,coverage2,coverage3
0.9155503,0.390625,5.1757812,5.1757812
