max_fitness,coverage1,coverage2,coverage3
6.157449,2.8320312,2.4414062,1.953125
