max_fitness,coverage1,coverage2,coverage3
6.5989814,4.8828125,4.6875,2.6367188
