max_fitness,coverage1,coverage2,coverage3
1.2753743,0.390625,2.9296875,1.6601562
