max_fitness,coverage1,coverage2,coverage3
0.31693032,4.8828125,1.3671875,0.87890625
