max_fitness,coverage1,coverage2,coverage3
3.3828645,4.8828125,0.9765625,1.4648438
