max_fitness,coverage1,coverage2,coverage3
-0.4151728,0.5859375,4.8828125,1.4648438
