max_fitness,coverage1,coverage2,coverage3
3.8931012,100.0,13.769531,7.2265625
