max_fitness,coverage1,coverage2,coverage3
1.3916097,4.9804688,57.8125,5.46875
