max_fitness,coverage1,coverage2,coverage3
3.5680792,2.6367188,2.6367188,1.6601562
