max_fitness,coverage1,coverage2,coverage3
2.0324628,4.8828125,4.3945312,1.7578125
