max_fitness,coverage1,coverage2,coverage3
-0.56470776,1.3671875,1.171875,1.6601562
