max_fitness,coverage1,coverage2,coverage3
5.9422364,4.0039062,2.2460938,2.9296875
