max_fitness,coverage1,coverage2,coverage3
8.625863,15.4296875,12.792969,27.539062
