max_fitness,coverage1,coverage2,coverage3
3.696635,2.6367188,3.0273438,1.5625
