max_fitness,coverage1,coverage2,coverage3
-0.48843926,4.8828125,2.0507812,2.2460938
