max_fitness,coverage1,coverage2,coverage3
2.5983143,0.390625,0.5859375,1.5625
