max_fitness,coverage1,coverage2,coverage3
6.014193,100.0,10.839844,14.2578125
