max_fitness,coverage1,coverage2,coverage3
0.605771,2.8320312,2.6367188,0.87890625
