max_fitness,coverage1,coverage2,coverage3
3.6851861,1.3671875,2.0507812,1.3671875
