max_fitness,coverage1,coverage2,coverage3
3.6152918,1.0742188,6.640625,11.328125
