max_fitness,coverage1,coverage2,coverage3
0.49730414,0.48828125,37.597656,2.9296875
