max_fitness,coverage1,coverage2,coverage3
3.9511096,100.0,14.6484375,13.28125
