max_fitness,coverage1,coverage2,coverage3
2.7358634,27.148438,37.79297,7.7148438
