max_fitness,coverage1,coverage2,coverage3
0.60174286,1.3671875,1.171875,1.3671875
