max_fitness,coverage1,coverage2,coverage3
5.797251,24.804688,10.839844,21.386719
