max_fitness,coverage1,coverage2,coverage3
-1.7915756,3.0273438,4.8828125,1.8554688
