max_fitness,coverage1,coverage2,coverage3
-12.094821,4.3945312,4.8828125,2.734375
