max_fitness,coverage1,coverage2,coverage3
0.78648865,0.390625,4.8828125,1.171875
