max_fitness,coverage1,coverage2,coverage3
1.1014012,3.3203125,0.9765625,0.87890625
