max_fitness,coverage1,coverage2,coverage3
9.212354,3.8085938,53.61328,14.2578125
