max_fitness,coverage1,coverage2,coverage3
0.71814454,4.8828125,4.6875,2.734375
