max_fitness,coverage1,coverage2,coverage3
3.6540368,21.972656,10.3515625,14.160156
