max_fitness,coverage1,coverage2,coverage3
0.34520563,0.9765625,4.8828125,0.78125
