max_fitness,coverage1,coverage2,coverage3
4.29272,11.230469,13.4765625,13.183594
