max_fitness,coverage1,coverage2,coverage3
1.5917912,0.1953125,2.1484375,1.953125
