max_fitness,coverage1,coverage2,coverage3
3.324785,19.433594,9.082031,12.109375
