max_fitness,coverage1,coverage2,coverage3
0.20962302,0.390625,2.734375,1.5625
