max_fitness,coverage1,coverage2,coverage3
-0.0681476,3.2226562,1.3671875,0.9765625
