max_fitness,coverage1,coverage2,coverage3
3.5549626,5.1757812,4.9804688,1.2695312
