max_fitness,coverage1,coverage2,coverage3
0.4842504,2.8320312,2.5390625,0.68359375
