max_fitness,coverage1,coverage2,coverage3
0.50825024,4.3945312,4.8828125,2.34375
