max_fitness,coverage1,coverage2,coverage3
1.4170657,1.0742188,36.816406,7.7148438
