max_fitness,coverage1,coverage2,coverage3
0.809217,0.5859375,39.746094,4.1992188
