max_fitness,coverage1,coverage2,coverage3
3.8537056,4.9804688,57.8125,2.9296875
