max_fitness,coverage1,coverage2,coverage3
0.66846615,2.4414062,2.2460938,2.4414062
