max_fitness,coverage1,coverage2,coverage3
3.9026647,22.949219,55.566406,8.496094
