max_fitness,coverage1,coverage2,coverage3
2.932799,25.878906,38.183594,5.7617188
