max_fitness,coverage1,coverage2,coverage3
0.06526768,4.8828125,2.734375,3.2226562
