max_fitness,coverage1,coverage2,coverage3
0.7756529,0.29296875,4.8828125,1.4648438
