max_fitness,coverage1,coverage2,coverage3
1.3658805,0.29296875,4.0039062,3.4179688
