max_fitness,coverage1,coverage2,coverage3
1.8519181,0.5859375,34.86328,3.3203125
