max_fitness,coverage1,coverage2,coverage3
0.2740236,2.8320312,2.4414062,1.0742188
