max_fitness,coverage1,coverage2,coverage3
6.651487,14.355469,52.63672,6.8359375
