max_fitness,coverage1,coverage2,coverage3
-0.006402652,0.29296875,2.9296875,3.125
