max_fitness,coverage1,coverage2,coverage3
1.5917912,2.734375,2.34375,1.171875
