max_fitness,coverage1,coverage2,coverage3
1.9403722,14.746094,13.183594,16.796875
