max_fitness,coverage1,coverage2,coverage3
-0.10592906,1.3671875,2.0507812,0.68359375
