max_fitness,coverage1,coverage2,coverage3
5.903883,0.87890625,36.914062,5.9570312
