max_fitness,coverage1,coverage2,coverage3
3.7783117,2.4414062,1.8554688,2.1484375
