max_fitness,coverage1,coverage2,coverage3
0.9081053,0.5859375,39.746094,1.2695312
