max_fitness,coverage1,coverage2,coverage3
6.762403,100.0,17.773438,16.503906
