max_fitness,coverage1,coverage2,coverage3
-1.7164587,1.3671875,1.171875,3.3203125
