max_fitness,coverage1,coverage2,coverage3
6.2357802,100.0,13.183594,3.515625
