max_fitness,coverage1,coverage2,coverage3
1.2312833,2.4414062,1.8554688,1.953125
