max_fitness,coverage1,coverage2,coverage3
0.030167863,0.5859375,4.8828125,2.4414062
