max_fitness,coverage1,coverage2,coverage3
1.4732554,28.222656,40.039062,7.7148438
