max_fitness,coverage1,coverage2,coverage3
6.037283,100.0,14.6484375,17.089844
