max_fitness,coverage1,coverage2,coverage3
1.0315564,0.48828125,5.5664062,4.1015625
