max_fitness,coverage1,coverage2,coverage3
1.7112337,1.0742188,36.816406,10.546875
