max_fitness,coverage1,coverage2,coverage3
2.0919986,0.87890625,4.8828125,2.9296875
