max_fitness,coverage1,coverage2,coverage3
2.8792157,3.8085938,53.61328,4.7851562
