max_fitness,coverage1,coverage2,coverage3
4.3179235,27.832031,53.90625,11.621094
