max_fitness,coverage1,coverage2,coverage3
4.4401326,4.8828125,2.734375,2.8320312
