max_fitness,coverage1,coverage2,coverage3
0.1658897,4.8828125,1.953125,1.0742188
