max_fitness,coverage1,coverage2,coverage3
4.438253,100.0,12.011719,10.3515625
