max_fitness,coverage1,coverage2,coverage3
1.8743223,2.6367188,2.6367188,3.2226562
