max_fitness,coverage1,coverage2,coverage3
6.287274,15.4296875,12.792969,9.863281
