max_fitness,coverage1,coverage2,coverage3
6.4846706,2.5390625,2.5390625,1.8554688
