max_fitness,coverage1,coverage2,coverage3
0.73839295,3.125,2.9296875,1.171875
