max_fitness,coverage1,coverage2,coverage3
0.8126159,0.48828125,40.527344,4.4921875
