max_fitness,coverage1,coverage2,coverage3
1.8074116,3.3203125,0.9765625,1.6601562
