max_fitness,coverage1,coverage2,coverage3
0.3137507,3.125,2.9296875,1.3671875
