max_fitness,coverage1,coverage2,coverage3
2.6659276,7.3242188,6.25,3.3203125
