max_fitness,coverage1,coverage2,coverage3
1.9479328,17.578125,12.109375,13.0859375
