max_fitness,coverage1,coverage2,coverage3
0.9789316,0.5859375,38.085938,1.0742188
