max_fitness,coverage1,coverage2,coverage3
5.5536585,20.117188,9.9609375,12.3046875
