max_fitness,coverage1,coverage2,coverage3
1.4305862,6.5429688,6.0546875,3.0273438
