max_fitness,coverage1,coverage2,coverage3
-0.47709036,4.1992188,4.8828125,3.125
