max_fitness,coverage1,coverage2,coverage3
1.8280367,3.8085938,3.4179688,1.7578125
