max_fitness,coverage1,coverage2,coverage3
7.744541,0.5859375,3.515625,2.8320312
