max_fitness,coverage1,coverage2,coverage3
3.418231,0.48828125,4.8828125,1.3671875
