max_fitness,coverage1,coverage2,coverage3
2.1282904,0.87890625,36.914062,3.8085938
