max_fitness,coverage1,coverage2,coverage3
7.744638,2.5390625,2.5390625,3.3203125
