max_fitness,coverage1,coverage2,coverage3
9.142731,100.0,19.921875,15.8203125
