max_fitness,coverage1,coverage2,coverage3
0.09342215,3.4179688,4.8828125,1.6601562
