max_fitness,coverage1,coverage2,coverage3
2.0335188,7.3242188,6.25,2.6367188
