max_fitness,coverage1,coverage2,coverage3
0.76083547,3.4179688,3.125,0.5859375
