max_fitness,coverage1,coverage2,coverage3
3.5766418,23.828125,11.035156,8.59375
