max_fitness,coverage1,coverage2,coverage3
0.065226465,4.8828125,1.6601562,0.390625
