max_fitness,coverage1,coverage2,coverage3
1.1360967,0.5859375,4.3945312,4.296875
