max_fitness,coverage1,coverage2,coverage3
9.026533,0.29296875,3.125,2.8320312
