max_fitness,coverage1,coverage2,coverage3
1.7213076,19.433594,9.082031,13.28125
