max_fitness,coverage1,coverage2,coverage3
5.417113,3.4179688,3.125,1.7578125
