max_fitness,coverage1,coverage2,coverage3
3.8693004,99.70703,17.96875,8.7890625
