max_fitness,coverage1,coverage2,coverage3
0.279246,3.3203125,0.9765625,1.2695312
