max_fitness,coverage1,coverage2,coverage3
-1.4822544,1.7578125,1.0742188,3.3203125
