max_fitness,coverage1,coverage2,coverage3
4.745699,2.8320312,1.3671875,1.4648438
