max_fitness,coverage1,coverage2,coverage3
0.09342215,4.8828125,2.0507812,1.5625
