max_fitness,coverage1,coverage2,coverage3
1.448153,0.29296875,3.125,1.4648438
