max_fitness,coverage1,coverage2,coverage3
1.2620419,0.1953125,2.4414062,2.9296875
