max_fitness,coverage1,coverage2,coverage3
-0.053561896,4.8828125,2.1484375,1.7578125
