max_fitness,coverage1,coverage2,coverage3
3.7927144,27.050781,38.183594,8.105469
