max_fitness,coverage1,coverage2,coverage3
7.268029,9.863281,53.320312,12.792969
