max_fitness,coverage1,coverage2,coverage3
1.8929216,3.515625,4.8828125,3.2226562
