max_fitness,coverage1,coverage2,coverage3
-0.3118608,1.3671875,1.171875,1.2695312
