max_fitness,coverage1,coverage2,coverage3
2.6843886,4.8828125,3.0273438,2.34375
