max_fitness,coverage1,coverage2,coverage3
1.1538415,0.5859375,4.3945312,6.4453125
