max_fitness,coverage1,coverage2,coverage3
-5.9545293,4.8828125,2.734375,1.953125
