max_fitness,coverage1,coverage2,coverage3
1.0873866,0.9765625,1.2695312,3.90625
