max_fitness,coverage1,coverage2,coverage3
10.856951,3.0273438,17.578125,16.503906
