max_fitness,coverage1,coverage2,coverage3
2.4030888,4.0039062,2.2460938,1.4648438
