max_fitness,coverage1,coverage2,coverage3
2.8091981,1.8554688,14.84375,14.2578125
