max_fitness,coverage1,coverage2,coverage3
-2.2131817,4.8828125,4.1015625,2.2460938
