max_fitness,coverage1,coverage2,coverage3
2.1557841,2.6367188,3.0273438,1.7578125
