max_fitness,coverage1,coverage2,coverage3
-1.411533,0.9765625,1.2695312,3.8085938
