max_fitness,coverage1,coverage2,coverage3
1.9446088,1.8554688,14.84375,11.9140625
