max_fitness,coverage1,coverage2,coverage3
-1.2221794,4.8828125,1.953125,2.8320312
