max_fitness,coverage1,coverage2,coverage3
0.64601785,0.29296875,2.8320312,1.2695312
