max_fitness,coverage1,coverage2,coverage3
7.8406124,10.644531,54.296875,16.699219
