max_fitness,coverage1,coverage2,coverage3
4.2024713,100.0,17.96875,12.988281
