max_fitness,coverage1,coverage2,coverage3
1.7992017,1.7578125,54.19922,5.6640625
