max_fitness,coverage1,coverage2,coverage3
-14.7722025,4.8828125,1.6601562,0.87890625
