max_fitness,coverage1,coverage2,coverage3
1.3013216,0.29296875,2.1484375,1.7578125
