max_fitness,coverage1,coverage2,coverage3
5.2106905,3.515625,2.2460938,3.6132812
