max_fitness,coverage1,coverage2,coverage3
1.6181122,100.0,11.816406,9.472656
