max_fitness,coverage1,coverage2,coverage3
1.7212646,1.7578125,55.17578,5.6640625
