max_fitness,coverage1,coverage2,coverage3
1.3886291,0.5859375,38.085938,2.34375
