max_fitness,coverage1,coverage2,coverage3
0.5718083,0.48828125,4.8828125,1.2695312
