max_fitness,coverage1,coverage2,coverage3
6.963472,3.4179688,1.4648438,3.3203125
