max_fitness,coverage1,coverage2,coverage3
0.13848992,3.515625,4.8828125,3.7109375
