max_fitness,coverage1,coverage2,coverage3
-0.35843152,4.8828125,1.2695312,0.390625
