max_fitness,coverage1,coverage2,coverage3
6.30329,15.332031,52.441406,13.4765625
