max_fitness,coverage1,coverage2,coverage3
4.1628227,99.70703,17.089844,14.355469
