max_fitness,coverage1,coverage2,coverage3
5.5262256,99.609375,19.726562,16.40625
