max_fitness,coverage1,coverage2,coverage3
6.1756,22.949219,55.566406,3.8085938
