max_fitness,coverage1,coverage2,coverage3
2.182543,4.8828125,1.953125,2.1484375
