max_fitness,coverage1,coverage2,coverage3
6.810161,4.8828125,2.0507812,3.3203125
