max_fitness,coverage1,coverage2,coverage3
6.819752,2.5390625,56.73828,10.253906
