max_fitness,coverage1,coverage2,coverage3
2.8712838,9.863281,53.320312,5.9570312
