max_fitness,coverage1,coverage2,coverage3
-6.860288,4.8828125,2.0507812,1.7578125
