max_fitness,coverage1,coverage2,coverage3
2.9973671,20.117188,9.9609375,13.671875
