max_fitness,coverage1,coverage2,coverage3
6.214598,26.660156,38.671875,6.640625
