max_fitness,coverage1,coverage2,coverage3
0.48632488,4.8828125,2.734375,3.515625
