max_fitness,coverage1,coverage2,coverage3
0.6915852,3.125,2.9296875,1.0742188
