max_fitness,coverage1,coverage2,coverage3
8.210766,16.015625,55.859375,13.0859375
