max_fitness,coverage1,coverage2,coverage3
5.1304297,4.8828125,4.296875,2.1484375
