max_fitness,coverage1,coverage2,coverage3
0.1953452,0.29296875,1.7578125,0.48828125
