max_fitness,coverage1,coverage2,coverage3
0.89828646,0.5859375,4.3945312,3.90625
