max_fitness,coverage1,coverage2,coverage3
6.6633673,100.0,19.921875,7.2265625
