max_fitness,coverage1,coverage2,coverage3
0.6575591,0.78125,37.304688,1.953125
