max_fitness,coverage1,coverage2,coverage3
8.267622,22.167969,9.1796875,15.332031
