max_fitness,coverage1,coverage2,coverage3
5.1304297,8.886719,7.6171875,2.4414062
