max_fitness,coverage1,coverage2,coverage3
2.2377062,100.0,19.921875,12.597656
