max_fitness,coverage1,coverage2,coverage3
3.6692653,4.8828125,4.5898438,1.3671875
