max_fitness,coverage1,coverage2,coverage3
0.5146855,4.8828125,3.90625,3.3203125
