max_fitness,coverage1,coverage2,coverage3
0.5103283,0.9765625,1.2695312,4.1015625
