max_fitness,coverage1,coverage2,coverage3
1.2580285,2.6367188,4.8828125,1.6601562
