max_fitness,coverage1,coverage2,coverage3
5.53713,1.7578125,1.0742188,1.0742188
