max_fitness,coverage1,coverage2,coverage3
3.5753884,0.48828125,4.8828125,0.87890625
