max_fitness,coverage1,coverage2,coverage3
-1.5450996,0.48828125,4.8828125,3.8085938
