max_fitness,coverage1,coverage2,coverage3
-12.793342,4.8828125,1.3671875,1.5625
