max_fitness,coverage1,coverage2,coverage3
0.5520133,0.5859375,38.085938,2.8320312
