max_fitness,coverage1,coverage2,coverage3
6.5830355,3.8085938,53.61328,3.90625
