max_fitness,coverage1,coverage2,coverage3
6.3404303,27.050781,38.183594,4.1015625
