max_fitness,coverage1,coverage2,coverage3
0.097910486,2.6367188,4.8828125,4.0039062
