max_fitness,coverage1,coverage2,coverage3
3.810656,15.4296875,12.792969,15.722656
