max_fitness,coverage1,coverage2,coverage3
0.7223141,2.34375,2.34375,2.8320312
