max_fitness,coverage1,coverage2,coverage3
1.1087011,2.2460938,4.8828125,1.2695312
