max_fitness,coverage1,coverage2,coverage3
1.7773027,4.8828125,1.2695312,1.5625
