max_fitness,coverage1,coverage2,coverage3
0.9070567,0.48828125,5.5664062,4.0039062
