max_fitness,coverage1,coverage2,coverage3
0.022175863,0.78125,4.8828125,1.8554688
