max_fitness,coverage1,coverage2,coverage3
-7.268553,4.8828125,4.3945312,2.8320312
