max_fitness,coverage1,coverage2,coverage3
0.7595757,1.3671875,4.8828125,0.9765625
