max_fitness,coverage1,coverage2,coverage3
6.530954,1.7578125,54.19922,6.3476562
