max_fitness,coverage1,coverage2,coverage3
5.2106905,19.433594,9.082031,16.699219
