max_fitness,coverage1,coverage2,coverage3
6.8926973,12.597656,12.890625,26.855469
