max_fitness,coverage1,coverage2,coverage3
0.20905714,0.390625,3.8085938,4.5898438
