max_fitness,coverage1,coverage2,coverage3
-0.49715355,2.8320312,1.3671875,3.7109375
