max_fitness,coverage1,coverage2,coverage3
3.7919683,100.0,19.335938,13.0859375
