max_fitness,coverage1,coverage2,coverage3
0.7393299,2.6367188,2.6367188,2.1484375
