max_fitness,coverage1,coverage2,coverage3
-0.45277804,4.8828125,3.90625,3.7109375
