max_fitness,coverage1,coverage2,coverage3
0.91708314,0.5859375,3.2226562,1.171875
