max_fitness,coverage1,coverage2,coverage3
1.5169569,11.425781,9.9609375,3.7109375
