max_fitness,coverage1,coverage2,coverage3
3.6200635,100.0,13.769531,6.3476562
