max_fitness,coverage1,coverage2,coverage3
3.5910292,100.0,11.816406,12.3046875
