max_fitness,coverage1,coverage2,coverage3
0.10570076,0.390625,3.125,0.87890625
