max_fitness,coverage1,coverage2,coverage3
3.7572055,8.203125,51.26953,5.5664062
