max_fitness,coverage1,coverage2,coverage3
3.4986808,1.6601562,12.402344,5.7617188
