max_fitness,coverage1,coverage2,coverage3
-10.421879,1.7578125,1.0742188,1.4648438
