max_fitness,coverage1,coverage2,coverage3
2.927086,8.203125,51.26953,9.472656
