max_fitness,coverage1,coverage2,coverage3
3.3982666,2.5390625,56.73828,4.0039062
