max_fitness,coverage1,coverage2,coverage3
1.7394708,3.0273438,55.76172,4.7851562
