max_fitness,coverage1,coverage2,coverage3
0.6946102,0.29296875,2.1484375,1.6601562
