max_fitness,coverage1,coverage2,coverage3
1.8360708,3.0273438,17.578125,12.3046875
