max_fitness,coverage1,coverage2,coverage3
1.2873554,1.7578125,1.0742188,0.9765625
