max_fitness,coverage1,coverage2,coverage3
9.162887,4.8828125,1.8554688,2.1484375
