max_fitness,coverage1,coverage2,coverage3
-0.13769272,4.8828125,1.8554688,2.2460938
