max_fitness,coverage1,coverage2,coverage3
3.7426856,4.8828125,3.125,2.5390625
