max_fitness,coverage1,coverage2,coverage3
6.1754966,27.148438,37.79297,4.1015625
