max_fitness,coverage1,coverage2,coverage3
1.919599,2.4414062,1.8554688,3.4179688
