max_fitness,coverage1,coverage2,coverage3
0.7041665,0.48828125,37.597656,3.90625
