max_fitness,coverage1,coverage2,coverage3
3.826699,11.425781,9.9609375,1.953125
