max_fitness,coverage1,coverage2,coverage3
5.9576287,29.394531,41.992188,12.207031
