max_fitness,coverage1,coverage2,coverage3
-0.6083457,2.0507812,4.8828125,3.0273438
