max_fitness,coverage1,coverage2,coverage3
1.5294532,0.5859375,3.515625,2.34375
