max_fitness,coverage1,coverage2,coverage3
-1.1372147,0.390625,2.734375,4.3945312
