max_fitness,coverage1,coverage2,coverage3
3.8994389,0.9765625,3.0273438,0.87890625
