max_fitness,coverage1,coverage2,coverage3
0.4367303,4.8828125,4.5898438,2.8320312
