max_fitness,coverage1,coverage2,coverage3
4.46461,2.4414062,1.8554688,3.3203125
