max_fitness,coverage1,coverage2,coverage3
5.738086,20.117188,9.9609375,16.210938
