max_fitness,coverage1,coverage2,coverage3
-14.973995,1.3671875,1.171875,1.8554688
