max_fitness,coverage1,coverage2,coverage3
1.1360967,0.390625,2.34375,1.0742188
