max_fitness,coverage1,coverage2,coverage3
1.1004714,3.2226562,2.734375,1.3671875
