max_fitness,coverage1,coverage2,coverage3
1.7272747,10.644531,54.296875,6.9335938
