max_fitness,coverage1,coverage2,coverage3
1.7174841,0.48828125,4.8828125,2.6367188
