max_fitness,coverage1,coverage2,coverage3
0.09258184,3.7109375,4.8828125,0.78125
