max_fitness,coverage1,coverage2,coverage3
1.7153468,1.0742188,6.640625,17.382812
