max_fitness,coverage1,coverage2,coverage3
-2.65919,2.6367188,3.0273438,3.0273438
