max_fitness,coverage1,coverage2,coverage3
0.7412649,0.29296875,2.8320312,1.5625
