max_fitness,coverage1,coverage2,coverage3
6.50744,0.48828125,4.8828125,2.8320312
