max_fitness,coverage1,coverage2,coverage3
5.7484183,100.0,16.015625,14.746094
