max_fitness,coverage1,coverage2,coverage3
-0.0603752,0.9765625,4.8828125,0.87890625
