max_fitness,coverage1,coverage2,coverage3
1.4013995,1.0742188,6.640625,12.792969
