max_fitness,coverage1,coverage2,coverage3
-11.03991,4.8828125,1.953125,2.0507812
