max_fitness,coverage1,coverage2,coverage3
-2.338358,0.1953125,2.4414062,4.8828125
