max_fitness,coverage1,coverage2,coverage3
-11.814714,4.8828125,1.3671875,1.6601562
