max_fitness,coverage1,coverage2,coverage3
2.331525,2.6367188,4.8828125,3.125
