max_fitness,coverage1,coverage2,coverage3
4.29272,0.9765625,1.2695312,1.5625
