max_fitness,coverage1,coverage2,coverage3
5.9044876,22.070312,12.402344,18.359375
