max_fitness,coverage1,coverage2,coverage3
1.7865586,24.902344,10.9375,15.332031
