max_fitness,coverage1,coverage2,coverage3
2.228964,2.4414062,14.550781,9.472656
