max_fitness,coverage1,coverage2,coverage3
1.8826121,2.4414062,2.2460938,2.2460938
