max_fitness,coverage1,coverage2,coverage3
0.5060606,4.8828125,4.6875,1.6601562
