max_fitness,coverage1,coverage2,coverage3
0.78494453,4.8828125,4.296875,4.0039062
