max_fitness,coverage1,coverage2,coverage3
1.6355454,0.87890625,36.914062,3.90625
