max_fitness,coverage1,coverage2,coverage3
2.5151498,3.515625,2.2460938,2.6367188
