max_fitness,coverage1,coverage2,coverage3
2.0324297,0.9765625,1.2695312,2.6367188
