max_fitness,coverage1,coverage2,coverage3
0.5692887,3.8085938,3.4179688,1.7578125
