max_fitness,coverage1,coverage2,coverage3
6.2180486,2.0507812,56.25,2.2460938
