max_fitness,coverage1,coverage2,coverage3
1.0300099,0.1953125,2.4414062,3.90625
