max_fitness,coverage1,coverage2,coverage3
0.7756529,0.29296875,3.125,1.3671875
