max_fitness,coverage1,coverage2,coverage3
6.819752,0.5859375,4.8828125,2.9296875
