max_fitness,coverage1,coverage2,coverage3
0.9155503,0.5859375,38.085938,3.8085938
