max_fitness,coverage1,coverage2,coverage3
1.4115366,0.390625,41.503906,3.0273438
