max_fitness,coverage1,coverage2,coverage3
1.7460463,4.8828125,1.2695312,1.4648438
