max_fitness,coverage1,coverage2,coverage3
1.726296,10.7421875,14.0625,15.234375
