max_fitness,coverage1,coverage2,coverage3
0.2112979,0.5859375,5.2734375,11.71875
