max_fitness,coverage1,coverage2,coverage3
-11.428333,4.8828125,1.2695312,1.5625
