max_fitness,coverage1,coverage2,coverage3
1.4104227,4.8828125,2.1484375,1.7578125
