max_fitness,coverage1,coverage2,coverage3
1.7469759,22.070312,12.402344,13.4765625
