max_fitness,coverage1,coverage2,coverage3
3.614129,4.8828125,0.9765625,3.2226562
