max_fitness,coverage1,coverage2,coverage3
-1.4099678,2.6367188,3.0273438,3.125
