max_fitness,coverage1,coverage2,coverage3
3.0561175,0.78125,4.8828125,1.953125
