max_fitness,coverage1,coverage2,coverage3
-0.48867694,3.125,2.9296875,1.171875
