max_fitness,coverage1,coverage2,coverage3
1.1004714,0.390625,2.734375,1.5625
