max_fitness,coverage1,coverage2,coverage3
-0.31364948,0.390625,4.8828125,0.5859375
