max_fitness,coverage1,coverage2,coverage3
2.8194556,4.3945312,4.8828125,3.125
