max_fitness,coverage1,coverage2,coverage3
-2.4998152,0.1953125,4.8828125,1.953125
