max_fitness,coverage1,coverage2,coverage3
-1.4108012,4.8828125,1.2695312,2.0507812
