max_fitness,coverage1,coverage2,coverage3
1.1836514,2.6367188,3.0273438,1.4648438
