max_fitness,coverage1,coverage2,coverage3
1.423959,0.390625,2.34375,2.8320312
