max_fitness,coverage1,coverage2,coverage3
5.5890317,16.503906,12.5,19.042969
