max_fitness,coverage1,coverage2,coverage3
3.6030242,28.222656,40.039062,9.765625
