max_fitness,coverage1,coverage2,coverage3
-0.64720166,0.9765625,4.8828125,3.6132812
