max_fitness,coverage1,coverage2,coverage3
0.65124077,0.29296875,2.1484375,2.4414062
