max_fitness,coverage1,coverage2,coverage3
7.144194,3.3203125,2.34375,2.8320312
