max_fitness,coverage1,coverage2,coverage3
7.926856,8.886719,7.6171875,5.46875
