max_fitness,coverage1,coverage2,coverage3
6.762403,1.953125,2.0507812,3.90625
