max_fitness,coverage1,coverage2,coverage3
5.051502,10.644531,54.296875,7.8125
