max_fitness,coverage1,coverage2,coverage3
1.5278039,5.46875,4.8828125,2.5390625
