max_fitness,coverage1,coverage2,coverage3
0.43538845,0.29296875,2.8320312,0.9765625
