max_fitness,coverage1,coverage2,coverage3
1.8142041,2.0507812,4.8828125,2.1484375
