max_fitness,coverage1,coverage2,coverage3
5.1459494,0.9765625,4.8828125,1.6601562
