max_fitness,coverage1,coverage2,coverage3
1.6686876,23.828125,11.035156,12.402344
