max_fitness,coverage1,coverage2,coverage3
6.014193,28.222656,40.039062,10.644531
