max_fitness,coverage1,coverage2,coverage3
1.9067233,1.6601562,12.402344,8.3984375
