max_fitness,coverage1,coverage2,coverage3
0.7821025,2.734375,2.34375,0.5859375
