max_fitness,coverage1,coverage2,coverage3
1.8985773,22.070312,12.402344,13.0859375
