max_fitness,coverage1,coverage2,coverage3
3.0611725,4.8828125,1.3671875,0.68359375
