max_fitness,coverage1,coverage2,coverage3
0.65660733,4.8828125,4.3945312,2.1484375
