max_fitness,coverage1,coverage2,coverage3
0.9789316,3.2226562,2.734375,0.68359375
