max_fitness,coverage1,coverage2,coverage3
-2.0981612,0.9765625,2.5390625,2.1484375
