max_fitness,coverage1,coverage2,coverage3
2.4765255,0.5859375,3.2226562,1.7578125
