max_fitness,coverage1,coverage2,coverage3
0.7093986,2.8320312,2.2460938,1.2695312
