max_fitness,coverage1,coverage2,coverage3
0.81444633,4.8828125,2.734375,2.6367188
