max_fitness,coverage1,coverage2,coverage3
6.06694,4.8828125,3.90625,2.734375
