max_fitness,coverage1,coverage2,coverage3
6.0065584,99.70703,17.96875,17.96875
