max_fitness,coverage1,coverage2,coverage3
-0.0045818524,2.4414062,1.8554688,3.7109375
