max_fitness,coverage1,coverage2,coverage3
5.2106905,26.660156,38.476562,8.886719
