max_fitness,coverage1,coverage2,coverage3
0.08938606,4.0039062,2.2460938,0.87890625
