max_fitness,coverage1,coverage2,coverage3
-0.060506303,4.8828125,2.8320312,2.6367188
