max_fitness,coverage1,coverage2,coverage3
-5.2252264,4.8828125,3.0273438,2.2460938
