max_fitness,coverage1,coverage2,coverage3
8.169019,1.953125,2.0507812,3.4179688
