max_fitness,coverage1,coverage2,coverage3
1.5999017,0.78125,6.4453125,11.5234375
