max_fitness,coverage1,coverage2,coverage3
6.247091,23.339844,11.425781,8.496094
