max_fitness,coverage1,coverage2,coverage3
1.7764245,1.7578125,1.0742188,1.7578125
