max_fitness,coverage1,coverage2,coverage3
0.37293223,0.29296875,2.1484375,1.4648438
