max_fitness,coverage1,coverage2,coverage3
1.8412187,11.425781,9.9609375,3.8085938
