max_fitness,coverage1,coverage2,coverage3
-1.0581602,4.8828125,4.3945312,1.6601562
