max_fitness,coverage1,coverage2,coverage3
7.3519325,3.515625,4.8828125,3.3203125
