max_fitness,coverage1,coverage2,coverage3
0.49606466,4.8828125,4.1015625,1.2695312
