max_fitness,coverage1,coverage2,coverage3
0.86020994,0.390625,0.78125,1.2695312
