max_fitness,coverage1,coverage2,coverage3
-10.137209,2.4414062,1.8554688,2.734375
