max_fitness,coverage1,coverage2,coverage3
-0.02473663,0.29296875,2.1484375,2.2460938
