max_fitness,coverage1,coverage2,coverage3
0.87409455,0.9765625,4.8828125,0.68359375
