max_fitness,coverage1,coverage2,coverage3
4.46461,4.8828125,2.1484375,2.9296875
