max_fitness,coverage1,coverage2,coverage3
4.1824913,15.917969,14.453125,23.730469
