max_fitness,coverage1,coverage2,coverage3
0.60583293,3.3203125,2.34375,3.0273438
