max_fitness,coverage1,coverage2,coverage3
0.56590265,2.8320312,2.6367188,1.171875
