max_fitness,coverage1,coverage2,coverage3
-1.7377731,0.5859375,3.515625,2.4414062
