max_fitness,coverage1,coverage2,coverage3
4.908042,0.5859375,3.515625,3.0273438
