max_fitness,coverage1,coverage2,coverage3
3.1640084,1.6601562,57.421875,6.7382812
