max_fitness,coverage1,coverage2,coverage3
1.3522354,4.8828125,1.3671875,0.87890625
