max_fitness,coverage1,coverage2,coverage3
1.8666655,4.8828125,3.0273438,1.953125
