max_fitness,coverage1,coverage2,coverage3
1.6211015,0.9765625,4.8828125,1.3671875
