max_fitness,coverage1,coverage2,coverage3
-1.3064878,4.0039062,4.8828125,3.4179688
