max_fitness,coverage1,coverage2,coverage3
2.3288176,3.2226562,1.3671875,0.5859375
