max_fitness,coverage1,coverage2,coverage3
1.8576785,0.48828125,4.8828125,2.5390625
