max_fitness,coverage1,coverage2,coverage3
5.905077,27.441406,37.402344,11.425781
