max_fitness,coverage1,coverage2,coverage3
7.040266,26.171875,38.378906,12.792969
