max_fitness,coverage1,coverage2,coverage3
0.16252661,4.0039062,4.8828125,1.171875
