max_fitness,coverage1,coverage2,coverage3
-11.099988,2.6367188,1.7578125,1.953125
