max_fitness,coverage1,coverage2,coverage3
0.20830838,4.8828125,2.6367188,1.4648438
