max_fitness,coverage1,coverage2,coverage3
0.6434396,0.78125,4.8828125,2.34375
