max_fitness,coverage1,coverage2,coverage3
0.86670685,4.0039062,2.2460938,2.0507812
