max_fitness,coverage1,coverage2,coverage3
1.0462172,0.5859375,5.2734375,5.6640625
