max_fitness,coverage1,coverage2,coverage3
-11.56682,3.4179688,1.4648438,2.5390625
