max_fitness,coverage1,coverage2,coverage3
1.151175,3.3203125,2.34375,1.3671875
