max_fitness,coverage1,coverage2,coverage3
4.4112563,5.46875,4.8828125,1.953125
