max_fitness,coverage1,coverage2,coverage3
3.9582996,100.0,10.839844,6.640625
