max_fitness,coverage1,coverage2,coverage3
4.2715783,19.53125,12.109375,17.773438
