max_fitness,coverage1,coverage2,coverage3
0.08436556,1.7578125,1.0742188,0.87890625
