max_fitness,coverage1,coverage2,coverage3
-0.0049255732,0.48828125,4.8828125,0.9765625
