max_fitness,coverage1,coverage2,coverage3
2.1191876,14.355469,52.63672,9.375
