max_fitness,coverage1,coverage2,coverage3
2.0856707,0.48828125,4.8828125,1.953125
