max_fitness,coverage1,coverage2,coverage3
0.39784908,4.8828125,4.296875,2.1484375
