max_fitness,coverage1,coverage2,coverage3
6.275165,22.167969,9.1796875,7.7148438
