max_fitness,coverage1,coverage2,coverage3
-11.466404,2.4414062,2.2460938,2.734375
