max_fitness,coverage1,coverage2,coverage3
5.9422364,23.339844,11.425781,16.796875
