max_fitness,coverage1,coverage2,coverage3
7.164377,0.9765625,3.0273438,3.125
