max_fitness,coverage1,coverage2,coverage3
-3.4875085,0.48828125,4.8828125,0.9765625
