max_fitness,coverage1,coverage2,coverage3
0.8861573,0.1953125,2.1484375,2.734375
