max_fitness,coverage1,coverage2,coverage3
-1.5289469,4.8828125,2.734375,3.6132812
