max_fitness,coverage1,coverage2,coverage3
1.8486729,1.7578125,54.19922,4.5898438
