max_fitness,coverage1,coverage2,coverage3
7.8406124,2.8320312,4.8828125,4.1015625
