max_fitness,coverage1,coverage2,coverage3
0.7194032,2.6367188,3.0273438,1.2695312
