max_fitness,coverage1,coverage2,coverage3
1.562736,0.9765625,1.2695312,2.6367188
