max_fitness,coverage1,coverage2,coverage3
0.082265444,0.29296875,1.7578125,0.48828125
