max_fitness,coverage1,coverage2,coverage3
3.2289112,1.7578125,55.17578,6.1523438
