max_fitness,coverage1,coverage2,coverage3
4.719723,24.804688,10.839844,7.3242188
