max_fitness,coverage1,coverage2,coverage3
0.3094262,4.8828125,1.7578125,0.68359375
