max_fitness,coverage1,coverage2,coverage3
1.5198462,8.496094,7.1289062,3.0273438
