max_fitness,coverage1,coverage2,coverage3
3.9662695,4.9804688,57.8125,6.3476562
