max_fitness,coverage1,coverage2,coverage3
4.463258,100.0,10.839844,9.1796875
