max_fitness,coverage1,coverage2,coverage3
3.5680792,19.53125,12.109375,13.0859375
