max_fitness,coverage1,coverage2,coverage3
-1.588854,0.9765625,3.0273438,3.4179688
