max_fitness,coverage1,coverage2,coverage3
6.2790117,17.578125,52.148438,5.5664062
