max_fitness,coverage1,coverage2,coverage3
2.670264,0.390625,2.9296875,1.5625
