max_fitness,coverage1,coverage2,coverage3
1.1004714,0.390625,5.1757812,4.9804688
