max_fitness,coverage1,coverage2,coverage3
3.8865404,10.253906,8.496094,3.7109375
