max_fitness,coverage1,coverage2,coverage3
2.5050635,27.832031,53.90625,10.9375
