max_fitness,coverage1,coverage2,coverage3
2.3674083,2.4414062,2.2460938,1.6601562
