max_fitness,coverage1,coverage2,coverage3
1.963663,99.70703,17.96875,14.0625
