max_fitness,coverage1,coverage2,coverage3
6.247091,100.0,10.839844,5.6640625
