max_fitness,coverage1,coverage2,coverage3
2.0117657,8.496094,7.1289062,2.8320312
