max_fitness,coverage1,coverage2,coverage3
3.6562514,99.609375,19.726562,6.640625
