max_fitness,coverage1,coverage2,coverage3
3.6152918,0.390625,0.5859375,1.7578125
