max_fitness,coverage1,coverage2,coverage3
-14.6189165,0.390625,2.9296875,1.7578125
