max_fitness,coverage1,coverage2,coverage3
1.3658805,0.48828125,40.527344,2.6367188
