max_fitness,coverage1,coverage2,coverage3
4.162942,3.2226562,13.378906,6.0546875
