max_fitness,coverage1,coverage2,coverage3
-1.4465708,3.515625,2.2460938,3.3203125
