max_fitness,coverage1,coverage2,coverage3
5.847872,0.9765625,1.2695312,2.34375
