max_fitness,coverage1,coverage2,coverage3
-0.18542707,1.3671875,1.171875,2.5390625
