max_fitness,coverage1,coverage2,coverage3
1.4285187,1.953125,2.0507812,1.5625
