max_fitness,coverage1,coverage2,coverage3
1.5031878,11.230469,13.4765625,17.382812
