max_fitness,coverage1,coverage2,coverage3
5.5110993,1.3671875,4.8828125,3.0273438
