max_fitness,coverage1,coverage2,coverage3
0.7510583,0.390625,4.8828125,2.0507812
