max_fitness,coverage1,coverage2,coverage3
1.6814888,15.332031,52.441406,6.3476562
