max_fitness,coverage1,coverage2,coverage3
2.8558595,0.87890625,4.8828125,3.3203125
