max_fitness,coverage1,coverage2,coverage3
0.1272127,0.48828125,5.5664062,4.3945312
