max_fitness,coverage1,coverage2,coverage3
6.326505,3.0273438,55.76172,9.472656
