max_fitness,coverage1,coverage2,coverage3
1.1770605,8.59375,7.421875,4.0039062
