max_fitness,coverage1,coverage2,coverage3
3.389299,7.6171875,10.058594,6.5429688
