max_fitness,coverage1,coverage2,coverage3
4.036503,2.9296875,37.304688,12.890625
