max_fitness,coverage1,coverage2,coverage3
7.174107,6.3476562,8.496094,19.824219
