max_fitness,coverage1,coverage2,coverage3
1.9188948,10.449219,5.3710938,3.8085938
