max_fitness,coverage1,coverage2,coverage3
1.489726,2.5390625,7.5195312,8.0078125
