max_fitness,coverage1,coverage2,coverage3
1.5400375,5.6640625,7.421875,8.59375
