max_fitness,coverage1,coverage2,coverage3
1.1212047,8.691406,39.35547,1.6601562
