max_fitness,coverage1,coverage2,coverage3
3.7158523,4.1992188,55.95703,9.082031
