max_fitness,coverage1,coverage2,coverage3
1.663346,3.125,56.152344,5.2734375
