max_fitness,coverage1,coverage2,coverage3
2.541227,7.8125,10.15625,7.1289062
