max_fitness,coverage1,coverage2,coverage3
4.9894238,7.7148438,6.8359375,1.4648438
