max_fitness,coverage1,coverage2,coverage3
2.0350678,6.4453125,8.496094,9.472656
