max_fitness,coverage1,coverage2,coverage3
1.7876728,6.7382812,5.859375,1.5625
