max_fitness,coverage1,coverage2,coverage3
3.6848855,7.8125,10.15625,16.308594
