max_fitness,coverage1,coverage2,coverage3
1.436276,6.3476562,8.496094,4.9804688
