max_fitness,coverage1,coverage2,coverage3
2.0878177,1.3671875,4.6875,14.453125
