max_fitness,coverage1,coverage2,coverage3
1.7636602,2.4414062,35.351562,4.1015625
