max_fitness,coverage1,coverage2,coverage3
1.6002846,10.449219,5.3710938,2.1484375
