max_fitness,coverage1,coverage2,coverage3
1.2909184,4.7851562,12.890625,9.9609375
