max_fitness,coverage1,coverage2,coverage3
0.741386,6.4453125,7.9101562,6.1523438
