max_fitness,coverage1,coverage2,coverage3
3.9868634,8.0078125,7.3242188,2.6367188
