max_fitness,coverage1,coverage2,coverage3
1.0336041,0.09765625,4.0039062,3.2226562
