max_fitness,coverage1,coverage2,coverage3
1.6234481,1.3671875,4.6875,15.136719
