max_fitness,coverage1,coverage2,coverage3
1.6363839,12.207031,3.90625,3.6132812
