max_fitness,coverage1,coverage2,coverage3
1.7600905,6.5429688,8.496094,11.328125
