max_fitness,coverage1,coverage2,coverage3
7.019394,7.8125,6.7382812,4.0039062
