max_fitness,coverage1,coverage2,coverage3
6.772227,3.0273438,15.8203125,15.332031
