max_fitness,coverage1,coverage2,coverage3
3.662874,6.3476562,8.496094,8.984375
