max_fitness,coverage1,coverage2,coverage3
6.2029533,2.8320312,53.710938,9.277344
