max_fitness,coverage1,coverage2,coverage3
1.9134586,10.644531,5.7617188,3.90625
