max_fitness,coverage1,coverage2,coverage3
3.3839133,8.105469,37.01172,3.2226562
