max_fitness,coverage1,coverage2,coverage3
1.2386094,5.078125,2.6367188,1.171875
