max_fitness,coverage1,coverage2,coverage3
7.795903,7.9101562,6.8359375,3.6132812
