max_fitness,coverage1,coverage2,coverage3
1.0677422,3.7109375,51.171875,8.496094
