max_fitness,coverage1,coverage2,coverage3
3.881811,9.082031,36.328125,7.03125
