max_fitness,coverage1,coverage2,coverage3
4.5216956,4.0039062,56.054688,7.2265625
