max_fitness,coverage1,coverage2,coverage3
2.8531022,8.496094,7.03125,1.4648438
