max_fitness,coverage1,coverage2,coverage3
1.949764,3.90625,12.6953125,17.871094
