max_fitness,coverage1,coverage2,coverage3
4.4607916,6.0546875,8.203125,7.7148438
