max_fitness,coverage1,coverage2,coverage3
2.28459,8.691406,39.35547,2.6367188
