max_fitness,coverage1,coverage2,coverage3
1.2397174,1.6601562,34.86328,2.9296875
