max_fitness,coverage1,coverage2,coverage3
1.5137384,8.59375,36.914062,8.105469
