max_fitness,coverage1,coverage2,coverage3
1.7843734,10.15625,5.1757812,2.734375
