max_fitness,coverage1,coverage2,coverage3
2.9304945,8.496094,5.859375,3.90625
