max_fitness,coverage1,coverage2,coverage3
5.8891563,3.3203125,53.61328,16.015625
