max_fitness,coverage1,coverage2,coverage3
0.61164755,0.390625,5.078125,5.5664062
