max_fitness,coverage1,coverage2,coverage3
2.78804,10.449219,5.3710938,2.8320312
