max_fitness,coverage1,coverage2,coverage3
5.7468,7.3242188,6.5429688,2.34375
