max_fitness,coverage1,coverage2,coverage3
1.6574132,2.5390625,7.5195312,18.261719
