max_fitness,coverage1,coverage2,coverage3
8.652819,7.8125,6.7382812,3.3203125
