max_fitness,coverage1,coverage2,coverage3
1.8791015,8.59375,7.421875,2.6367188
