max_fitness,coverage1,coverage2,coverage3
2.8747532,2.34375,34.66797,8.300781
