max_fitness,coverage1,coverage2,coverage3
3.089655,6.7382812,5.859375,1.2695312
