max_fitness,coverage1,coverage2,coverage3
8.693579,9.863281,4.9804688,5.078125
