max_fitness,coverage1,coverage2,coverage3
2.383273,8.886719,7.9101562,1.4648438
