max_fitness,coverage1,coverage2,coverage3
3.503213,7.421875,6.7382812,1.5625
