max_fitness,coverage1,coverage2,coverage3
9.067387,4.0039062,12.792969,17.871094
