max_fitness,coverage1,coverage2,coverage3
2.7322204,11.816406,6.8359375,5.1757812
