max_fitness,coverage1,coverage2,coverage3
2.866554,3.2226562,56.835938,4.4921875
