max_fitness,coverage1,coverage2,coverage3
5.7214346,4.1992188,54.39453,9.765625
