max_fitness,coverage1,coverage2,coverage3
1.115434,6.4453125,8.496094,3.515625
