max_fitness,coverage1,coverage2,coverage3
1.9688722,11.035156,3.515625,2.0507812
