max_fitness,coverage1,coverage2,coverage3
0.7514178,11.035156,6.3476562,4.1992188
