max_fitness,coverage1,coverage2,coverage3
2.5274355,2.9296875,37.304688,6.3476562
