max_fitness,coverage1,coverage2,coverage3
2.5006075,2.34375,34.66797,8.984375
