max_fitness,coverage1,coverage2,coverage3
9.233539,3.6132812,53.710938,14.941406
