max_fitness,coverage1,coverage2,coverage3
5.5371428,4.4921875,57.03125,8.0078125
