max_fitness,coverage1,coverage2,coverage3
4.296025,10.644531,5.7617188,4.296875
