max_fitness,coverage1,coverage2,coverage3
1.4772637,7.9101562,6.8359375,3.125
