max_fitness,coverage1,coverage2,coverage3
3.5101535,8.496094,7.03125,2.8320312
