max_fitness,coverage1,coverage2,coverage3
3.509902,9.863281,4.9804688,1.953125
