max_fitness,coverage1,coverage2,coverage3
4.727797,2.2460938,56.640625,6.4453125
