max_fitness,coverage1,coverage2,coverage3
3.3039694,2.8320312,12.597656,3.0273438
