max_fitness,coverage1,coverage2,coverage3
0.7367888,0.1953125,37.109375,4.0039062
