max_fitness,coverage1,coverage2,coverage3
1.0142258,0.09765625,6.25,6.5429688
