max_fitness,coverage1,coverage2,coverage3
2.8772109,2.9296875,37.304688,11.1328125
