max_fitness,coverage1,coverage2,coverage3
1.3658805,0.09765625,4.0039062,3.4179688
