max_fitness,coverage1,coverage2,coverage3
1.3800011,8.3984375,35.9375,6.5429688
