max_fitness,coverage1,coverage2,coverage3
1.0519204,7.9101562,32.910156,5.078125
