max_fitness,coverage1,coverage2,coverage3
1.3884144,0.48828125,37.109375,1.6601562
