max_fitness,coverage1,coverage2,coverage3
4.3510804,3.0273438,14.453125,18.945312
