max_fitness,coverage1,coverage2,coverage3
3.4423318,2.2460938,15.234375,13.0859375
