max_fitness,coverage1,coverage2,coverage3
1.8368756,12.3046875,4.1992188,4.3945312
