max_fitness,coverage1,coverage2,coverage3
3.390279,5.6640625,2.4414062,4.3945312
