max_fitness,coverage1,coverage2,coverage3
3.943067,2.9296875,17.285156,13.378906
