max_fitness,coverage1,coverage2,coverage3
4.078886,3.4179688,53.61328,12.109375
