max_fitness,coverage1,coverage2,coverage3
5.3569202,3.7109375,51.171875,11.035156
