max_fitness,coverage1,coverage2,coverage3
2.2584243,3.125,13.28125,18.359375
