max_fitness,coverage1,coverage2,coverage3
4.153252,2.9296875,59.375,9.765625
