max_fitness,coverage1,coverage2,coverage3
3.063065,2.6367188,17.480469,12.988281
