max_fitness,coverage1,coverage2,coverage3
3.1468773,3.90625,57.32422,4.1015625
