max_fitness,coverage1,coverage2,coverage3
4.349539,9.082031,37.98828,10.9375
