max_fitness,coverage1,coverage2,coverage3
2.5622663,8.886719,36.42578,6.4453125
