max_fitness,coverage1,coverage2,coverage3
3.8636322,7.6171875,10.058594,9.5703125
