max_fitness,coverage1,coverage2,coverage3
2.8722935,2.34375,34.66797,9.1796875
