max_fitness,coverage1,coverage2,coverage3
5.507639,6.7382812,5.859375,3.0273438
