max_fitness,coverage1,coverage2,coverage3
3.4483402,5.6640625,3.4179688,2.734375
