max_fitness,coverage1,coverage2,coverage3
0.6055163,12.207031,3.90625,3.0273438
