max_fitness,coverage1,coverage2,coverage3
0.35738847,1.0742188,1.0742188,0.5859375
