max_fitness,coverage1,coverage2,coverage3
2.6376233,11.621094,3.0273438,3.2226562
