max_fitness,coverage1,coverage2,coverage3
5.687446,11.328125,3.90625,3.4179688
