max_fitness,coverage1,coverage2,coverage3
8.032806,7.9101562,6.8359375,3.4179688
