max_fitness,coverage1,coverage2,coverage3
1.4942218,6.4453125,8.496094,8.691406
