max_fitness,coverage1,coverage2,coverage3
3.1511903,7.03125,6.8359375,10.449219
