max_fitness,coverage1,coverage2,coverage3
3.5435815,3.2226562,5.859375,10.9375
