max_fitness,coverage1,coverage2,coverage3
2.7716696,7.8125,10.15625,12.207031
