max_fitness,coverage1,coverage2,coverage3
3.0256963,6.3476562,8.496094,15.722656
