max_fitness,coverage1,coverage2,coverage3
4.244724,2.2460938,15.234375,14.160156
