max_fitness,coverage1,coverage2,coverage3
3.8500986,3.0273438,15.8203125,11.230469
