max_fitness,coverage1,coverage2,coverage3
0.6111033,0.1953125,40.234375,4.296875
