max_fitness,coverage1,coverage2,coverage3
0.65808874,0.09765625,6.25,6.4453125
