max_fitness,coverage1,coverage2,coverage3
4.8684263,2.734375,5.6640625,20.410156
