max_fitness,coverage1,coverage2,coverage3
3.459836,2.6367188,16.308594,4.3945312
