max_fitness,coverage1,coverage2,coverage3
6.5998483,6.4453125,8.496094,15.722656
