max_fitness,coverage1,coverage2,coverage3
2.849271,2.5390625,57.910156,3.3203125
