max_fitness,coverage1,coverage2,coverage3
3.253273,4.5898438,12.109375,10.253906
