max_fitness,coverage1,coverage2,coverage3
0.9091904,2.734375,5.6640625,12.402344
