max_fitness,coverage1,coverage2,coverage3
3.929726,5.7617188,7.421875,11.9140625
