max_fitness,coverage1,coverage2,coverage3
2.6245425,4.5898438,12.109375,16.113281
