max_fitness,coverage1,coverage2,coverage3
3.4841447,8.59375,7.421875,4.5898438
