max_fitness,coverage1,coverage2,coverage3
2.9415343,4.1992188,55.95703,6.7382812
