max_fitness,coverage1,coverage2,coverage3
2.0499058,4.1992188,12.890625,19.140625
