max_fitness,coverage1,coverage2,coverage3
3.4553833,3.2226562,9.5703125,13.378906
