max_fitness,coverage1,coverage2,coverage3
1.6062723,1.4648438,8.496094,16.210938
