max_fitness,coverage1,coverage2,coverage3
2.6216257,9.082031,36.328125,3.3203125
