max_fitness,coverage1,coverage2,coverage3
6.3607283,3.7109375,51.171875,10.449219
