max_fitness,coverage1,coverage2,coverage3
4.457533,6.5429688,8.496094,5.46875
