max_fitness,coverage1,coverage2,coverage3
4.2074857,7.9101562,6.8359375,2.34375
