max_fitness,coverage1,coverage2,coverage3
7.826294,2.4414062,57.714844,10.644531
