max_fitness,coverage1,coverage2,coverage3
1.8204675,8.496094,5.859375,2.8320312
