max_fitness,coverage1,coverage2,coverage3
2.9335053,3.3203125,11.1328125,19.140625
