max_fitness,coverage1,coverage2,coverage3
1.5328102,4.5898438,12.109375,9.5703125
