max_fitness,coverage1,coverage2,coverage3
3.5246477,2.2460938,56.640625,4.3945312
