max_fitness,coverage1,coverage2,coverage3
2.195224,2.34375,34.66797,6.0546875
