max_fitness,coverage1,coverage2,coverage3
4.341734,8.3984375,35.9375,3.3203125
