max_fitness,coverage1,coverage2,coverage3
1.8631244,2.5390625,57.128906,7.421875
