max_fitness,coverage1,coverage2,coverage3
2.309837,11.621094,3.0273438,4.1992188
