max_fitness,coverage1,coverage2,coverage3
1.1666244,10.058594,3.2226562,1.7578125
