max_fitness,coverage1,coverage2,coverage3
2.6293688,3.7109375,51.171875,9.5703125
