max_fitness,coverage1,coverage2,coverage3
1.8165956,3.0273438,16.699219,15.234375
