max_fitness,coverage1,coverage2,coverage3
5.4528995,3.125,14.355469,12.402344
