max_fitness,coverage1,coverage2,coverage3
6.490841,2.6367188,17.480469,11.621094
