max_fitness,coverage1,coverage2,coverage3
2.153082,4.1992188,55.95703,7.2265625
