max_fitness,coverage1,coverage2,coverage3
6.105726,8.886719,7.9101562,1.953125
