max_fitness,coverage1,coverage2,coverage3
1.7400793,1.6601562,34.86328,5.9570312
