max_fitness,coverage1,coverage2,coverage3
2.206183,2.34375,6.4453125,16.308594
