max_fitness,coverage1,coverage2,coverage3
1.4210352,0.48828125,37.109375,3.125
