max_fitness,coverage1,coverage2,coverage3
2.2473836,7.8125,10.15625,15.4296875
