max_fitness,coverage1,coverage2,coverage3
0.72032267,7.9101562,6.8359375,3.2226562
