max_fitness,coverage1,coverage2,coverage3
1.6386236,2.5390625,57.910156,5.6640625
