max_fitness,coverage1,coverage2,coverage3
5.2162447,2.8320312,12.597656,7.7148438
