max_fitness,coverage1,coverage2,coverage3
0.9177385,0.1953125,40.234375,1.4648438
