max_fitness,coverage1,coverage2,coverage3
3.5303311,3.4179688,53.61328,7.1289062
