max_fitness,coverage1,coverage2,coverage3
3.3192918,11.621094,3.0273438,2.8320312
