max_fitness,coverage1,coverage2,coverage3
2.4796958,4.1992188,12.890625,7.6171875
