max_fitness,coverage1,coverage2,coverage3
9.058713,2.6367188,16.308594,16.992188
