max_fitness,coverage1,coverage2,coverage3
2.608421,3.3203125,53.61328,7.3242188
