max_fitness,coverage1,coverage2,coverage3
3.2996325,4.4921875,57.03125,7.3242188
