max_fitness,coverage1,coverage2,coverage3
1.3658805,0.29296875,40.527344,2.6367188
