max_fitness,coverage1,coverage2,coverage3
1.4847788,3.0273438,15.8203125,4.4921875
