max_fitness,coverage1,coverage2,coverage3
1.1917921,0.09765625,5.5664062,5.5664062
