max_fitness,coverage1,coverage2,coverage3
2.2820084,7.8125,10.15625,4.0039062
