max_fitness,coverage1,coverage2,coverage3
1.5836347,5.1757812,52.539062,10.546875
