max_fitness,coverage1,coverage2,coverage3
1.5271586,4.0039062,12.792969,9.863281
