max_fitness,coverage1,coverage2,coverage3
5.3152175,6.7382812,5.859375,2.9296875
