max_fitness,coverage1,coverage2,coverage3
5.3010263,8.3984375,35.9375,5.3710938
