max_fitness,coverage1,coverage2,coverage3
1.9096209,8.3984375,35.9375,4.6875
