max_fitness,coverage1,coverage2,coverage3
5.4951797,4.5898438,12.109375,28.710938
