max_fitness,coverage1,coverage2,coverage3
5.5061927,11.035156,3.515625,2.8320312
