max_fitness,coverage1,coverage2,coverage3
0.86734486,0.09765625,4.0039062,9.863281
