max_fitness,coverage1,coverage2,coverage3
2.3678212,7.6171875,10.058594,15.234375
