max_fitness,coverage1,coverage2,coverage3
1.1067091,6.1523438,4.1992188,1.7578125
