max_fitness,coverage1,coverage2,coverage3
1.5932133,5.078125,2.6367188,2.9296875
