max_fitness,coverage1,coverage2,coverage3
1.2661626,9.082031,37.98828,7.9101562
