max_fitness,coverage1,coverage2,coverage3
1.3132734,3.3203125,53.61328,5.9570312
