max_fitness,coverage1,coverage2,coverage3
0.6790309,2.34375,6.4453125,8.203125
