max_fitness,coverage1,coverage2,coverage3
1.9481863,8.691406,36.035156,5.7617188
