max_fitness,coverage1,coverage2,coverage3
2.4882975,5.7617188,7.421875,11.035156
