max_fitness,coverage1,coverage2,coverage3
3.1511903,8.691406,35.546875,7.03125
