max_fitness,coverage1,coverage2,coverage3
2.4271371,4.0039062,56.054688,7.7148438
