max_fitness,coverage1,coverage2,coverage3
1.7448635,8.3984375,35.9375,6.0546875
