max_fitness,coverage1,coverage2,coverage3
6.596827,8.105469,37.01172,7.9101562
