max_fitness,coverage1,coverage2,coverage3
5.065505,10.3515625,5.859375,3.3203125
