max_fitness,coverage1,coverage2,coverage3
1.2985898,11.816406,6.8359375,4.1015625
