max_fitness,coverage1,coverage2,coverage3
2.8725235,8.59375,36.914062,7.03125
