max_fitness,coverage1,coverage2,coverage3
6.1966352,3.0273438,16.699219,19.921875
