max_fitness,coverage1,coverage2,coverage3
7.0097904,4.0039062,56.054688,6.25
