max_fitness,coverage1,coverage2,coverage3
1.5838754,2.34375,6.4453125,15.917969
