max_fitness,coverage1,coverage2,coverage3
1.4355714,8.0078125,7.3242188,4.5898438
