max_fitness,coverage1,coverage2,coverage3
6.5578394,11.328125,3.90625,3.8085938
