max_fitness,coverage1,coverage2,coverage3
2.2877154,3.2226562,5.859375,12.402344
