max_fitness,coverage1,coverage2,coverage3
1.2103715,10.15625,5.1757812,1.6601562
