max_fitness,coverage1,coverage2,coverage3
1.7539315,11.328125,3.90625,3.2226562
