max_fitness,coverage1,coverage2,coverage3
4.855388,4.296875,10.15625,17.578125
