max_fitness,coverage1,coverage2,coverage3
3.002265,3.2226562,9.5703125,14.355469
