max_fitness,coverage1,coverage2,coverage3
1.4464481,6.4453125,7.9101562,9.5703125
