max_fitness,coverage1,coverage2,coverage3
4.7320805,11.035156,6.3476562,3.515625
