max_fitness,coverage1,coverage2,coverage3
4.3559556,11.71875,3.125,3.4179688
