max_fitness,coverage1,coverage2,coverage3
3.7004173,3.4179688,53.61328,12.402344
