max_fitness,coverage1,coverage2,coverage3
1.3545635,7.421875,6.7382812,2.4414062
