max_fitness,coverage1,coverage2,coverage3
8.806089,3.125,56.152344,8.0078125
