max_fitness,coverage1,coverage2,coverage3
3.898819,3.125,14.355469,12.890625
