max_fitness,coverage1,coverage2,coverage3
0.9828649,11.71875,3.125,2.8320312
