max_fitness,coverage1,coverage2,coverage3
1.7048967,1.3671875,4.6875,11.328125
