max_fitness,coverage1,coverage2,coverage3
1.5390323,2.734375,5.6640625,7.2265625
