max_fitness,coverage1,coverage2,coverage3
1.3825811,5.6640625,2.4414062,1.8554688
