max_fitness,coverage1,coverage2,coverage3
6.3845043,2.2460938,15.234375,6.640625
