max_fitness,coverage1,coverage2,coverage3
5.584816,3.125,14.355469,11.230469
