max_fitness,coverage1,coverage2,coverage3
2.018038,5.078125,2.6367188,2.34375
