max_fitness,coverage1,coverage2,coverage3
1.2541342,7.8125,6.7382812,3.2226562
