max_fitness,coverage1,coverage2,coverage3
0.84248805,3.3203125,2.4414062,1.171875
