max_fitness,coverage1,coverage2,coverage3
3.5426657,5.7617188,7.421875,3.4179688
