max_fitness,coverage1,coverage2,coverage3
1.4725612,11.71875,3.125,2.9296875
