max_fitness,coverage1,coverage2,coverage3
1.9929287,3.4179688,53.61328,9.667969
