max_fitness,coverage1,coverage2,coverage3
0.9516367,0.1953125,37.109375,3.4179688
