max_fitness,coverage1,coverage2,coverage3
3.385285,6.4453125,7.9101562,11.9140625
