max_fitness,coverage1,coverage2,coverage3
3.4463327,9.863281,4.9804688,4.3945312
