max_fitness,coverage1,coverage2,coverage3
7.954474,3.0273438,14.453125,23.339844
