max_fitness,coverage1,coverage2,coverage3
5.358119,4.1992188,54.39453,16.210938
