max_fitness,coverage1,coverage2,coverage3
1.4912832,8.59375,7.421875,3.6132812
