max_fitness,coverage1,coverage2,coverage3
2.8383572,3.0273438,2.4414062,1.5625
