max_fitness,coverage1,coverage2,coverage3
4.306418,3.3203125,11.1328125,30.957031
