max_fitness,coverage1,coverage2,coverage3
2.2567294,8.105469,37.01172,6.9335938
