max_fitness,coverage1,coverage2,coverage3
3.6492684,7.9101562,32.910156,4.7851562
