max_fitness,coverage1,coverage2,coverage3
6.3608875,1.953125,56.73828,6.4453125
