max_fitness,coverage1,coverage2,coverage3
3.179399,1.4648438,8.496094,16.699219
