max_fitness,coverage1,coverage2,coverage3
4.4153843,10.15625,5.1757812,4.4921875
