max_fitness,coverage1,coverage2,coverage3
3.1784732,4.0039062,12.792969,21.386719
