max_fitness,coverage1,coverage2,coverage3
5.079026,5.6640625,3.4179688,3.4179688
