max_fitness,coverage1,coverage2,coverage3
7.87282,11.621094,3.0273438,4.6875
