max_fitness,coverage1,coverage2,coverage3
1.622887,4.1992188,54.39453,7.6171875
