max_fitness,coverage1,coverage2,coverage3
2.0559962,4.0039062,12.792969,15.917969
