max_fitness,coverage1,coverage2,coverage3
4.2940164,2.2460938,15.234375,12.011719
