max_fitness,coverage1,coverage2,coverage3
1.6455811,6.1523438,4.1992188,3.6132812
