max_fitness,coverage1,coverage2,coverage3
4.4489493,3.125,14.355469,4.5898438
