max_fitness,coverage1,coverage2,coverage3
3.366798,7.7148438,6.8359375,3.4179688
