max_fitness,coverage1,coverage2,coverage3
0.90049934,3.0273438,35.351562,6.0546875
