max_fitness,coverage1,coverage2,coverage3
1.7722044,2.2460938,56.640625,6.9335938
