max_fitness,coverage1,coverage2,coverage3
3.9868634,2.4414062,57.714844,8.7890625
