max_fitness,coverage1,coverage2,coverage3
1.2953098,1.4648438,8.496094,6.1523438
