max_fitness,coverage1,coverage2,coverage3
5.8142953,2.34375,14.355469,8.691406
