max_fitness,coverage1,coverage2,coverage3
1.4610612,0.09765625,6.25,3.6132812
