max_fitness,coverage1,coverage2,coverage3
2.488693,4.1992188,54.39453,3.90625
