max_fitness,coverage1,coverage2,coverage3
1.1966518,3.3203125,11.1328125,12.3046875
