max_fitness,coverage1,coverage2,coverage3
0.8636047,0.390625,5.078125,18.066406
