max_fitness,coverage1,coverage2,coverage3
1.7144198,6.1523438,4.1992188,3.515625
