max_fitness,coverage1,coverage2,coverage3
3.5617855,3.125,56.152344,5.7617188
