max_fitness,coverage1,coverage2,coverage3
3.4881709,3.6132812,53.710938,9.863281
