max_fitness,coverage1,coverage2,coverage3
3.0321133,11.035156,3.515625,2.4414062
