max_fitness,coverage1,coverage2,coverage3
1.5623405,11.328125,6.1523438,2.0507812
