max_fitness,coverage1,coverage2,coverage3
3.6253386,10.058594,3.2226562,1.6601562
