max_fitness,coverage1,coverage2,coverage3
5.62457,3.2226562,56.835938,11.71875
