max_fitness,coverage1,coverage2,coverage3
1.948242,8.691406,36.035156,7.8125
