max_fitness,coverage1,coverage2,coverage3
2.2186031,11.621094,3.0273438,1.6601562
