max_fitness,coverage1,coverage2,coverage3
4.032179,2.4414062,57.714844,3.125
