max_fitness,coverage1,coverage2,coverage3
7.340975,4.0039062,12.792969,31.835938
