max_fitness,coverage1,coverage2,coverage3
4.4369297,3.515625,56.445312,4.4921875
