max_fitness,coverage1,coverage2,coverage3
1.2828397,0.09765625,4.0039062,2.2460938
