max_fitness,coverage1,coverage2,coverage3
2.816706,3.4179688,53.61328,5.859375
