max_fitness,coverage1,coverage2,coverage3
2.1224813,6.7382812,5.859375,2.6367188
