max_fitness,coverage1,coverage2,coverage3
3.496804,3.0273438,14.453125,19.726562
