max_fitness,coverage1,coverage2,coverage3
0.30252865,1.0742188,1.0742188,0.78125
