max_fitness,coverage1,coverage2,coverage3
4.524057,2.734375,5.6640625,17.480469
