max_fitness,coverage1,coverage2,coverage3
1.5719136,1.3671875,36.035156,8.691406
