max_fitness,coverage1,coverage2,coverage3
4.560486,4.1992188,12.890625,11.621094
