max_fitness,coverage1,coverage2,coverage3
2.1147068,11.621094,3.0273438,3.2226562
