max_fitness,coverage1,coverage2,coverage3
3.2571914,12.207031,3.90625,2.4414062
