max_fitness,coverage1,coverage2,coverage3
1.2506044,7.3242188,6.5429688,2.6367188
