max_fitness,coverage1,coverage2,coverage3
1.09306,2.34375,6.4453125,7.3242188
