max_fitness,coverage1,coverage2,coverage3
2.2135155,5.6640625,7.421875,8.203125
