max_fitness,coverage1,coverage2,coverage3
1.8431839,1.6601562,34.86328,7.7148438
