max_fitness,coverage1,coverage2,coverage3
1.3515579,3.4179688,53.61328,8.886719
