max_fitness,coverage1,coverage2,coverage3
0.8771903,0.09765625,4.0039062,3.515625
