max_fitness,coverage1,coverage2,coverage3
1.3073384,11.035156,3.515625,2.34375
