max_fitness,coverage1,coverage2,coverage3
2.0245905,2.4414062,35.351562,7.7148438
