max_fitness,coverage1,coverage2,coverage3
4.698698,2.34375,34.66797,8.496094
