max_fitness,coverage1,coverage2,coverage3
1.8040729,6.3476562,8.496094,12.207031
