max_fitness,coverage1,coverage2,coverage3
1.7817879,2.6367188,17.480469,11.816406
