max_fitness,coverage1,coverage2,coverage3
3.9868634,3.0273438,16.699219,12.011719
