max_fitness,coverage1,coverage2,coverage3
2.231559,8.691406,36.035156,2.734375
