max_fitness,coverage1,coverage2,coverage3
6.260556,8.3984375,35.9375,7.1289062
