max_fitness,coverage1,coverage2,coverage3
4.890428,1.3671875,4.6875,25.78125
