max_fitness,coverage1,coverage2,coverage3
5.609979,2.8320312,53.710938,6.9335938
