max_fitness,coverage1,coverage2,coverage3
7.7541385,2.34375,14.355469,14.453125
