max_fitness,coverage1,coverage2,coverage3
1.1981623,7.9101562,6.8359375,1.5625
