max_fitness,coverage1,coverage2,coverage3
4.9723277,8.886719,7.9101562,4.1015625
