max_fitness,coverage1,coverage2,coverage3
2.8747532,2.5390625,7.5195312,19.433594
