max_fitness,coverage1,coverage2,coverage3
8.898558,4.4921875,57.03125,9.667969
