max_fitness,coverage1,coverage2,coverage3
8.652819,2.5390625,57.910156,12.792969
