max_fitness,coverage1,coverage2,coverage3
3.449205,3.0273438,14.453125,13.28125
