max_fitness,coverage1,coverage2,coverage3
4.503164,10.449219,5.3710938,4.3945312
