max_fitness,coverage1,coverage2,coverage3
1.1224824,2.34375,14.355469,3.7109375
