max_fitness,coverage1,coverage2,coverage3
3.376118,4.1992188,12.890625,14.453125
