max_fitness,coverage1,coverage2,coverage3
1.9053301,6.4453125,7.9101562,7.6171875
