max_fitness,coverage1,coverage2,coverage3
1.9195199,11.328125,3.90625,2.734375
