max_fitness,coverage1,coverage2,coverage3
6.2071157,3.0273438,14.453125,12.011719
