max_fitness,coverage1,coverage2,coverage3
4.6799393,3.90625,12.6953125,23.925781
