max_fitness,coverage1,coverage2,coverage3
1.2793827,4.1992188,54.39453,7.3242188
