max_fitness,coverage1,coverage2,coverage3
5.918976,4.0039062,56.054688,8.984375
