max_fitness,coverage1,coverage2,coverage3
3.5447876,11.035156,3.515625,2.2460938
