max_fitness,coverage1,coverage2,coverage3
5.793051,2.2460938,15.234375,9.863281
