max_fitness,coverage1,coverage2,coverage3
2.962748,2.4414062,57.714844,2.1484375
