max_fitness,coverage1,coverage2,coverage3
2.1675951,11.328125,6.1523438,4.296875
