max_fitness,coverage1,coverage2,coverage3
6.0441914,8.886719,36.42578,9.5703125
