max_fitness,coverage1,coverage2,coverage3
2.652811,3.3203125,11.1328125,10.839844
