max_fitness,coverage1,coverage2,coverage3
1.0904664,11.328125,3.90625,1.0742188
