max_fitness,coverage1,coverage2,coverage3
1.3208324,0.390625,5.078125,4.296875
