max_fitness,coverage1,coverage2,coverage3
1.795964,4.296875,10.15625,17.675781
