max_fitness,coverage1,coverage2,coverage3
1.9821358,8.59375,7.421875,3.4179688
