max_fitness,coverage1,coverage2,coverage3
7.9367228,8.496094,7.03125,4.3945312
