max_fitness,coverage1,coverage2,coverage3
1.809266,8.59375,36.914062,4.9804688
