max_fitness,coverage1,coverage2,coverage3
1.1058033,11.425781,4.296875,0.78125
