max_fitness,coverage1,coverage2,coverage3
1.6990374,2.9296875,59.375,5.078125
