max_fitness,coverage1,coverage2,coverage3
0.020743469,3.0273438,2.4414062,1.953125
