max_fitness,coverage1,coverage2,coverage3
4.472204,4.1992188,55.95703,6.5429688
