max_fitness,coverage1,coverage2,coverage3
3.0498261,8.691406,35.546875,9.082031
