max_fitness,coverage1,coverage2,coverage3
4.0737505,11.328125,6.1523438,2.5390625
