max_fitness,coverage1,coverage2,coverage3
4.1173453,2.9296875,17.285156,13.769531
