max_fitness,coverage1,coverage2,coverage3
3.2158382,12.207031,3.90625,3.0273438
