max_fitness,coverage1,coverage2,coverage3
4.937116,2.2460938,15.234375,12.109375
