max_fitness,coverage1,coverage2,coverage3
0.98429435,3.0273438,2.4414062,1.4648438
