max_fitness,coverage1,coverage2,coverage3
4.244724,4.4921875,57.03125,10.253906
