max_fitness,coverage1,coverage2,coverage3
1.5968518,7.9101562,32.910156,8.3984375
