max_fitness,coverage1,coverage2,coverage3
8.05052,2.6367188,17.480469,18.554688
