max_fitness,coverage1,coverage2,coverage3
4.512522,10.449219,5.1757812,6.3476562
