max_fitness,coverage1,coverage2,coverage3
1.2991076,7.6171875,10.058594,9.1796875
