max_fitness,coverage1,coverage2,coverage3
2.2803402,8.886719,36.42578,3.8085938
