max_fitness,coverage1,coverage2,coverage3
2.7965004,5.6640625,7.421875,4.3945312
