max_fitness,coverage1,coverage2,coverage3
2.0084617,10.449219,5.1757812,4.9804688
