max_fitness,coverage1,coverage2,coverage3
2.229934,10.3515625,5.859375,1.7578125
