max_fitness,coverage1,coverage2,coverage3
3.9898539,8.691406,35.546875,7.3242188
