max_fitness,coverage1,coverage2,coverage3
9.022835,2.9296875,59.375,13.378906
