max_fitness,coverage1,coverage2,coverage3
0.30835488,0.09765625,4.0039062,2.1484375
