max_fitness,coverage1,coverage2,coverage3
4.8164682,2.9296875,37.304688,11.425781
