max_fitness,coverage1,coverage2,coverage3
8.396869,3.2226562,9.5703125,26.367188
