max_fitness,coverage1,coverage2,coverage3
5.286945,7.8125,10.15625,11.035156
