max_fitness,coverage1,coverage2,coverage3
4.9574833,3.90625,57.32422,10.3515625
