max_fitness,coverage1,coverage2,coverage3
0.7055909,0.1953125,37.109375,3.7109375
