max_fitness,coverage1,coverage2,coverage3
5.5649214,3.0273438,15.8203125,10.644531
