max_fitness,coverage1,coverage2,coverage3
1.933202,10.058594,3.2226562,3.2226562
