max_fitness,coverage1,coverage2,coverage3
6.662951,2.9296875,37.304688,10.3515625
