max_fitness,coverage1,coverage2,coverage3
4.3398743,3.7109375,51.171875,13.183594
