max_fitness,coverage1,coverage2,coverage3
3.7387235,7.3242188,6.5429688,1.4648438
