max_fitness,coverage1,coverage2,coverage3
4.0839577,7.8125,6.7382812,3.90625
