max_fitness,coverage1,coverage2,coverage3
4.0738215,1.953125,56.73828,3.7109375
