max_fitness,coverage1,coverage2,coverage3
4.331146,3.125,16.699219,7.9101562
