max_fitness,coverage1,coverage2,coverage3
3.6268044,3.125,16.699219,17.773438
