max_fitness,coverage1,coverage2,coverage3
1.9389354,10.449219,5.3710938,3.2226562
