max_fitness,coverage1,coverage2,coverage3
0.78311837,7.421875,6.7382812,2.734375
