max_fitness,coverage1,coverage2,coverage3
1.5893774,4.1992188,55.95703,6.0546875
