max_fitness,coverage1,coverage2,coverage3
1.2888541,4.1992188,55.95703,6.3476562
