max_fitness,coverage1,coverage2,coverage3
2.3123279,6.4453125,8.496094,10.058594
