max_fitness,coverage1,coverage2,coverage3
0.7843903,0.09765625,5.5664062,4.6875
