max_fitness,coverage1,coverage2,coverage3
6.7235856,7.6171875,10.058594,21.386719
