max_fitness,coverage1,coverage2,coverage3
6.368847,7.9101562,6.8359375,1.8554688
