max_fitness,coverage1,coverage2,coverage3
0.93666244,3.0273438,16.699219,8.203125
