max_fitness,coverage1,coverage2,coverage3
8.391146,4.4921875,57.03125,15.722656
