max_fitness,coverage1,coverage2,coverage3
1.7196996,8.691406,39.35547,3.6132812
