max_fitness,coverage1,coverage2,coverage3
1.0479181,2.6367188,17.480469,7.3242188
