max_fitness,coverage1,coverage2,coverage3
1.1327144,2.4414062,35.351562,2.4414062
