max_fitness,coverage1,coverage2,coverage3
9.022835,8.496094,7.03125,4.296875
