max_fitness,coverage1,coverage2,coverage3
5.6574335,8.0078125,7.3242188,2.9296875
