max_fitness,coverage1,coverage2,coverage3
0.5163904,0.1953125,40.234375,2.6367188
