max_fitness,coverage1,coverage2,coverage3
3.6226509,3.0273438,15.8203125,6.640625
