max_fitness,coverage1,coverage2,coverage3
2.1216607,2.4414062,57.714844,7.3242188
