max_fitness,coverage1,coverage2,coverage3
1.2793193,1.4648438,8.496094,23.828125
