max_fitness,coverage1,coverage2,coverage3
0.90050983,8.691406,39.35547,5.078125
