max_fitness,coverage1,coverage2,coverage3
7.0097904,7.7148438,6.8359375,2.5390625
