max_fitness,coverage1,coverage2,coverage3
3.3902428,3.90625,12.6953125,17.089844
