max_fitness,coverage1,coverage2,coverage3
6.93326,3.4179688,53.61328,15.527344
