max_fitness,coverage1,coverage2,coverage3
1.4213876,7.8125,10.15625,8.7890625
