max_fitness,coverage1,coverage2,coverage3
1.3383582,3.2226562,9.5703125,6.3476562
