max_fitness,coverage1,coverage2,coverage3
7.826294,3.0273438,16.699219,16.210938
