max_fitness,coverage1,coverage2,coverage3
1.0921128,3.2226562,9.5703125,4.1992188
