max_fitness,coverage1,coverage2,coverage3
9.058598,11.328125,6.1523438,4.8828125
