max_fitness,coverage1,coverage2,coverage3
1.8217736,7.7148438,6.8359375,2.734375
