max_fitness,coverage1,coverage2,coverage3
3.0718684,3.6132812,53.710938,9.863281
