max_fitness,coverage1,coverage2,coverage3
4.607766,2.8320312,53.710938,5.5664062
