max_fitness,coverage1,coverage2,coverage3
1.9726936,1.6601562,34.86328,8.0078125
