max_fitness,coverage1,coverage2,coverage3
1.1711962,8.496094,5.859375,2.2460938
