max_fitness,coverage1,coverage2,coverage3
1.3925564,11.71875,3.125,4.5898438
