max_fitness,coverage1,coverage2,coverage3
1.614529,2.4414062,35.351562,8.203125
