max_fitness,coverage1,coverage2,coverage3
2.991405,2.9296875,37.304688,8.984375
