max_fitness,coverage1,coverage2,coverage3
2.5929227,10.449219,5.1757812,5.859375
