max_fitness,coverage1,coverage2,coverage3
1.5750456,0.1953125,40.234375,2.5390625
