max_fitness,coverage1,coverage2,coverage3
3.5170414,7.03125,6.8359375,4.6875
