max_fitness,coverage1,coverage2,coverage3
1.0620784,2.4414062,35.351562,6.1523438
