max_fitness,coverage1,coverage2,coverage3
3.8714845,10.15625,5.1757812,1.8554688
