max_fitness,coverage1,coverage2,coverage3
2.0670927,3.125,16.699219,16.503906
