max_fitness,coverage1,coverage2,coverage3
1.7738098,5.6640625,2.4414062,2.8320312
