max_fitness,coverage1,coverage2,coverage3
0.97544056,2.8320312,12.597656,4.3945312
