max_fitness,coverage1,coverage2,coverage3
5.353436,5.1757812,52.539062,17.871094
