max_fitness,coverage1,coverage2,coverage3
2.6003368,10.449219,5.3710938,4.0039062
