max_fitness,coverage1,coverage2,coverage3
4.0936227,5.7617188,7.421875,12.109375
