max_fitness,coverage1,coverage2,coverage3
7.1478677,10.15625,5.1757812,3.7109375
