max_fitness,coverage1,coverage2,coverage3
1.441104,6.0546875,8.203125,9.863281
