max_fitness,coverage1,coverage2,coverage3
0.9447739,4.296875,10.15625,9.9609375
