max_fitness,coverage1,coverage2,coverage3
5.7111354,2.5390625,57.128906,8.59375
