max_fitness,coverage1,coverage2,coverage3
8.460626,4.1992188,12.890625,31.933594
