max_fitness,coverage1,coverage2,coverage3
0.92544675,11.035156,3.515625,3.0273438
