max_fitness,coverage1,coverage2,coverage3
3.9260962,5.7617188,7.421875,12.988281
