max_fitness,coverage1,coverage2,coverage3
1.6974243,11.425781,4.296875,1.8554688
