max_fitness,coverage1,coverage2,coverage3
3.4465084,3.6132812,53.710938,8.496094
