max_fitness,coverage1,coverage2,coverage3
8.125108,2.34375,14.355469,17.480469
