max_fitness,coverage1,coverage2,coverage3
5.4166617,4.4921875,57.03125,8.3984375
