max_fitness,coverage1,coverage2,coverage3
1.6368276,10.15625,5.1757812,4.0039062
