max_fitness,coverage1,coverage2,coverage3
5.698562,8.691406,36.035156,9.082031
