max_fitness,coverage1,coverage2,coverage3
0.8576637,0.390625,5.078125,5.3710938
