max_fitness,coverage1,coverage2,coverage3
1.2955726,3.125,56.152344,3.6132812
