max_fitness,coverage1,coverage2,coverage3
2.789258,10.3515625,5.859375,4.7851562
