max_fitness,coverage1,coverage2,coverage3
4.937116,7.9101562,6.8359375,3.515625
