max_fitness,coverage1,coverage2,coverage3
1.5398926,3.3203125,2.4414062,1.0742188
