max_fitness,coverage1,coverage2,coverage3
2.0326726,11.425781,4.296875,1.0742188
