max_fitness,coverage1,coverage2,coverage3
1.0423261,8.0078125,7.3242188,1.5625
