max_fitness,coverage1,coverage2,coverage3
4.437233,2.6367188,17.480469,8.105469
