max_fitness,coverage1,coverage2,coverage3
2.9178162,9.082031,36.328125,8.3984375
