max_fitness,coverage1,coverage2,coverage3
5.171891,8.496094,7.03125,2.2460938
