max_fitness,coverage1,coverage2,coverage3
6.4788675,7.421875,6.7382812,3.125
