max_fitness,coverage1,coverage2,coverage3
3.0057876,11.816406,6.8359375,2.34375
