max_fitness,coverage1,coverage2,coverage3
1.7913334,1.3671875,36.035156,10.449219
