max_fitness,coverage1,coverage2,coverage3
0.91197497,0.09765625,5.5664062,16.308594
