max_fitness,coverage1,coverage2,coverage3
1.6423709,3.3203125,53.61328,6.7382812
