max_fitness,coverage1,coverage2,coverage3
4.8568325,2.9296875,17.285156,9.5703125
