max_fitness,coverage1,coverage2,coverage3
4.6202044,11.71875,3.125,5.2734375
