max_fitness,coverage1,coverage2,coverage3
1.5110806,2.34375,34.66797,4.5898438
