max_fitness,coverage1,coverage2,coverage3
2.8333657,5.7617188,7.421875,7.6171875
