max_fitness,coverage1,coverage2,coverage3
1.4593374,2.9296875,37.304688,9.765625
