max_fitness,coverage1,coverage2,coverage3
4.5043416,3.125,56.152344,2.9296875
