max_fitness,coverage1,coverage2,coverage3
4.179074,4.1992188,12.890625,17.871094
