max_fitness,coverage1,coverage2,coverage3
1.9619828,4.296875,10.15625,16.699219
