max_fitness,coverage1,coverage2,coverage3
6.7069454,2.9296875,17.285156,17.1875
