max_fitness,coverage1,coverage2,coverage3
0.949381,1.3671875,36.035156,4.3945312
