max_fitness,coverage1,coverage2,coverage3
1.3129038,4.5898438,12.109375,15.625
