max_fitness,coverage1,coverage2,coverage3
2.0361147,2.5390625,7.5195312,18.945312
