max_fitness,coverage1,coverage2,coverage3
4.245948,4.0039062,12.792969,5.6640625
