max_fitness,coverage1,coverage2,coverage3
1.5598515,4.5898438,12.109375,16.308594
