max_fitness,coverage1,coverage2,coverage3
5.060465,10.449219,5.1757812,4.5898438
