max_fitness,coverage1,coverage2,coverage3
1.6658705,12.207031,3.90625,1.6601562
