max_fitness,coverage1,coverage2,coverage3
1.9916849,3.0273438,35.351562,7.7148438
