max_fitness,coverage1,coverage2,coverage3
2.1124916,1.3671875,4.6875,8.3984375
