max_fitness,coverage1,coverage2,coverage3
3.6113002,8.886719,36.42578,10.253906
