max_fitness,coverage1,coverage2,coverage3
6.3929505,4.4921875,57.03125,4.5898438
