max_fitness,coverage1,coverage2,coverage3
1.5031269,12.207031,3.90625,3.2226562
