max_fitness,coverage1,coverage2,coverage3
1.2790821,0.1953125,37.109375,4.7851562
