max_fitness,coverage1,coverage2,coverage3
3.6101298,9.082031,36.328125,9.9609375
