max_fitness,coverage1,coverage2,coverage3
3.9035013,11.035156,3.515625,1.3671875
