max_fitness,coverage1,coverage2,coverage3
5.151604,3.2226562,5.859375,14.0625
