max_fitness,coverage1,coverage2,coverage3
1.6646441,6.7382812,5.859375,3.2226562
