max_fitness,coverage1,coverage2,coverage3
3.362186,7.03125,6.8359375,12.011719
