max_fitness,coverage1,coverage2,coverage3
2.2679324,2.34375,6.4453125,16.992188
