max_fitness,coverage1,coverage2,coverage3
1.8908415,10.3515625,5.859375,2.8320312
