max_fitness,coverage1,coverage2,coverage3
9.121672,9.082031,36.328125,7.8125
