max_fitness,coverage1,coverage2,coverage3
2.8548214,4.1992188,54.39453,9.5703125
