max_fitness,coverage1,coverage2,coverage3
0.37293223,0.09765625,4.0039062,2.4414062
