max_fitness,coverage1,coverage2,coverage3
1.7086589,11.9140625,3.3203125,2.4414062
