max_fitness,coverage1,coverage2,coverage3
3.2875168,9.863281,4.9804688,3.8085938
