max_fitness,coverage1,coverage2,coverage3
1.9523634,3.90625,12.6953125,15.8203125
