max_fitness,coverage1,coverage2,coverage3
0.64055705,0.1953125,40.234375,5.46875
