max_fitness,coverage1,coverage2,coverage3
2.162845,10.15625,5.1757812,4.5898438
