max_fitness,coverage1,coverage2,coverage3
4.535636,10.449219,5.3710938,5.1757812
