max_fitness,coverage1,coverage2,coverage3
6.1160345,3.125,14.355469,7.3242188
