max_fitness,coverage1,coverage2,coverage3
4.239439,4.0039062,12.792969,17.773438
