max_fitness,coverage1,coverage2,coverage3
1.5097128,11.425781,4.296875,2.1484375
