max_fitness,coverage1,coverage2,coverage3
6.3976545,11.71875,3.125,4.7851562
