max_fitness,coverage1,coverage2,coverage3
1.3131211,3.0273438,15.8203125,10.9375
