max_fitness,coverage1,coverage2,coverage3
3.0852394,3.125,13.28125,15.722656
