max_fitness,coverage1,coverage2,coverage3
8.391146,2.2460938,15.234375,16.601562
