max_fitness,coverage1,coverage2,coverage3
0.96426207,8.691406,36.035156,5.6640625
