max_fitness,coverage1,coverage2,coverage3
0.8073025,11.328125,6.1523438,4.0039062
