max_fitness,coverage1,coverage2,coverage3
1.5392439,6.3476562,8.496094,13.4765625
