max_fitness,coverage1,coverage2,coverage3
1.8951266,2.734375,5.6640625,20.703125
