max_fitness,coverage1,coverage2,coverage3
2.8280697,6.4453125,7.9101562,7.6171875
