max_fitness,coverage1,coverage2,coverage3
2.1529095,7.6171875,10.058594,13.4765625
