max_fitness,coverage1,coverage2,coverage3
5.9263563,3.515625,56.445312,9.5703125
