max_fitness,coverage1,coverage2,coverage3
1.8546436,5.6640625,7.421875,8.300781
