max_fitness,coverage1,coverage2,coverage3
7.979179,2.9296875,17.285156,20.605469
