max_fitness,coverage1,coverage2,coverage3
1.1842614,5.6640625,7.421875,3.4179688
