max_fitness,coverage1,coverage2,coverage3
6.0301394,5.7617188,7.421875,6.8359375
