max_fitness,coverage1,coverage2,coverage3
1.5794553,6.0546875,8.203125,4.5898438
