max_fitness,coverage1,coverage2,coverage3
1.5529544,3.3203125,11.1328125,20.117188
