max_fitness,coverage1,coverage2,coverage3
2.0594938,8.105469,37.01172,5.859375
