max_fitness,coverage1,coverage2,coverage3
2.2517529,8.105469,37.01172,6.640625
