max_fitness,coverage1,coverage2,coverage3
2.0698202,1.6601562,34.86328,4.4921875
