max_fitness,coverage1,coverage2,coverage3
2.7645135,8.59375,36.914062,6.8359375
