max_fitness,coverage1,coverage2,coverage3
1.5802467,1.4648438,8.496094,17.285156
