max_fitness,coverage1,coverage2,coverage3
9.052417,3.125,56.152344,12.402344
