max_fitness,coverage1,coverage2,coverage3
1.4139403,3.0273438,14.453125,10.7421875
