max_fitness,coverage1,coverage2,coverage3
2.8320286,3.0273438,16.699219,14.355469
