max_fitness,coverage1,coverage2,coverage3
0.68238777,5.078125,2.6367188,3.125
