max_fitness,coverage1,coverage2,coverage3
1.1745018,6.5429688,8.496094,4.296875
