max_fitness,coverage1,coverage2,coverage3
3.4949868,10.058594,3.2226562,2.9296875
