max_fitness,coverage1,coverage2,coverage3
5.4195848,4.296875,10.15625,27.539062
