max_fitness,coverage1,coverage2,coverage3
3.8349106,8.691406,39.35547,5.859375
