max_fitness,coverage1,coverage2,coverage3
2.5449715,3.3203125,11.1328125,17.285156
