max_fitness,coverage1,coverage2,coverage3
3.5218408,4.0039062,12.792969,18.359375
