max_fitness,coverage1,coverage2,coverage3
2.7075405,1.953125,56.73828,6.0546875
