max_fitness,coverage1,coverage2,coverage3
3.88317,3.0273438,35.351562,5.1757812
