max_fitness,coverage1,coverage2,coverage3
3.3614042,12.3046875,4.1992188,3.90625
