max_fitness,coverage1,coverage2,coverage3
8.880614,7.9101562,6.8359375,4.1015625
