max_fitness,coverage1,coverage2,coverage3
3.4352937,3.90625,57.32422,5.46875
