max_fitness,coverage1,coverage2,coverage3
1.4006941,10.3515625,5.859375,3.515625
