max_fitness,coverage1,coverage2,coverage3
1.6004074,2.34375,34.66797,9.277344
