max_fitness,coverage1,coverage2,coverage3
6.6933794,8.3984375,35.9375,6.1523438
