max_fitness,coverage1,coverage2,coverage3
4.763253,11.816406,6.8359375,5.1757812
