max_fitness,coverage1,coverage2,coverage3
2.432122,6.3476562,8.496094,13.964844
