max_fitness,coverage1,coverage2,coverage3
1.7185539,11.425781,4.296875,2.734375
