max_fitness,coverage1,coverage2,coverage3
5.3586707,3.4179688,53.61328,9.9609375
