max_fitness,coverage1,coverage2,coverage3
0.5756291,1.3671875,36.035156,4.8828125
