max_fitness,coverage1,coverage2,coverage3
4.991575,2.9296875,17.285156,7.1289062
