max_fitness,coverage1,coverage2,coverage3
1.6420828,7.7148438,6.8359375,2.8320312
