max_fitness,coverage1,coverage2,coverage3
4.984502,7.7148438,6.8359375,3.8085938
