max_fitness,coverage1,coverage2,coverage3
1.1853299,10.644531,5.7617188,1.8554688
