max_fitness,coverage1,coverage2,coverage3
3.0089715,6.4453125,7.9101562,7.421875
