max_fitness,coverage1,coverage2,coverage3
3.4740558,2.9296875,17.285156,17.773438
