max_fitness,coverage1,coverage2,coverage3
1.1124551,8.496094,7.03125,3.3203125
