max_fitness,coverage1,coverage2,coverage3
5.652588,3.0273438,35.351562,9.765625
