max_fitness,coverage1,coverage2,coverage3
4.1625495,6.0546875,8.203125,11.1328125
