max_fitness,coverage1,coverage2,coverage3
0.9350158,0.09765625,5.5664062,4.0039062
