max_fitness,coverage1,coverage2,coverage3
1.8528974,2.34375,34.66797,9.5703125
