max_fitness,coverage1,coverage2,coverage3
1.7056166,1.3671875,4.6875,14.2578125
