max_fitness,coverage1,coverage2,coverage3
0.7349864,1.0742188,1.0742188,0.390625
