max_fitness,coverage1,coverage2,coverage3
0.9091904,5.6640625,2.4414062,3.125
