max_fitness,coverage1,coverage2,coverage3
5.3374715,3.4179688,53.61328,14.550781
