max_fitness,coverage1,coverage2,coverage3
4.405331,4.0039062,56.054688,9.5703125
