max_fitness,coverage1,coverage2,coverage3
1.0425484,0.09765625,6.25,6.0546875
