max_fitness,coverage1,coverage2,coverage3
1.5765979,8.691406,35.546875,6.5429688
