max_fitness,coverage1,coverage2,coverage3
5.062969,3.125,56.152344,7.6171875
