max_fitness,coverage1,coverage2,coverage3
2.004968,2.9296875,37.304688,10.839844
