max_fitness,coverage1,coverage2,coverage3
1.8547395,7.421875,6.7382812,3.3203125
