max_fitness,coverage1,coverage2,coverage3
4.578188,8.691406,36.035156,7.8125
