max_fitness,coverage1,coverage2,coverage3
6.9415913,9.863281,4.9804688,4.4921875
