max_fitness,coverage1,coverage2,coverage3
1.6092772,1.4648438,8.496094,16.699219
