max_fitness,coverage1,coverage2,coverage3
3.7084928,3.2226562,9.5703125,7.3242188
