max_fitness,coverage1,coverage2,coverage3
2.4579391,7.9101562,32.910156,9.1796875
