max_fitness,coverage1,coverage2,coverage3
0.56431055,3.0273438,2.4414062,0.87890625
