max_fitness,coverage1,coverage2,coverage3
3.8349106,5.6640625,7.421875,12.011719
