max_fitness,coverage1,coverage2,coverage3
8.706352,4.4921875,57.03125,11.71875
