max_fitness,coverage1,coverage2,coverage3
2.9813008,11.9140625,3.3203125,1.953125
