max_fitness,coverage1,coverage2,coverage3
1.3361014,4.296875,10.15625,15.722656
