max_fitness,coverage1,coverage2,coverage3
9.095432,2.6367188,16.308594,12.792969
