max_fitness,coverage1,coverage2,coverage3
3.925587,4.7851562,12.890625,12.792969
