max_fitness,coverage1,coverage2,coverage3
0.89927554,2.34375,34.66797,7.7148438
