max_fitness,coverage1,coverage2,coverage3
5.142699,4.1992188,55.95703,6.9335938
