max_fitness,coverage1,coverage2,coverage3
1.6742666,11.035156,6.3476562,3.125
