max_fitness,coverage1,coverage2,coverage3
4.0941133,4.0039062,56.054688,4.1015625
