max_fitness,coverage1,coverage2,coverage3
0.936264,5.6640625,3.4179688,3.0273438
