max_fitness,coverage1,coverage2,coverage3
1.0600454,7.421875,6.7382812,0.9765625
