max_fitness,coverage1,coverage2,coverage3
1.3287516,2.2460938,56.640625,4.296875
