max_fitness,coverage1,coverage2,coverage3
2.123097,2.5390625,57.910156,8.496094
