max_fitness,coverage1,coverage2,coverage3
0.639413,1.4648438,8.496094,6.7382812
