max_fitness,coverage1,coverage2,coverage3
1.9652061,3.2226562,56.835938,6.3476562
