max_fitness,coverage1,coverage2,coverage3
1.0544713,5.1757812,52.539062,8.59375
