max_fitness,coverage1,coverage2,coverage3
2.0297763,11.425781,4.296875,2.9296875
