max_fitness,coverage1,coverage2,coverage3
3.4367642,2.5390625,57.128906,13.574219
