max_fitness,coverage1,coverage2,coverage3
1.3931272,12.207031,3.90625,2.8320312
