max_fitness,coverage1,coverage2,coverage3
1.5910063,8.496094,7.03125,3.6132812
