max_fitness,coverage1,coverage2,coverage3
4.242887,5.6640625,3.4179688,3.515625
