max_fitness,coverage1,coverage2,coverage3
2.7478652,9.082031,36.328125,8.0078125
