max_fitness,coverage1,coverage2,coverage3
5.15557,2.9296875,37.304688,13.183594
