max_fitness,coverage1,coverage2,coverage3
5.966201,11.816406,6.8359375,4.4921875
