max_fitness,coverage1,coverage2,coverage3
4.9769797,7.6171875,10.058594,14.160156
