max_fitness,coverage1,coverage2,coverage3
4.9332647,9.863281,4.9804688,3.90625
