max_fitness,coverage1,coverage2,coverage3
0.94817024,0.390625,5.078125,7.5195312
