max_fitness,coverage1,coverage2,coverage3
2.1961734,2.6367188,17.480469,3.8085938
