max_fitness,coverage1,coverage2,coverage3
3.8518229,8.496094,5.859375,2.734375
