max_fitness,coverage1,coverage2,coverage3
9.074099,2.6367188,17.480469,15.0390625
