max_fitness,coverage1,coverage2,coverage3
6.662951,3.2226562,5.859375,12.597656
