max_fitness,coverage1,coverage2,coverage3
1.8260697,7.9101562,32.910156,7.7148438
