max_fitness,coverage1,coverage2,coverage3
4.511516,3.0273438,14.453125,6.1523438
