max_fitness,coverage1,coverage2,coverage3
3.127027,4.7851562,12.890625,18.457031
