max_fitness,coverage1,coverage2,coverage3
0.73291796,11.425781,4.296875,2.5390625
