max_fitness,coverage1,coverage2,coverage3
6.211478,9.863281,4.9804688,2.5390625
