max_fitness,coverage1,coverage2,coverage3
1.7631029,8.496094,5.859375,3.515625
