max_fitness,coverage1,coverage2,coverage3
5.702312,2.734375,5.6640625,29.882812
