max_fitness,coverage1,coverage2,coverage3
6.073423,7.03125,6.8359375,8.300781
