max_fitness,coverage1,coverage2,coverage3
0.5696323,0.390625,5.078125,6.1523438
