max_fitness,coverage1,coverage2,coverage3
2.9216778,3.90625,12.6953125,9.863281
