max_fitness,coverage1,coverage2,coverage3
1.2927328,2.34375,34.66797,9.5703125
