max_fitness,coverage1,coverage2,coverage3
2.2843363,10.449219,5.1757812,6.4453125
