max_fitness,coverage1,coverage2,coverage3
1.6829695,5.6640625,7.421875,9.9609375
