max_fitness,coverage1,coverage2,coverage3
6.481629,2.8320312,12.597656,12.207031
