max_fitness,coverage1,coverage2,coverage3
0.8475902,8.0078125,7.3242188,2.734375
