max_fitness,coverage1,coverage2,coverage3
0.9437451,0.09765625,6.25,14.453125
