max_fitness,coverage1,coverage2,coverage3
2.2055385,2.34375,14.355469,9.1796875
