max_fitness,coverage1,coverage2,coverage3
1.0425484,0.1953125,40.234375,3.125
