max_fitness,coverage1,coverage2,coverage3
3.1838722,11.035156,6.3476562,2.6367188
