max_fitness,coverage1,coverage2,coverage3
2.812257,2.34375,14.355469,10.449219
