max_fitness,coverage1,coverage2,coverage3
1.7329042,3.3203125,53.61328,3.4179688
