max_fitness,coverage1,coverage2,coverage3
2.412905,8.496094,7.03125,4.9804688
