max_fitness,coverage1,coverage2,coverage3
2.1141796,2.4414062,57.714844,8.691406
