max_fitness,coverage1,coverage2,coverage3
2.1324656,2.9296875,17.285156,10.7421875
