max_fitness,coverage1,coverage2,coverage3
2.6698692,7.6171875,10.058594,13.769531
