max_fitness,coverage1,coverage2,coverage3
1.4117955,9.863281,4.9804688,3.7109375
