max_fitness,coverage1,coverage2,coverage3
5.482933,7.03125,6.8359375,11.1328125
