max_fitness,coverage1,coverage2,coverage3
1.3420736,3.515625,56.445312,5.9570312
