max_fitness,coverage1,coverage2,coverage3
1.6884967,5.078125,2.6367188,2.0507812
