max_fitness,coverage1,coverage2,coverage3
1.8438594,8.886719,7.9101562,3.125
