max_fitness,coverage1,coverage2,coverage3
2.177176,9.082031,37.98828,7.7148438
