max_fitness,coverage1,coverage2,coverage3
5.582487,3.0273438,14.453125,19.53125
