max_fitness,coverage1,coverage2,coverage3
1.280466,0.09765625,5.5664062,4.8828125
