max_fitness,coverage1,coverage2,coverage3
1.6863468,9.082031,37.98828,3.3203125
