max_fitness,coverage1,coverage2,coverage3
2.1107981,11.035156,3.515625,2.0507812
