max_fitness,coverage1,coverage2,coverage3
0.77697635,2.34375,6.4453125,24.511719
