max_fitness,coverage1,coverage2,coverage3
4.515646,8.691406,35.546875,7.7148438
