max_fitness,coverage1,coverage2,coverage3
8.05052,2.5390625,57.910156,13.671875
