max_fitness,coverage1,coverage2,coverage3
1.052742,2.2460938,56.640625,3.8085938
