max_fitness,coverage1,coverage2,coverage3
2.7248425,2.8320312,12.597656,5.078125
