max_fitness,coverage1,coverage2,coverage3
3.560828,10.644531,5.7617188,4.1015625
