max_fitness,coverage1,coverage2,coverage3
3.3783295,3.90625,57.32422,7.3242188
