max_fitness,coverage1,coverage2,coverage3
8.303786,3.6132812,53.710938,17.675781
