max_fitness,coverage1,coverage2,coverage3
6.481629,3.2226562,56.835938,10.644531
