max_fitness,coverage1,coverage2,coverage3
4.807854,3.2226562,5.859375,22.265625
