max_fitness,coverage1,coverage2,coverage3
0.539634,0.29296875,40.527344,3.0273438
