max_fitness,coverage1,coverage2,coverage3
0.9260624,3.0273438,2.4414062,2.0507812
