max_fitness,coverage1,coverage2,coverage3
3.3433714,2.9296875,17.285156,14.0625
