max_fitness,coverage1,coverage2,coverage3
0.91891104,10.449219,5.3710938,3.7109375
