max_fitness,coverage1,coverage2,coverage3
3.9373631,8.886719,7.9101562,2.8320312
