max_fitness,coverage1,coverage2,coverage3
1.6795951,9.082031,37.98828,7.3242188
