max_fitness,coverage1,coverage2,coverage3
1.971648,2.9296875,17.285156,14.941406
