max_fitness,coverage1,coverage2,coverage3
1.4808607,2.34375,14.355469,9.667969
