max_fitness,coverage1,coverage2,coverage3
1.0249562,0.09765625,4.0039062,2.4414062
