max_fitness,coverage1,coverage2,coverage3
5.860348,11.9140625,3.3203125,4.3945312
