max_fitness,coverage1,coverage2,coverage3
1.4847444,1.4648438,8.496094,20.410156
