max_fitness,coverage1,coverage2,coverage3
1.9386883,3.125,16.699219,12.402344
