max_fitness,coverage1,coverage2,coverage3
1.465186,1.3671875,36.035156,10.9375
