max_fitness,coverage1,coverage2,coverage3
5.080091,11.328125,6.1523438,4.9804688
