max_fitness,coverage1,coverage2,coverage3
1.8933989,7.8125,10.15625,11.621094
