max_fitness,coverage1,coverage2,coverage3
4.708779,3.3203125,53.61328,6.9335938
