max_fitness,coverage1,coverage2,coverage3
4.9902472,4.0039062,56.054688,3.8085938
