max_fitness,coverage1,coverage2,coverage3
1.6985271,2.4414062,35.351562,8.105469
