max_fitness,coverage1,coverage2,coverage3
3.851188,2.6367188,17.480469,10.9375
