max_fitness,coverage1,coverage2,coverage3
4.890882,10.058594,3.2226562,2.8320312
