max_fitness,coverage1,coverage2,coverage3
4.7897325,7.3242188,6.5429688,3.0273438
