max_fitness,coverage1,coverage2,coverage3
9.695156,2.6367188,16.308594,21.777344
