max_fitness,coverage1,coverage2,coverage3
1.5760722,3.90625,12.6953125,16.894531
