max_fitness,coverage1,coverage2,coverage3
3.1067357,4.7851562,12.890625,21.777344
