max_fitness,coverage1,coverage2,coverage3
8.428589,4.1992188,12.890625,23.339844
