max_fitness,coverage1,coverage2,coverage3
9.040119,3.0273438,14.453125,27.246094
