max_fitness,coverage1,coverage2,coverage3
5.7648654,8.105469,37.01172,6.0546875
