max_fitness,coverage1,coverage2,coverage3
3.7957017,2.2460938,56.640625,2.4414062
