max_fitness,coverage1,coverage2,coverage3
0.46237034,0.390625,5.078125,4.1015625
