max_fitness,coverage1,coverage2,coverage3
1.8201036,5.6640625,2.4414062,3.6132812
