max_fitness,coverage1,coverage2,coverage3
4.3170743,11.621094,3.0273438,5.3710938
