max_fitness,coverage1,coverage2,coverage3
1.6641207,4.7851562,12.890625,15.136719
