max_fitness,coverage1,coverage2,coverage3
6.609237,2.9296875,59.375,4.4921875
