max_fitness,coverage1,coverage2,coverage3
2.744888,4.1992188,55.95703,9.1796875
