max_fitness,coverage1,coverage2,coverage3
4.787891,10.3515625,5.859375,4.3945312
