max_fitness,coverage1,coverage2,coverage3
0.5957799,11.328125,3.90625,2.5390625
