max_fitness,coverage1,coverage2,coverage3
4.8684263,3.0273438,35.351562,9.082031
