max_fitness,coverage1,coverage2,coverage3
2.5699396,6.4453125,7.9101562,3.8085938
