max_fitness,coverage1,coverage2,coverage3
2.8700793,2.4414062,35.351562,9.765625
