max_fitness,coverage1,coverage2,coverage3
2.9695926,1.3671875,4.6875,13.0859375
