max_fitness,coverage1,coverage2,coverage3
4.6283293,2.5390625,57.128906,4.4921875
