max_fitness,coverage1,coverage2,coverage3
2.5484557,8.3984375,35.9375,6.5429688
