max_fitness,coverage1,coverage2,coverage3
5.6271234,7.7148438,6.8359375,2.9296875
