max_fitness,coverage1,coverage2,coverage3
2.834269,7.9101562,32.910156,7.9101562
