max_fitness,coverage1,coverage2,coverage3
2.6052785,2.2460938,56.640625,5.7617188
