max_fitness,coverage1,coverage2,coverage3
6.844503,4.0039062,56.054688,6.7382812
