max_fitness,coverage1,coverage2,coverage3
4.5716434,3.6132812,53.710938,5.859375
