max_fitness,coverage1,coverage2,coverage3
1.0275514,10.644531,5.7617188,2.734375
