max_fitness,coverage1,coverage2,coverage3
8.233306,10.15625,5.1757812,3.515625
