max_fitness,coverage1,coverage2,coverage3
5.4195848,5.1757812,52.539062,16.992188
