max_fitness,coverage1,coverage2,coverage3
1.2827644,3.0273438,35.351562,2.9296875
