max_fitness,coverage1,coverage2,coverage3
1.8902906,8.59375,36.914062,7.8125
