max_fitness,coverage1,coverage2,coverage3
1.3884144,0.390625,5.078125,4.1992188
