max_fitness,coverage1,coverage2,coverage3
2.3805962,8.59375,36.914062,4.8828125
