max_fitness,coverage1,coverage2,coverage3
6.0007477,3.90625,57.32422,14.160156
