max_fitness,coverage1,coverage2,coverage3
1.8551375,8.691406,39.35547,5.6640625
