max_fitness,coverage1,coverage2,coverage3
1.925908,6.4453125,8.496094,10.644531
