max_fitness,coverage1,coverage2,coverage3
2.3478737,11.816406,6.8359375,4.5898438
