max_fitness,coverage1,coverage2,coverage3
4.5128603,4.0039062,56.054688,7.6171875
