max_fitness,coverage1,coverage2,coverage3
4.453905,3.7109375,51.171875,5.5664062
