max_fitness,coverage1,coverage2,coverage3
0.5854217,0.09765625,5.5664062,3.125
