max_fitness,coverage1,coverage2,coverage3
1.5292938,11.035156,6.3476562,4.1992188
