max_fitness,coverage1,coverage2,coverage3
1.790118,10.058594,3.2226562,2.34375
