max_fitness,coverage1,coverage2,coverage3
2.8772109,5.6640625,3.4179688,3.7109375
