max_fitness,coverage1,coverage2,coverage3
2.1468842,3.7109375,51.171875,12.5
