max_fitness,coverage1,coverage2,coverage3
1.8473939,11.71875,3.125,3.0273438
