max_fitness,coverage1,coverage2,coverage3
5.4205494,5.6640625,2.4414062,3.7109375
