max_fitness,coverage1,coverage2,coverage3
0.6286342,5.6640625,7.421875,4.8828125
