max_fitness,coverage1,coverage2,coverage3
1.9131594,11.425781,4.296875,3.125
