max_fitness,coverage1,coverage2,coverage3
1.3692002,3.6132812,53.710938,6.5429688
