max_fitness,coverage1,coverage2,coverage3
1.395151,1.953125,56.73828,4.1015625
