max_fitness,coverage1,coverage2,coverage3
2.3334048,11.328125,6.1523438,5.6640625
