max_fitness,coverage1,coverage2,coverage3
1.3812658,2.9296875,59.375,4.3945312
