max_fitness,coverage1,coverage2,coverage3
3.1801221,3.0273438,2.4414062,1.7578125
