max_fitness,coverage1,coverage2,coverage3
3.360483,7.8125,10.15625,10.839844
