max_fitness,coverage1,coverage2,coverage3
1.7312378,2.734375,5.6640625,21.875
