max_fitness,coverage1,coverage2,coverage3
0.37425706,5.078125,2.6367188,2.6367188
