max_fitness,coverage1,coverage2,coverage3
5.3103075,4.1992188,54.39453,12.6953125
