max_fitness,coverage1,coverage2,coverage3
7.720157,8.886719,7.9101562,4.1992188
