max_fitness,coverage1,coverage2,coverage3
8.801629,3.2226562,9.5703125,21.386719
