max_fitness,coverage1,coverage2,coverage3
4.507936,2.8320312,12.597656,7.8125
