max_fitness,coverage1,coverage2,coverage3
7.08665,8.496094,5.859375,3.8085938
