max_fitness,coverage1,coverage2,coverage3
4.3275905,1.6601562,34.86328,8.496094
