max_fitness,coverage1,coverage2,coverage3
7.7378416,6.5429688,8.496094,10.839844
