max_fitness,coverage1,coverage2,coverage3
1.3294352,6.7382812,5.859375,2.34375
