max_fitness,coverage1,coverage2,coverage3
1.9432907,12.3046875,4.1992188,2.734375
