max_fitness,coverage1,coverage2,coverage3
3.8502686,2.5390625,7.5195312,16.210938
