max_fitness,coverage1,coverage2,coverage3
2.1835012,6.0546875,8.203125,10.253906
