max_fitness,coverage1,coverage2,coverage3
3.509616,7.9101562,32.910156,8.0078125
