max_fitness,coverage1,coverage2,coverage3
6.763425,11.621094,3.0273438,5.5664062
