max_fitness,coverage1,coverage2,coverage3
1.6641207,10.449219,5.1757812,4.4921875
