max_fitness,coverage1,coverage2,coverage3
1.1388339,3.6132812,53.710938,2.6367188
