max_fitness,coverage1,coverage2,coverage3
1.9021435,8.59375,36.914062,5.859375
