max_fitness,coverage1,coverage2,coverage3
4.8568325,8.59375,7.421875,2.4414062
