max_fitness,coverage1,coverage2,coverage3
6.028249,2.5390625,57.910156,8.886719
