max_fitness,coverage1,coverage2,coverage3
6.4646935,2.4414062,57.714844,7.3242188
