max_fitness,coverage1,coverage2,coverage3
0.9714053,6.0546875,8.203125,6.1523438
