max_fitness,coverage1,coverage2,coverage3
2.3706794,5.078125,2.6367188,3.3203125
