max_fitness,coverage1,coverage2,coverage3
2.8339639,3.90625,57.32422,8.59375
