max_fitness,coverage1,coverage2,coverage3
1.4546508,6.5429688,8.496094,6.5429688
