max_fitness,coverage1,coverage2,coverage3
4.7090273,5.1757812,52.539062,14.550781
