max_fitness,coverage1,coverage2,coverage3
1.5929571,5.6640625,7.421875,6.640625
