max_fitness,coverage1,coverage2,coverage3
1.6521133,3.0273438,16.699219,5.3710938
