max_fitness,coverage1,coverage2,coverage3
2.912816,3.125,14.355469,13.769531
