max_fitness,coverage1,coverage2,coverage3
3.459836,2.9296875,59.375,2.8320312
