max_fitness,coverage1,coverage2,coverage3
5.6704774,6.5429688,8.496094,8.59375
