max_fitness,coverage1,coverage2,coverage3
2.7686648,2.6367188,17.480469,14.2578125
