max_fitness,coverage1,coverage2,coverage3
1.1371828,0.1953125,37.109375,1.3671875
