max_fitness,coverage1,coverage2,coverage3
1.5415375,2.34375,6.4453125,7.421875
