max_fitness,coverage1,coverage2,coverage3
3.0647056,8.886719,36.42578,7.421875
