max_fitness,coverage1,coverage2,coverage3
1.2561427,6.4453125,8.496094,6.0546875
