max_fitness,coverage1,coverage2,coverage3
2.082438,1.3671875,4.6875,15.527344
