max_fitness,coverage1,coverage2,coverage3
1.4926071,8.691406,35.546875,6.3476562
