max_fitness,coverage1,coverage2,coverage3
8.9051895,7.6171875,10.058594,15.332031
