max_fitness,coverage1,coverage2,coverage3
1.9504629,6.5429688,8.496094,8.0078125
