max_fitness,coverage1,coverage2,coverage3
7.979179,8.59375,7.421875,4.0039062
