max_fitness,coverage1,coverage2,coverage3
0.55041265,0.48828125,37.109375,4.0039062
