max_fitness,coverage1,coverage2,coverage3
2.4925542,10.15625,5.1757812,2.8320312
