max_fitness,coverage1,coverage2,coverage3
3.0047412,3.4179688,53.61328,9.9609375
