max_fitness,coverage1,coverage2,coverage3
7.5236554,7.3242188,6.5429688,2.2460938
