max_fitness,coverage1,coverage2,coverage3
4.894121,3.7109375,51.171875,15.917969
