max_fitness,coverage1,coverage2,coverage3
3.806959,3.2226562,56.835938,7.03125
