max_fitness,coverage1,coverage2,coverage3
3.3032224,3.2226562,5.859375,13.671875
