max_fitness,coverage1,coverage2,coverage3
2.690094,8.691406,39.35547,5.46875
