max_fitness,coverage1,coverage2,coverage3
1.2550628,6.5429688,8.496094,11.1328125
