max_fitness,coverage1,coverage2,coverage3
6.64377,9.082031,37.98828,13.574219
