max_fitness,coverage1,coverage2,coverage3
3.0370317,6.5429688,8.496094,10.644531
