max_fitness,coverage1,coverage2,coverage3
2.6901162,2.4414062,35.351562,8.691406
