max_fitness,coverage1,coverage2,coverage3
1.6672788,7.8125,6.7382812,1.6601562
