max_fitness,coverage1,coverage2,coverage3
2.5645647,10.644531,5.7617188,2.4414062
