max_fitness,coverage1,coverage2,coverage3
2.8116539,4.5898438,12.109375,18.847656
