max_fitness,coverage1,coverage2,coverage3
1.7060252,1.6601562,34.86328,7.9101562
