max_fitness,coverage1,coverage2,coverage3
1.3067346,4.4921875,57.03125,6.4453125
