max_fitness,coverage1,coverage2,coverage3
3.4739897,4.296875,10.15625,11.035156
