max_fitness,coverage1,coverage2,coverage3
3.6086707,11.621094,3.0273438,2.0507812
