max_fitness,coverage1,coverage2,coverage3
4.9277034,6.3476562,8.496094,13.769531
