max_fitness,coverage1,coverage2,coverage3
6.6352134,8.105469,37.01172,9.9609375
