max_fitness,coverage1,coverage2,coverage3
2.3991287,7.9101562,6.8359375,3.8085938
