max_fitness,coverage1,coverage2,coverage3
1.2866937,0.09765625,5.5664062,4.5898438
