max_fitness,coverage1,coverage2,coverage3
3.193233,3.125,14.355469,11.5234375
