max_fitness,coverage1,coverage2,coverage3
5.0056252,2.6367188,16.308594,14.0625
