max_fitness,coverage1,coverage2,coverage3
3.2753773,2.9296875,37.304688,8.203125
