max_fitness,coverage1,coverage2,coverage3
8.876928,2.2460938,15.234375,10.9375
