max_fitness,coverage1,coverage2,coverage3
3.179399,1.3671875,36.035156,11.1328125
