max_fitness,coverage1,coverage2,coverage3
2.3861456,2.5390625,57.128906,8.3984375
