max_fitness,coverage1,coverage2,coverage3
1.024431,1.4648438,8.496094,7.03125
