max_fitness,coverage1,coverage2,coverage3
1.7878203,3.0273438,15.8203125,12.597656
