max_fitness,coverage1,coverage2,coverage3
2.1946988,10.644531,5.7617188,3.7109375
