max_fitness,coverage1,coverage2,coverage3
1.5674274,2.8320312,53.710938,6.4453125
