max_fitness,coverage1,coverage2,coverage3
1.7712272,2.4414062,35.351562,7.1289062
