max_fitness,coverage1,coverage2,coverage3
1.3258191,0.1953125,37.109375,3.2226562
