max_fitness,coverage1,coverage2,coverage3
2.8929443,6.7382812,5.859375,2.8320312
