max_fitness,coverage1,coverage2,coverage3
1.524306,10.449219,5.3710938,4.1992188
