max_fitness,coverage1,coverage2,coverage3
3.9835637,6.1523438,4.1992188,3.7109375
