max_fitness,coverage1,coverage2,coverage3
7.5113606,3.125,14.355469,12.6953125
