max_fitness,coverage1,coverage2,coverage3
4.18954,3.90625,57.32422,10.449219
