max_fitness,coverage1,coverage2,coverage3
1.501721,5.1757812,52.539062,13.671875
