max_fitness,coverage1,coverage2,coverage3
0.96289396,0.1953125,40.234375,4.8828125
