max_fitness,coverage1,coverage2,coverage3
3.9898684,5.6640625,3.4179688,4.4921875
