max_fitness,coverage1,coverage2,coverage3
4.5302405,2.6367188,17.480469,12.890625
