max_fitness,coverage1,coverage2,coverage3
6.93326,3.90625,12.6953125,32.128906
