max_fitness,coverage1,coverage2,coverage3
3.0490627,12.3046875,4.1992188,4.0039062
