max_fitness,coverage1,coverage2,coverage3
5.6911836,6.5429688,8.496094,12.109375
