max_fitness,coverage1,coverage2,coverage3
3.211636,7.6171875,10.058594,14.941406
