max_fitness,coverage1,coverage2,coverage3
4.549954,8.496094,7.03125,3.7109375
