max_fitness,coverage1,coverage2,coverage3
3.4024842,1.953125,56.73828,6.3476562
