max_fitness,coverage1,coverage2,coverage3
2.0139744,1.953125,56.73828,6.5429688
