max_fitness,coverage1,coverage2,coverage3
3.3653066,9.082031,36.328125,5.859375
