max_fitness,coverage1,coverage2,coverage3
5.925919,4.1992188,54.39453,18.261719
