max_fitness,coverage1,coverage2,coverage3
0.65974414,0.29296875,40.527344,5.2734375
