max_fitness,coverage1,coverage2,coverage3
1.6473217,9.863281,4.9804688,2.734375
