max_fitness,coverage1,coverage2,coverage3
3.0609272,1.3671875,36.035156,11.425781
