max_fitness,coverage1,coverage2,coverage3
5.229172,4.296875,10.15625,25.292969
