max_fitness,coverage1,coverage2,coverage3
1.7812122,8.691406,36.035156,11.328125
