max_fitness,coverage1,coverage2,coverage3
1.4140229,11.9140625,3.3203125,2.6367188
