max_fitness,coverage1,coverage2,coverage3
1.447394,12.3046875,4.1992188,2.5390625
