max_fitness,coverage1,coverage2,coverage3
0.96535635,0.09765625,6.25,6.7382812
