max_fitness,coverage1,coverage2,coverage3
6.463301,4.7851562,12.890625,30.078125
