max_fitness,coverage1,coverage2,coverage3
1.5889095,8.691406,36.035156,8.105469
