max_fitness,coverage1,coverage2,coverage3
2.0184157,1.3671875,36.035156,9.667969
