max_fitness,coverage1,coverage2,coverage3
0.53713614,1.6601562,1.5625,1.0742188
