max_fitness,coverage1,coverage2,coverage3
0.90337306,6.1523438,4.1992188,2.9296875
