max_fitness,coverage1,coverage2,coverage3
2.351431,2.8320312,53.710938,7.2265625
