max_fitness,coverage1,coverage2,coverage3
5.937121,8.691406,35.546875,7.1289062
