max_fitness,coverage1,coverage2,coverage3
5.7214346,10.449219,5.1757812,4.7851562
