max_fitness,coverage1,coverage2,coverage3
2.8151572,9.082031,36.328125,6.4453125
