max_fitness,coverage1,coverage2,coverage3
1.7712272,2.34375,6.4453125,14.84375
