max_fitness,coverage1,coverage2,coverage3
2.9490497,3.7109375,51.171875,3.8085938
