max_fitness,coverage1,coverage2,coverage3
3.6847937,2.6367188,16.308594,17.089844
