max_fitness,coverage1,coverage2,coverage3
3.7847006,10.3515625,5.859375,2.4414062
