max_fitness,coverage1,coverage2,coverage3
5.7603173,4.1992188,12.890625,13.769531
