max_fitness,coverage1,coverage2,coverage3
2.0178273,1.4648438,8.496094,15.625
