max_fitness,coverage1,coverage2,coverage3
0.74605757,8.59375,36.914062,6.9335938
