max_fitness,coverage1,coverage2,coverage3
2.745996,7.03125,6.8359375,7.03125
