max_fitness,coverage1,coverage2,coverage3
4.8802357,7.9101562,32.910156,8.105469
