max_fitness,coverage1,coverage2,coverage3
1.901818,8.886719,7.9101562,3.4179688
