max_fitness,coverage1,coverage2,coverage3
3.926559,3.0273438,16.699219,7.8125
