max_fitness,coverage1,coverage2,coverage3
2.7141342,3.90625,57.32422,10.3515625
