max_fitness,coverage1,coverage2,coverage3
7.7208257,3.515625,56.445312,11.1328125
