max_fitness,coverage1,coverage2,coverage3
2.046202,3.0273438,15.8203125,12.402344
