max_fitness,coverage1,coverage2,coverage3
9.096734,2.9296875,59.375,7.7148438
