max_fitness,coverage1,coverage2,coverage3
2.2407105,8.59375,36.914062,4.1992188
