max_fitness,coverage1,coverage2,coverage3
1.6310664,3.6132812,53.710938,6.3476562
