max_fitness,coverage1,coverage2,coverage3
2.1887145,2.5390625,7.5195312,21.09375
