max_fitness,coverage1,coverage2,coverage3
2.3252306,8.496094,5.859375,3.6132812
