max_fitness,coverage1,coverage2,coverage3
5.878227,2.8320312,12.597656,11.816406
