max_fitness,coverage1,coverage2,coverage3
5.985067,6.4453125,8.496094,7.5195312
