max_fitness,coverage1,coverage2,coverage3
0.18043888,0.09765625,5.5664062,6.25
