max_fitness,coverage1,coverage2,coverage3
1.1106591,0.09765625,6.25,3.7109375
