max_fitness,coverage1,coverage2,coverage3
1.0284766,0.29296875,40.527344,0.87890625
