max_fitness,coverage1,coverage2,coverage3
3.2954786,8.59375,36.914062,2.5390625
