max_fitness,coverage1,coverage2,coverage3
2.6584363,5.6640625,7.421875,6.0546875
