max_fitness,coverage1,coverage2,coverage3
1.5154272,1.3671875,4.6875,7.7148438
