max_fitness,coverage1,coverage2,coverage3
0.58971846,0.48828125,37.109375,4.3945312
