max_fitness,coverage1,coverage2,coverage3
7.2637715,3.3203125,53.61328,17.382812
