max_fitness,coverage1,coverage2,coverage3
3.9917183,11.621094,3.0273438,4.3945312
