max_fitness,coverage1,coverage2,coverage3
0.8496505,10.3515625,5.859375,3.8085938
