max_fitness,coverage1,coverage2,coverage3
6.257149,3.125,56.152344,4.8828125
