max_fitness,coverage1,coverage2,coverage3
2.0209696,2.8320312,53.710938,5.859375
