max_fitness,coverage1,coverage2,coverage3
1.2815012,8.3984375,35.9375,2.9296875
