max_fitness,coverage1,coverage2,coverage3
7.0097904,3.125,16.699219,15.4296875
