max_fitness,coverage1,coverage2,coverage3
3.5012298,3.515625,56.445312,6.9335938
