max_fitness,coverage1,coverage2,coverage3
0.9479025,11.035156,6.3476562,1.953125
