max_fitness,coverage1,coverage2,coverage3
2.0297763,8.691406,39.35547,5.5664062
