max_fitness,coverage1,coverage2,coverage3
5.9558635,3.125,16.699219,13.574219
