max_fitness,coverage1,coverage2,coverage3
5.301172,3.2226562,9.5703125,14.453125
