max_fitness,coverage1,coverage2,coverage3
1.0590255,0.48828125,37.109375,3.3203125
