max_fitness,coverage1,coverage2,coverage3
1.7680179,8.0078125,7.3242188,3.7109375
