max_fitness,coverage1,coverage2,coverage3
7.9617314,9.082031,37.98828,10.546875
