max_fitness,coverage1,coverage2,coverage3
6.7974677,2.2460938,56.640625,11.425781
