max_fitness,coverage1,coverage2,coverage3
1.7276672,4.296875,10.15625,18.164062
