max_fitness,coverage1,coverage2,coverage3
1.6310664,3.2226562,9.5703125,12.6953125
