max_fitness,coverage1,coverage2,coverage3
3.75936,9.082031,36.328125,6.8359375
