max_fitness,coverage1,coverage2,coverage3
4.1768827,9.082031,36.328125,8.7890625
