max_fitness,coverage1,coverage2,coverage3
2.3773382,3.6132812,53.710938,7.421875
