max_fitness,coverage1,coverage2,coverage3
1.6187364,3.515625,56.445312,6.0546875
