max_fitness,coverage1,coverage2,coverage3
2.1996963,4.1992188,55.95703,4.7851562
