max_fitness,coverage1,coverage2,coverage3
3.5921404,4.0039062,12.792969,19.238281
