max_fitness,coverage1,coverage2,coverage3
4.524057,3.0273438,35.351562,8.496094
