max_fitness,coverage1,coverage2,coverage3
8.432835,1.953125,56.73828,12.207031
