max_fitness,coverage1,coverage2,coverage3
1.829328,5.1757812,52.539062,11.816406
