max_fitness,coverage1,coverage2,coverage3
7.245087,1.953125,56.73828,9.472656
