max_fitness,coverage1,coverage2,coverage3
3.4654725,6.0546875,8.203125,5.1757812
