max_fitness,coverage1,coverage2,coverage3
1.1090502,5.6640625,3.4179688,3.2226562
