max_fitness,coverage1,coverage2,coverage3
5.1984386,6.3476562,8.496094,15.0390625
