max_fitness,coverage1,coverage2,coverage3
3.5346477,8.691406,36.035156,4.5898438
