max_fitness,coverage1,coverage2,coverage3
2.541611,2.4414062,57.714844,5.9570312
