max_fitness,coverage1,coverage2,coverage3
1.1017177,3.3203125,2.4414062,1.2695312
