max_fitness,coverage1,coverage2,coverage3
2.376554,7.8125,6.7382812,2.2460938
