max_fitness,coverage1,coverage2,coverage3
4.516961,2.8320312,53.710938,3.2226562
