max_fitness,coverage1,coverage2,coverage3
8.832623,3.515625,56.445312,15.0390625
