max_fitness,coverage1,coverage2,coverage3
6.1411905,11.328125,3.90625,2.5390625
