max_fitness,coverage1,coverage2,coverage3
4.4622874,4.4921875,57.03125,2.734375
