max_fitness,coverage1,coverage2,coverage3
1.7500156,3.0273438,35.351562,10.3515625
