max_fitness,coverage1,coverage2,coverage3
1.3358563,5.6640625,2.4414062,3.8085938
