max_fitness,coverage1,coverage2,coverage3
5.477529,4.7851562,12.890625,30.46875
