max_fitness,coverage1,coverage2,coverage3
3.7873664,2.34375,14.355469,6.3476562
