max_fitness,coverage1,coverage2,coverage3
1.7897601,7.03125,6.8359375,8.691406
