max_fitness,coverage1,coverage2,coverage3
4.279035,9.082031,36.328125,9.765625
