max_fitness,coverage1,coverage2,coverage3
4.2723336,2.2460938,15.234375,2.8320312
