max_fitness,coverage1,coverage2,coverage3
2.0437396,1.953125,56.73828,4.6875
