max_fitness,coverage1,coverage2,coverage3
1.3453586,7.9101562,32.910156,2.5390625
