max_fitness,coverage1,coverage2,coverage3
1.3142214,11.816406,6.8359375,2.5390625
