max_fitness,coverage1,coverage2,coverage3
0.88756615,2.5390625,7.5195312,11.816406
