max_fitness,coverage1,coverage2,coverage3
2.4802687,3.2226562,5.859375,7.8125
