max_fitness,coverage1,coverage2,coverage3
3.3038802,3.515625,56.445312,7.9101562
