max_fitness,coverage1,coverage2,coverage3
0.8698756,0.48828125,37.109375,1.953125
