max_fitness,coverage1,coverage2,coverage3
5.2117014,8.496094,5.859375,4.5898438
