max_fitness,coverage1,coverage2,coverage3
3.1193979,12.207031,3.90625,3.90625
