max_fitness,coverage1,coverage2,coverage3
4.8802357,6.3476562,8.496094,12.792969
