max_fitness,coverage1,coverage2,coverage3
1.6248654,1.3671875,36.035156,8.7890625
