max_fitness,coverage1,coverage2,coverage3
2.227696,8.886719,36.42578,10.7421875
