max_fitness,coverage1,coverage2,coverage3
4.581064,4.1992188,55.95703,10.546875
