max_fitness,coverage1,coverage2,coverage3
1.5581592,2.8320312,12.597656,7.2265625
