max_fitness,coverage1,coverage2,coverage3
1.8687177,6.4453125,8.496094,9.1796875
