max_fitness,coverage1,coverage2,coverage3
1.3606933,4.1992188,12.890625,9.863281
