max_fitness,coverage1,coverage2,coverage3
1.867953,8.886719,36.42578,8.105469
