max_fitness,coverage1,coverage2,coverage3
6.8309007,2.9296875,17.285156,13.964844
