max_fitness,coverage1,coverage2,coverage3
1.4060373,3.0273438,2.4414062,1.7578125
