max_fitness,coverage1,coverage2,coverage3
6.9438586,8.496094,7.03125,4.1015625
