max_fitness,coverage1,coverage2,coverage3
6.975004,2.2460938,56.640625,10.15625
