max_fitness,coverage1,coverage2,coverage3
1.7601798,7.421875,6.7382812,2.4414062
