max_fitness,coverage1,coverage2,coverage3
8.431175,3.125,56.152344,13.0859375
