max_fitness,coverage1,coverage2,coverage3
2.9813008,8.691406,35.546875,3.3203125
