max_fitness,coverage1,coverage2,coverage3
1.1717412,0.1953125,37.109375,1.2695312
