max_fitness,coverage1,coverage2,coverage3
1.6994594,11.816406,6.8359375,3.515625
