max_fitness,coverage1,coverage2,coverage3
1.2471871,10.449219,5.1757812,5.6640625
