max_fitness,coverage1,coverage2,coverage3
3.5216947,8.59375,7.421875,1.6601562
