max_fitness,coverage1,coverage2,coverage3
0.57507294,0.390625,5.078125,9.082031
