max_fitness,coverage1,coverage2,coverage3
1.0963056,3.0273438,15.8203125,6.25
