max_fitness,coverage1,coverage2,coverage3
5.9808736,8.0078125,7.3242188,4.1015625
