max_fitness,coverage1,coverage2,coverage3
1.2193723,7.8125,6.7382812,3.3203125
