max_fitness,coverage1,coverage2,coverage3
1.8270276,2.734375,5.6640625,17.871094
