max_fitness,coverage1,coverage2,coverage3
3.608599,8.691406,35.546875,3.3203125
