max_fitness,coverage1,coverage2,coverage3
1.3552151,3.125,14.355469,8.105469
