max_fitness,coverage1,coverage2,coverage3
3.2799482,4.1992188,55.95703,5.078125
