max_fitness,coverage1,coverage2,coverage3
3.2049413,2.5390625,57.910156,6.9335938
