max_fitness,coverage1,coverage2,coverage3
3.220738,1.3671875,4.6875,15.0390625
