max_fitness,coverage1,coverage2,coverage3
0.38685697,0.09765625,6.25,3.90625
