max_fitness,coverage1,coverage2,coverage3
0.9699483,3.2226562,56.835938,4.9804688
