max_fitness,coverage1,coverage2,coverage3
2.3738909,10.058594,3.2226562,3.4179688
