max_fitness,coverage1,coverage2,coverage3
5.142699,3.3203125,11.1328125,14.84375
