max_fitness,coverage1,coverage2,coverage3
4.7830377,7.03125,6.8359375,12.6953125
