max_fitness,coverage1,coverage2,coverage3
3.5086405,11.71875,3.125,1.3671875
