max_fitness,coverage1,coverage2,coverage3
1.8185587,1.953125,56.73828,2.0507812
