max_fitness,coverage1,coverage2,coverage3
6.6034937,2.6367188,16.308594,7.7148438
