max_fitness,coverage1,coverage2,coverage3
1.0351405,5.6640625,2.4414062,3.7109375
