max_fitness,coverage1,coverage2,coverage3
4.890428,3.3203125,2.4414062,2.0507812
