max_fitness,coverage1,coverage2,coverage3
1.8550683,12.207031,3.90625,3.8085938
