max_fitness,coverage1,coverage2,coverage3
1.8070776,5.6640625,2.4414062,3.515625
