max_fitness,coverage1,coverage2,coverage3
3.0467572,3.90625,12.6953125,18.945312
