max_fitness,coverage1,coverage2,coverage3
4.747807,3.3203125,11.1328125,20.996094
