max_fitness,coverage1,coverage2,coverage3
1.5142242,2.4414062,57.714844,5.46875
