max_fitness,coverage1,coverage2,coverage3
6.720267,10.058594,3.2226562,3.7109375
