max_fitness,coverage1,coverage2,coverage3
1.0804948,7.3242188,6.5429688,1.0742188
