max_fitness,coverage1,coverage2,coverage3
1.6848227,11.816406,6.8359375,3.7109375
