max_fitness,coverage1,coverage2,coverage3
3.2646549,6.0546875,8.203125,9.472656
