max_fitness,coverage1,coverage2,coverage3
1.0341562,0.09765625,4.0039062,3.2226562
