max_fitness,coverage1,coverage2,coverage3
0.8370381,1.0742188,1.0742188,0.1953125
