max_fitness,coverage1,coverage2,coverage3
1.4769267,3.0273438,16.699219,12.6953125
