max_fitness,coverage1,coverage2,coverage3
0.87956905,6.7382812,5.859375,2.734375
