max_fitness,coverage1,coverage2,coverage3
4.482371,11.035156,6.3476562,4.4921875
