max_fitness,coverage1,coverage2,coverage3
3.4371805,5.7617188,7.421875,8.59375
