max_fitness,coverage1,coverage2,coverage3
1.7519962,2.8320312,12.597656,5.5664062
