max_fitness,coverage1,coverage2,coverage3
0.4269241,1.0742188,1.0742188,0.48828125
