max_fitness,coverage1,coverage2,coverage3
0.82869375,1.6601562,1.5625,0.87890625
