max_fitness,coverage1,coverage2,coverage3
3.8694487,4.1992188,54.39453,7.03125
