max_fitness,coverage1,coverage2,coverage3
5.450085,2.2460938,56.640625,6.7382812
