max_fitness,coverage1,coverage2,coverage3
7.908059,2.8320312,53.710938,9.082031
