max_fitness,coverage1,coverage2,coverage3
3.943067,2.5390625,57.128906,9.082031
