max_fitness,coverage1,coverage2,coverage3
2.0084617,4.7851562,12.890625,18.359375
