max_fitness,coverage1,coverage2,coverage3
1.5597606,5.6640625,3.4179688,2.8320312
