max_fitness,coverage1,coverage2,coverage3
8.806089,3.0273438,14.453125,15.234375
