max_fitness,coverage1,coverage2,coverage3
3.8234172,3.125,56.152344,7.6171875
