max_fitness,coverage1,coverage2,coverage3
1.5038062,7.03125,6.8359375,11.425781
