max_fitness,coverage1,coverage2,coverage3
3.4056127,5.1757812,52.539062,5.078125
