max_fitness,coverage1,coverage2,coverage3
1.8153437,8.691406,35.546875,5.859375
