max_fitness,coverage1,coverage2,coverage3
1.3542366,1.3671875,4.6875,5.46875
