max_fitness,coverage1,coverage2,coverage3
7.979179,2.5390625,57.128906,14.453125
