max_fitness,coverage1,coverage2,coverage3
1.7423812,6.4453125,7.9101562,9.9609375
