max_fitness,coverage1,coverage2,coverage3
4.316399,3.2226562,56.835938,3.125
