max_fitness,coverage1,coverage2,coverage3
8.033377,8.496094,5.859375,5.078125
