max_fitness,coverage1,coverage2,coverage3
1.5026674,6.0546875,8.203125,10.058594
