max_fitness,coverage1,coverage2,coverage3
2.1979258,5.078125,2.6367188,2.9296875
