max_fitness,coverage1,coverage2,coverage3
5.911594,3.0273438,16.699219,12.597656
