max_fitness,coverage1,coverage2,coverage3
0.41542393,0.09765625,6.25,4.3945312
