max_fitness,coverage1,coverage2,coverage3
1.0236522,12.3046875,4.1992188,3.4179688
