max_fitness,coverage1,coverage2,coverage3
2.3683155,3.515625,56.445312,3.7109375
