max_fitness,coverage1,coverage2,coverage3
5.651815,3.2226562,56.835938,7.8125
