max_fitness,coverage1,coverage2,coverage3
3.3615289,11.9140625,3.3203125,3.0273438
