max_fitness,coverage1,coverage2,coverage3
5.7214346,4.7851562,12.890625,17.480469
