max_fitness,coverage1,coverage2,coverage3
3.1438718,1.4648438,8.496094,28.613281
