max_fitness,coverage1,coverage2,coverage3
3.025478,2.34375,6.4453125,22.167969
