max_fitness,coverage1,coverage2,coverage3
0.9532966,0.29296875,40.527344,1.171875
