max_fitness,coverage1,coverage2,coverage3
6.6933794,11.035156,3.515625,2.734375
