max_fitness,coverage1,coverage2,coverage3
1.4615822,7.3242188,6.5429688,2.0507812
