max_fitness,coverage1,coverage2,coverage3
1.2146846,2.5390625,7.5195312,22.753906
