max_fitness,coverage1,coverage2,coverage3
1.7806782,10.3515625,5.859375,4.0039062
