max_fitness,coverage1,coverage2,coverage3
3.002265,10.15625,5.1757812,4.9804688
