max_fitness,coverage1,coverage2,coverage3
1.9776701,3.515625,56.445312,12.109375
