max_fitness,coverage1,coverage2,coverage3
5.8770895,6.0546875,8.203125,14.355469
