max_fitness,coverage1,coverage2,coverage3
4.124164,9.863281,4.9804688,4.8828125
