max_fitness,coverage1,coverage2,coverage3
3.3129919,7.03125,6.8359375,5.078125
