max_fitness,coverage1,coverage2,coverage3
5.224917,4.0039062,12.792969,26.5625
