max_fitness,coverage1,coverage2,coverage3
4.9605937,7.9101562,32.910156,8.300781
