max_fitness,coverage1,coverage2,coverage3
0.9922276,1.3671875,36.035156,4.4921875
