max_fitness,coverage1,coverage2,coverage3
2.9540694,1.6601562,34.86328,8.300781
