max_fitness,coverage1,coverage2,coverage3
3.0334544,7.6171875,10.058594,17.1875
