max_fitness,coverage1,coverage2,coverage3
1.9125208,7.8125,6.7382812,2.9296875
