max_fitness,coverage1,coverage2,coverage3
1.3088266,2.34375,14.355469,5.859375
