max_fitness,coverage1,coverage2,coverage3
6.1160345,2.8320312,53.710938,3.3203125
