max_fitness,coverage1,coverage2,coverage3
2.1439817,7.3242188,6.5429688,2.8320312
