max_fitness,coverage1,coverage2,coverage3
3.312626,2.9296875,37.304688,4.296875
