max_fitness,coverage1,coverage2,coverage3
4.954072,5.6640625,3.4179688,3.6132812
