max_fitness,coverage1,coverage2,coverage3
1.9684641,2.34375,14.355469,11.425781
