max_fitness,coverage1,coverage2,coverage3
1.746345,6.0546875,8.203125,8.3984375
