max_fitness,coverage1,coverage2,coverage3
6.0232673,11.035156,3.515625,3.3203125
