max_fitness,coverage1,coverage2,coverage3
3.88317,5.6640625,2.4414062,2.9296875
