max_fitness,coverage1,coverage2,coverage3
4.4825697,3.2226562,56.835938,6.4453125
