max_fitness,coverage1,coverage2,coverage3
5.6348176,3.0273438,15.8203125,16.601562
