max_fitness,coverage1,coverage2,coverage3
2.321722,9.082031,37.98828,11.1328125
