max_fitness,coverage1,coverage2,coverage3
3.575765,9.082031,37.98828,5.3710938
