max_fitness,coverage1,coverage2,coverage3
5.735704,8.59375,7.421875,3.4179688
