max_fitness,coverage1,coverage2,coverage3
4.948084,4.0039062,12.792969,10.3515625
