max_fitness,coverage1,coverage2,coverage3
1.6931926,2.2460938,56.640625,2.1484375
