max_fitness,coverage1,coverage2,coverage3
6.6371665,2.4414062,57.714844,10.7421875
