max_fitness,coverage1,coverage2,coverage3
3.8285606,3.2226562,5.859375,14.941406
