max_fitness,coverage1,coverage2,coverage3
2.195224,2.5390625,7.5195312,10.9375
