max_fitness,coverage1,coverage2,coverage3
4.0584025,3.2226562,5.859375,7.6171875
