max_fitness,coverage1,coverage2,coverage3
2.043487,11.328125,6.1523438,3.4179688
