max_fitness,coverage1,coverage2,coverage3
6.994028,2.5390625,57.128906,12.890625
