max_fitness,coverage1,coverage2,coverage3
3.2381208,3.125,16.699219,10.058594
