max_fitness,coverage1,coverage2,coverage3
4.8650894,3.125,16.699219,19.042969
