max_fitness,coverage1,coverage2,coverage3
1.2130095,6.3476562,8.496094,8.691406
