max_fitness,coverage1,coverage2,coverage3
3.8694487,10.449219,5.1757812,3.90625
