max_fitness,coverage1,coverage2,coverage3
1.6812911,5.1757812,52.539062,11.5234375
