max_fitness,coverage1,coverage2,coverage3
1.557181,8.691406,39.35547,4.8828125
