max_fitness,coverage1,coverage2,coverage3
1.5328102,3.90625,57.32422,7.03125
