max_fitness,coverage1,coverage2,coverage3
5.0022197,11.816406,6.8359375,5.078125
