max_fitness,coverage1,coverage2,coverage3
1.2092475,8.496094,5.859375,4.0039062
