max_fitness,coverage1,coverage2,coverage3
5.111929,2.5390625,57.128906,6.4453125
