max_fitness,coverage1,coverage2,coverage3
0.20776668,3.0273438,2.4414062,1.2695312
