max_fitness,coverage1,coverage2,coverage3
6.4667273,2.6367188,16.308594,13.964844
