max_fitness,coverage1,coverage2,coverage3
1.9550296,7.9101562,6.8359375,2.5390625
