max_fitness,coverage1,coverage2,coverage3
2.9898393,8.3984375,35.9375,5.7617188
