max_fitness,coverage1,coverage2,coverage3
2.9540694,3.3203125,2.4414062,1.953125
