max_fitness,coverage1,coverage2,coverage3
5.855292,4.5898438,12.109375,31.445312
