max_fitness,coverage1,coverage2,coverage3
1.0239578,8.886719,7.9101562,3.7109375
