max_fitness,coverage1,coverage2,coverage3
5.8338504,3.2226562,5.859375,26.660156
