max_fitness,coverage1,coverage2,coverage3
3.45743,11.328125,3.90625,1.8554688
