max_fitness,coverage1,coverage2,coverage3
2.5006075,2.5390625,7.5195312,35.15625
