max_fitness,coverage1,coverage2,coverage3
4.1188855,2.734375,5.6640625,12.6953125
