max_fitness,coverage1,coverage2,coverage3
2.2886477,4.1992188,54.39453,10.7421875
