max_fitness,coverage1,coverage2,coverage3
0.6720612,0.48828125,37.109375,4.9804688
