max_fitness,coverage1,coverage2,coverage3
2.0636528,4.0039062,56.054688,6.3476562
