max_fitness,coverage1,coverage2,coverage3
3.8554344,2.8320312,12.597656,9.5703125
