max_fitness,coverage1,coverage2,coverage3
5.2111917,12.3046875,4.1992188,4.3945312
