max_fitness,coverage1,coverage2,coverage3
1.0236522,8.886719,36.42578,6.1523438
