max_fitness,coverage1,coverage2,coverage3
1.8209844,3.3203125,2.4414062,1.5625
