max_fitness,coverage1,coverage2,coverage3
4.437233,2.5390625,57.910156,3.90625
