max_fitness,coverage1,coverage2,coverage3
8.4099,2.2460938,15.234375,14.84375
