max_fitness,coverage1,coverage2,coverage3
1.5080366,8.59375,36.914062,7.7148438
