max_fitness,coverage1,coverage2,coverage3
2.9671307,2.34375,14.355469,11.816406
