max_fitness,coverage1,coverage2,coverage3
1.9578333,4.5898438,12.109375,15.136719
