max_fitness,coverage1,coverage2,coverage3
0.7777444,0.1953125,37.109375,5.7617188
