max_fitness,coverage1,coverage2,coverage3
2.275968,2.5390625,7.5195312,25.195312
