max_fitness,coverage1,coverage2,coverage3
1.9196875,8.691406,39.35547,5.078125
