max_fitness,coverage1,coverage2,coverage3
3.476741,5.1757812,52.539062,6.8359375
