max_fitness,coverage1,coverage2,coverage3
2.488693,4.7851562,12.890625,6.0546875
