max_fitness,coverage1,coverage2,coverage3
2.2797267,3.3203125,53.61328,11.5234375
