max_fitness,coverage1,coverage2,coverage3
1.8930748,3.0273438,35.351562,6.5429688
