max_fitness,coverage1,coverage2,coverage3
2.1284308,2.734375,5.6640625,15.0390625
