max_fitness,coverage1,coverage2,coverage3
0.8126159,0.29296875,40.527344,4.3945312
