max_fitness,coverage1,coverage2,coverage3
4.9605937,10.058594,3.2226562,3.0273438
