max_fitness,coverage1,coverage2,coverage3
1.0136352,10.449219,5.1757812,2.6367188
