max_fitness,coverage1,coverage2,coverage3
4.727797,7.421875,6.7382812,2.1484375
