max_fitness,coverage1,coverage2,coverage3
1.1277838,11.621094,3.0273438,3.3203125
