max_fitness,coverage1,coverage2,coverage3
1.2851622,2.2460938,15.234375,7.03125
