max_fitness,coverage1,coverage2,coverage3
3.2573729,6.4453125,7.9101562,10.449219
