max_fitness,coverage1,coverage2,coverage3
1.238025,8.105469,37.01172,2.2460938
