max_fitness,coverage1,coverage2,coverage3
5.108366,3.6132812,53.710938,12.402344
