max_fitness,coverage1,coverage2,coverage3
2.3239582,3.2226562,56.835938,4.8828125
