max_fitness,coverage1,coverage2,coverage3
4.490528,11.035156,6.3476562,3.7109375
