max_fitness,coverage1,coverage2,coverage3
0.6216253,0.48828125,37.109375,6.640625
