max_fitness,coverage1,coverage2,coverage3
0.8455584,0.48828125,37.109375,3.2226562
