max_fitness,coverage1,coverage2,coverage3
6.1431794,5.7617188,7.421875,9.277344
