max_fitness,coverage1,coverage2,coverage3
5.434544,4.5898438,12.109375,17.480469
