max_fitness,coverage1,coverage2,coverage3
3.6178553,11.9140625,3.3203125,1.7578125
