max_fitness,coverage1,coverage2,coverage3
1.7461364,11.71875,3.125,1.8554688
