max_fitness,coverage1,coverage2,coverage3
3.6139896,11.425781,4.296875,2.8320312
