max_fitness,coverage1,coverage2,coverage3
1.7958393,2.6367188,16.308594,12.402344
