max_fitness,coverage1,coverage2,coverage3
2.9198918,4.296875,10.15625,7.2265625
