max_fitness,coverage1,coverage2,coverage3
6.7817483,6.4453125,8.496094,10.546875
