max_fitness,coverage1,coverage2,coverage3
0.39638928,1.6601562,1.5625,0.78125
