max_fitness,coverage1,coverage2,coverage3
3.5332308,2.5390625,57.910156,7.9101562
