max_fitness,coverage1,coverage2,coverage3
1.3644705,11.035156,6.3476562,4.296875
