max_fitness,coverage1,coverage2,coverage3
1.1774929,0.29296875,40.527344,3.90625
