max_fitness,coverage1,coverage2,coverage3
1.8225315,3.2226562,9.5703125,12.597656
