max_fitness,coverage1,coverage2,coverage3
1.7993019,7.8125,10.15625,11.816406
