max_fitness,coverage1,coverage2,coverage3
4.2711363,3.0273438,14.453125,22.949219
