max_fitness,coverage1,coverage2,coverage3
3.9362824,2.9296875,59.375,9.667969
