max_fitness,coverage1,coverage2,coverage3
1.489959,8.105469,37.01172,6.1523438
