max_fitness,coverage1,coverage2,coverage3
0.72817445,0.29296875,40.527344,3.6132812
