max_fitness,coverage1,coverage2,coverage3
1.8720518,8.59375,7.421875,3.2226562
