max_fitness,coverage1,coverage2,coverage3
4.3559556,8.691406,36.035156,8.203125
