max_fitness,coverage1,coverage2,coverage3
3.8657384,10.3515625,5.859375,4.6875
