max_fitness,coverage1,coverage2,coverage3
1.4039453,11.328125,3.90625,2.9296875
