max_fitness,coverage1,coverage2,coverage3
0.07584491,1.0742188,1.0742188,0.48828125
