max_fitness,coverage1,coverage2,coverage3
2.9286447,6.4453125,7.9101562,6.640625
