max_fitness,coverage1,coverage2,coverage3
1.5458778,2.6367188,16.308594,8.105469
