max_fitness,coverage1,coverage2,coverage3
2.1751947,4.5898438,12.109375,7.5195312
