max_fitness,coverage1,coverage2,coverage3
7.5113606,2.8320312,53.710938,6.25
