max_fitness,coverage1,coverage2,coverage3
7.720157,3.125,14.355469,16.894531
