max_fitness,coverage1,coverage2,coverage3
1.147261,8.105469,37.01172,4.296875
