max_fitness,coverage1,coverage2,coverage3
1.3926649,3.7109375,51.171875,7.7148438
