max_fitness,coverage1,coverage2,coverage3
1.888064,6.1523438,4.1992188,2.5390625
