max_fitness,coverage1,coverage2,coverage3
1.105524,11.816406,6.8359375,3.8085938
