max_fitness,coverage1,coverage2,coverage3
2.1556716,3.3203125,11.1328125,22.265625
