max_fitness,coverage1,coverage2,coverage3
4.987495,3.125,16.699219,6.8359375
