max_fitness,coverage1,coverage2,coverage3
1.2750975,1.6601562,34.86328,5.6640625
