max_fitness,coverage1,coverage2,coverage3
0.95404565,11.035156,3.515625,0.9765625
