max_fitness,coverage1,coverage2,coverage3
6.8309007,2.5390625,57.128906,10.253906
