max_fitness,coverage1,coverage2,coverage3
8.60362,0.78125,18.652344,35.15625
