max_fitness,coverage1,coverage2,coverage3
10.594585,2.2460938,15.8203125,53.90625
