max_fitness,coverage1,coverage2,coverage3
6.689624,4.1015625,3.90625,2.34375
