max_fitness,coverage1,coverage2,coverage3
6.705048,10.3515625,8.984375,29.199219
