max_fitness,coverage1,coverage2,coverage3
10.240726,36.132812,10.9375,7.9101562
