max_fitness,coverage1,coverage2,coverage3
6.689624,0.5859375,57.421875,8.3984375
