max_fitness,coverage1,coverage2,coverage3
10.409345,39.257812,11.035156,10.253906
