max_fitness,coverage1,coverage2,coverage3
10.613141,0.78125,36.621094,15.332031
