max_fitness,coverage1,coverage2,coverage3
10.152051,4.1015625,3.8085938,2.6367188
