max_fitness,coverage1,coverage2,coverage3
9.00358,0.9765625,55.566406,15.4296875
