max_fitness,coverage1,coverage2,coverage3
8.352102,34.570312,10.839844,7.2265625
