max_fitness,coverage1,coverage2,coverage3
10.165332,12.597656,35.253906,11.1328125
