max_fitness,coverage1,coverage2,coverage3
10.240726,10.15625,11.035156,26.660156
