max_fitness,coverage1,coverage2,coverage3
6.3732104,4.4921875,3.90625,2.5390625
