max_fitness,coverage1,coverage2,coverage3
5.91656,41.210938,9.277344,6.9335938
