max_fitness,coverage1,coverage2,coverage3
8.908031,2.1484375,16.699219,46.777344
