max_fitness,coverage1,coverage2,coverage3
6.689624,0.78125,15.4296875,27.148438
