max_fitness,coverage1,coverage2,coverage3
9.00358,1.3671875,16.015625,51.07422
