max_fitness,coverage1,coverage2,coverage3
10.415704,1.2695312,15.332031,49.902344
