max_fitness,coverage1,coverage2,coverage3
6.705048,12.3046875,35.546875,9.9609375
