max_fitness,coverage1,coverage2,coverage3
10.165332,10.058594,8.984375,30.371094
