max_fitness,coverage1,coverage2,coverage3
9.00358,20.898438,8.496094,5.859375
