max_fitness,coverage1,coverage2,coverage3
8.908031,1.7578125,52.734375,14.0625
