max_fitness,coverage1,coverage2,coverage3
10.409345,12.792969,37.01172,11.71875
