max_fitness,coverage1,coverage2,coverage3
7.937175,15.234375,8.7890625,5.46875
