max_fitness,coverage1,coverage2,coverage3
7.937175,1.3671875,54.19922,11.1328125
