max_fitness,coverage1,coverage2,coverage3
6.705048,34.375,6.9335938,8.300781
