max_fitness,coverage1,coverage2,coverage3
10.240726,12.109375,37.20703,10.058594
