max_fitness,coverage1,coverage2,coverage3
6.3732104,0.68359375,15.8203125,26.171875
