max_fitness,coverage1,coverage2,coverage3
7.1740727,0.78125,11.71875,52.148438
