max_fitness,coverage1,coverage2,coverage3
6.3732104,0.78125,55.078125,9.472656
