max_fitness,coverage1,coverage2,coverage3
7.937175,1.5625,15.722656,54.492188
