max_fitness,coverage1,coverage2,coverage3
6.9303384,0.87890625,33.398438,15.8203125
