max_fitness,coverage1,coverage2,coverage3
10.152051,0.68359375,54.785156,9.863281
