max_fitness,coverage1,coverage2,coverage3
10.415704,1.4648438,56.347656,13.769531
