max_fitness,coverage1,coverage2,coverage3
7.96771,0.68359375,15.917969,30.273438
