max_fitness,coverage1,coverage2,coverage3
10.409345,9.1796875,10.3515625,28.90625
