max_fitness,coverage1,coverage2,coverage3
10.387507,0.78125,17.578125,39.257812
