max_fitness,coverage1,coverage2,coverage3
7.519014,17.1875,7.7148438,3.90625
