max_fitness,coverage1,coverage2,coverage3
7.634594,1.171875,36.621094,16.992188
