max_fitness,coverage1,coverage2,coverage3
10.594585,17.480469,8.0078125,6.1523438
