max_fitness,coverage1,coverage2,coverage3
7.634594,1.6601562,9.1796875,56.835938
