max_fitness,coverage1,coverage2,coverage3
8.352102,11.425781,10.9375,29.492188
