max_fitness,coverage1,coverage2,coverage3
10.165332,29.003906,9.5703125,9.667969
