max_fitness,coverage1,coverage2,coverage3
6.9303384,0.78125,9.277344,56.73828
