max_fitness,coverage1,coverage2,coverage3
10.594585,1.7578125,53.710938,16.503906
