max_fitness,coverage1,coverage2,coverage3
6.995215,0.9765625,8.7890625,55.566406
