max_fitness,coverage1,coverage2,coverage3
5.523619,4.1992188,1.953125,3.3203125
