max_fitness,coverage1,coverage2,coverage3
7.634594,5.3710938,3.6132812,3.125
