max_fitness,coverage1,coverage2,coverage3
10.387507,0.87890625,57.617188,13.378906
