max_fitness,coverage1,coverage2,coverage3
8.908031,22.851562,10.546875,6.9335938
