max_fitness,coverage1,coverage2,coverage3
7.519014,1.0742188,51.26953,14.0625
