max_fitness,coverage1,coverage2,coverage3
10.415704,16.308594,8.3984375,7.3242188
