max_fitness,coverage1,coverage2,coverage3
7.96771,0.48828125,53.027344,8.300781
