max_fitness,coverage1,coverage2,coverage3
10.613141,1.0742188,7.421875,56.640625
