max_fitness,coverage1,coverage2,coverage3
9.06701,8.886719,7.9101562,4.0039062
