max_fitness,coverage1,coverage2,coverage3
3.4579766,2.34375,6.4453125,43.45703
