max_fitness,coverage1,coverage2,coverage3
10.579874,11.328125,6.1523438,4.8828125
