max_fitness,coverage1,coverage2,coverage3
9.157978,3.0273438,16.699219,31.445312
