max_fitness,coverage1,coverage2,coverage3
10.401605,2.2460938,15.234375,28.417969
