max_fitness,coverage1,coverage2,coverage3
10.049833,5.7617188,7.421875,23.242188
