max_fitness,coverage1,coverage2,coverage3
8.882775,6.7382812,5.859375,3.4179688
