max_fitness,coverage1,coverage2,coverage3
8.806727,6.3476562,8.496094,30.371094
