max_fitness,coverage1,coverage2,coverage3
10.049833,9.082031,36.328125,8.59375
