max_fitness,coverage1,coverage2,coverage3
6.0414405,8.59375,36.914062,7.1289062
