max_fitness,coverage1,coverage2,coverage3
4.0445557,2.34375,34.66797,9.082031
