max_fitness,coverage1,coverage2,coverage3
6.9315314,8.691406,35.546875,7.9101562
