max_fitness,coverage1,coverage2,coverage3
7.536928,6.0546875,8.203125,24.511719
