max_fitness,coverage1,coverage2,coverage3
10.587589,3.2226562,9.5703125,52.246094
