max_fitness,coverage1,coverage2,coverage3
8.504024,3.4179688,53.61328,14.6484375
