max_fitness,coverage1,coverage2,coverage3
4.0445557,2.5390625,7.5195312,54.003906
