max_fitness,coverage1,coverage2,coverage3
9.06701,2.8320312,53.710938,8.496094
