max_fitness,coverage1,coverage2,coverage3
8.882775,2.8320312,12.597656,21.777344
