max_fitness,coverage1,coverage2,coverage3
10.515777,7.8125,6.7382812,3.6132812
