max_fitness,coverage1,coverage2,coverage3
10.587589,10.15625,5.1757812,3.8085938
