max_fitness,coverage1,coverage2,coverage3
5.653757,1.3671875,4.6875,39.941406
