max_fitness,coverage1,coverage2,coverage3
8.806727,7.9101562,32.910156,9.863281
