max_fitness,coverage1,coverage2,coverage3
9.157978,2.4414062,57.714844,9.9609375
