max_fitness,coverage1,coverage2,coverage3
6.9315314,7.03125,6.8359375,22.265625
