max_fitness,coverage1,coverage2,coverage3
5.89104,3.3203125,11.1328125,46.09375
