max_fitness,coverage1,coverage2,coverage3
10.108876,3.125,13.28125,44.921875
