max_fitness,coverage1,coverage2,coverage3
10.434468,7.6171875,10.058594,31.152344
