max_fitness,coverage1,coverage2,coverage3
10.238633,3.0273438,15.8203125,27.832031
