max_fitness,coverage1,coverage2,coverage3
10.515777,2.6367188,17.480469,31.054688
