max_fitness,coverage1,coverage2,coverage3
0.87959373,0.09765625,4.0039062,12.011719
