max_fitness,coverage1,coverage2,coverage3
3.879994,3.0273438,2.4414062,2.4414062
