max_fitness,coverage1,coverage2,coverage3
10.512278,4.1992188,12.890625,51.464844
