max_fitness,coverage1,coverage2,coverage3
10.434468,11.621094,3.0273438,3.8085938
