max_fitness,coverage1,coverage2,coverage3
10.238633,2.2460938,56.640625,10.3515625
