max_fitness,coverage1,coverage2,coverage3
10.587589,3.6132812,53.710938,18.457031
