max_fitness,coverage1,coverage2,coverage3
6.9315314,11.9140625,3.3203125,3.2226562
