max_fitness,coverage1,coverage2,coverage3
3.4579766,2.4414062,35.351562,9.5703125
