max_fitness,coverage1,coverage2,coverage3
3.879994,1.3671875,36.035156,13.4765625
