max_fitness,coverage1,coverage2,coverage3
10.108876,3.7109375,51.171875,13.671875
