max_fitness,coverage1,coverage2,coverage3
9.157978,8.0078125,7.3242188,3.4179688
