max_fitness,coverage1,coverage2,coverage3
4.0445557,6.1523438,4.1992188,3.125
