max_fitness,coverage1,coverage2,coverage3
7.536928,8.691406,36.035156,9.667969
