max_fitness,coverage1,coverage2,coverage3
10.579874,4.0039062,12.792969,58.30078
