max_fitness,coverage1,coverage2,coverage3
10.434468,9.082031,37.98828,12.011719
