max_fitness,coverage1,coverage2,coverage3
10.515777,2.5390625,57.910156,12.988281
