max_fitness,coverage1,coverage2,coverage3
10.049833,11.71875,3.125,3.8085938
