max_fitness,coverage1,coverage2,coverage3
10.579874,3.3203125,53.61328,16.699219
