max_fitness,coverage1,coverage2,coverage3
10.108876,10.3515625,5.859375,4.296875
