max_fitness,coverage1,coverage2,coverage3
6.0414405,6.4453125,7.9101562,18.164062
