max_fitness,coverage1,coverage2,coverage3
0.87959373,0.29296875,40.527344,2.9296875
