max_fitness,coverage1,coverage2,coverage3
5.653757,1.6601562,34.86328,9.5703125
