max_fitness,coverage1,coverage2,coverage3
5.89104,4.1992188,55.95703,10.15625
