max_fitness,coverage1,coverage2,coverage3
5.653757,3.3203125,2.4414062,1.6601562
