max_fitness,coverage1,coverage2,coverage3
8.504024,10.449219,5.3710938,4.4921875
