max_fitness,coverage1,coverage2,coverage3
10.512278,3.515625,56.445312,13.28125
