max_fitness,coverage1,coverage2,coverage3
10.401605,7.9101562,6.8359375,3.515625
