max_fitness,coverage1,coverage2,coverage3
8.882775,3.2226562,56.835938,10.839844
