max_fitness,coverage1,coverage2,coverage3
10.326403,100.0,14.6484375,17.382812
