max_fitness,coverage1,coverage2,coverage3
10.5843115,100.0,12.011719,12.890625
