max_fitness,coverage1,coverage2,coverage3
10.068902,100.0,16.015625,15.8203125
