max_fitness,coverage1,coverage2,coverage3
0.88428706,0.5859375,38.085938,2.6367188
