max_fitness,coverage1,coverage2,coverage3
10.449953,15.917969,13.964844,56.347656
