max_fitness,coverage1,coverage2,coverage3
8.389852,100.0,13.769531,17.285156
