max_fitness,coverage1,coverage2,coverage3
0.88428706,0.390625,5.1757812,15.527344
