max_fitness,coverage1,coverage2,coverage3
0.87300116,0.48828125,5.5664062,14.84375
