max_fitness,coverage1,coverage2,coverage3
10.1767235,22.070312,12.402344,33.984375
