max_fitness,coverage1,coverage2,coverage3
10.390157,26.171875,38.378906,14.355469
