max_fitness,coverage1,coverage2,coverage3
8.838524,19.433594,9.082031,32.128906
