max_fitness,coverage1,coverage2,coverage3
10.13424,28.222656,40.039062,11.230469
