max_fitness,coverage1,coverage2,coverage3
10.13424,21.972656,10.3515625,33.59375
