max_fitness,coverage1,coverage2,coverage3
0.93333197,0.68359375,31.640625,2.8320312
