max_fitness,coverage1,coverage2,coverage3
10.323937,23.339844,11.425781,30.761719
