max_fitness,coverage1,coverage2,coverage3
7.83756,2.2460938,19.433594,34.375
