max_fitness,coverage1,coverage2,coverage3
9.031404,11.230469,13.4765625,59.86328
