max_fitness,coverage1,coverage2,coverage3
1.0310224,0.78125,37.304688,2.0507812
