max_fitness,coverage1,coverage2,coverage3
9.031404,99.70703,17.089844,15.332031
