max_fitness,coverage1,coverage2,coverage3
10.492432,14.746094,14.550781,50.78125
