max_fitness,coverage1,coverage2,coverage3
3.0587685,0.5859375,34.86328,5.5664062
