max_fitness,coverage1,coverage2,coverage3
1.0009327,0.48828125,37.597656,2.4414062
