max_fitness,coverage1,coverage2,coverage3
10.309163,15.4296875,12.792969,55.76172
