max_fitness,coverage1,coverage2,coverage3
7.8815675,2.8320312,2.4414062,1.953125
