max_fitness,coverage1,coverage2,coverage3
10.390157,100.0,13.183594,20.507812
