max_fitness,coverage1,coverage2,coverage3
8.389852,27.441406,37.402344,14.2578125
