max_fitness,coverage1,coverage2,coverage3
10.621638,3.0273438,17.578125,33.10547
