max_fitness,coverage1,coverage2,coverage3
10.471152,16.015625,55.859375,15.234375
