max_fitness,coverage1,coverage2,coverage3
8.817517,3.2226562,13.378906,22.265625
