max_fitness,coverage1,coverage2,coverage3
10.5843115,27.148438,37.79297,9.375
