max_fitness,coverage1,coverage2,coverage3
7.2532587,10.253906,8.496094,4.6875
