max_fitness,coverage1,coverage2,coverage3
10.326403,29.394531,41.992188,13.378906
