max_fitness,coverage1,coverage2,coverage3
10.449953,100.0,19.335938,22.070312
