max_fitness,coverage1,coverage2,coverage3
8.817517,11.425781,9.9609375,4.8828125
