max_fitness,coverage1,coverage2,coverage3
0.85206866,0.390625,5.2734375,16.40625
