max_fitness,coverage1,coverage2,coverage3
8.274697,99.609375,19.726562,17.1875
