max_fitness,coverage1,coverage2,coverage3
1.0009327,0.29296875,5.2734375,16.308594
