max_fitness,coverage1,coverage2,coverage3
10.390157,24.804688,10.839844,41.89453
