max_fitness,coverage1,coverage2,coverage3
10.323937,27.050781,38.183594,9.5703125
