max_fitness,coverage1,coverage2,coverage3
7.83756,6.640625,6.1523438,2.9296875
