max_fitness,coverage1,coverage2,coverage3
6.3518686,0.87890625,36.914062,9.667969
