max_fitness,coverage1,coverage2,coverage3
8.274697,27.832031,53.90625,13.964844
