max_fitness,coverage1,coverage2,coverage3
10.471152,14.746094,13.183594,52.246094
