max_fitness,coverage1,coverage2,coverage3
5.7192364,1.8554688,14.84375,26.660156
