max_fitness,coverage1,coverage2,coverage3
10.068902,15.917969,14.453125,49.51172
