max_fitness,coverage1,coverage2,coverage3
1.0310224,2.734375,2.34375,1.0742188
