max_fitness,coverage1,coverage2,coverage3
10.669969,12.597656,12.890625,53.125
