max_fitness,coverage1,coverage2,coverage3
8.838524,26.660156,38.476562,10.15625
