max_fitness,coverage1,coverage2,coverage3
10.5843115,20.117188,9.9609375,30.175781
