max_fitness,coverage1,coverage2,coverage3
8.817517,4.7851562,57.03125,7.2265625
