max_fitness,coverage1,coverage2,coverage3
7.2532587,4.9804688,57.8125,10.546875
