max_fitness,coverage1,coverage2,coverage3
0.85206866,0.390625,41.503906,3.3203125
