max_fitness,coverage1,coverage2,coverage3
7.4136734,1.953125,14.0625,28.613281
