max_fitness,coverage1,coverage2,coverage3
10.644563,6.5429688,6.0546875,3.0273438
