max_fitness,coverage1,coverage2,coverage3
8.626402,1.7578125,54.19922,7.2265625
