max_fitness,coverage1,coverage2,coverage3
5.745517,5.1757812,4.9804688,2.4414062
