max_fitness,coverage1,coverage2,coverage3
10.669969,14.355469,52.63672,15.0390625
