max_fitness,coverage1,coverage2,coverage3
7.2532587,3.8085938,12.988281,24.902344
