max_fitness,coverage1,coverage2,coverage3
10.386418,100.0,14.746094,13.378906
