max_fitness,coverage1,coverage2,coverage3
10.068902,22.949219,55.566406,9.375
