max_fitness,coverage1,coverage2,coverage3
9.384449,5.46875,4.8828125,3.2226562
