max_fitness,coverage1,coverage2,coverage3
6.3518686,3.4179688,3.125,1.4648438
