max_fitness,coverage1,coverage2,coverage3
3.0587685,0.5859375,5.2734375,20.117188
