max_fitness,coverage1,coverage2,coverage3
5.745517,1.6601562,12.402344,17.96875
