max_fitness,coverage1,coverage2,coverage3
6.3518686,0.78125,6.4453125,39.746094
