max_fitness,coverage1,coverage2,coverage3
10.669969,100.0,17.96875,18.652344
