max_fitness,coverage1,coverage2,coverage3
10.386418,25.878906,38.183594,10.839844
