max_fitness,coverage1,coverage2,coverage3
10.520744,100.0,19.921875,16.40625
