max_fitness,coverage1,coverage2,coverage3
7.4136734,8.496094,7.1289062,3.6132812
