max_fitness,coverage1,coverage2,coverage3
10.353656,22.167969,9.1796875,31.445312
