max_fitness,coverage1,coverage2,coverage3
1.0310224,0.390625,3.8085938,14.746094
