max_fitness,coverage1,coverage2,coverage3
8.274697,19.53125,12.109375,52.63672
