max_fitness,coverage1,coverage2,coverage3
9.384449,2.0507812,56.25,10.253906
