max_fitness,coverage1,coverage2,coverage3
10.492432,100.0,17.773438,19.726562
