max_fitness,coverage1,coverage2,coverage3
10.471152,99.70703,17.96875,19.140625
