max_fitness,coverage1,coverage2,coverage3
0.87300116,0.5859375,39.746094,3.125
