max_fitness,coverage1,coverage2,coverage3
10.386418,17.578125,12.109375,29.980469
