max_fitness,coverage1,coverage2,coverage3
9.031404,8.203125,51.26953,11.71875
