max_fitness,coverage1,coverage2,coverage3
5.7192364,7.3242188,6.25,3.2226562
