max_fitness,coverage1,coverage2,coverage3
10.621638,3.8085938,53.61328,14.84375
