max_fitness,coverage1,coverage2,coverage3
10.309163,17.578125,52.148438,14.355469
