max_fitness,coverage1,coverage2,coverage3
10.1767235,26.660156,38.671875,13.183594
