max_fitness,coverage1,coverage2,coverage3
7.8815675,1.0742188,6.640625,51.171875
