max_fitness,coverage1,coverage2,coverage3
0.85206866,3.125,2.9296875,1.0742188
