max_fitness,coverage1,coverage2,coverage3
7.8815675,1.0742188,36.816406,13.28125
