max_fitness,coverage1,coverage2,coverage3
8.626402,0.68359375,12.890625,21.191406
