max_fitness,coverage1,coverage2,coverage3
0.93333197,0.5859375,4.3945312,12.011719
