max_fitness,coverage1,coverage2,coverage3
10.394796,10.644531,54.296875,18.066406
