max_fitness,coverage1,coverage2,coverage3
7.4136734,3.0273438,55.76172,10.449219
