max_fitness,coverage1,coverage2,coverage3
10.326403,24.902344,10.9375,36.621094
