max_fitness,coverage1,coverage2,coverage3
10.621638,8.886719,7.6171875,5.859375
