max_fitness,coverage1,coverage2,coverage3
8.389852,23.828125,11.035156,35.9375
