max_fitness,coverage1,coverage2,coverage3
9.384449,2.1484375,14.941406,27.929688
