max_fitness,coverage1,coverage2,coverage3
10.353656,100.0,11.816406,16.796875
