max_fitness,coverage1,coverage2,coverage3
10.353656,28.515625,38.964844,11.621094
