max_fitness,coverage1,coverage2,coverage3
10.492432,9.863281,53.320312,13.378906
