max_fitness,coverage1,coverage2,coverage3
0.88428706,3.2226562,2.734375,1.2695312
