max_fitness,coverage1,coverage2,coverage3
10.644563,2.4414062,14.550781,24.414062
