max_fitness,coverage1,coverage2,coverage3
10.520744,16.503906,12.5,54.101562
