max_fitness,coverage1,coverage2,coverage3
10.394796,10.7421875,14.0625,58.007812
