max_fitness,coverage1,coverage2,coverage3
10.520744,21.777344,55.273438,14.355469
