max_fitness,coverage1,coverage2,coverage3
10.449953,15.332031,52.441406,15.4296875
